Product_ID,Machine_ID,Machine_Status,Queue_Length,Processing_Time,Worker_Available,Shift,Material_Type,Temperature,Previous_Wait_Time,Current_Wait_Time,Next_Machine,Recommended_Machine,Expected_Waiting_Time,Worker_Status,Machine_Load,Shift_Code,Queue_Category,Temperature_Level,Bottleneck_Flag,Delay_Level
P0328,Lathe_M1,Busy,6,33,No,Morning,Bearing_Steel_Chrome,39,12,12,Polishing_M3,Lathe_M1,29,0,1,0,Medium,Normal,0,High
P0347,Lathe_M1,Maintenance,20,43,Yes,Morning,Bearing_Steel_Chrome,82,20,27,Polishing_M3,Grinding_M2,11,1,2,0,High,Hot,1,Medium
P0259,Lathe_M1,Idle,10,28,No,Morning,Bearing_Stainless,77,5,44,Assembly_M4,Lathe_M1,24,0,0,0,Medium,Hot,0,High
P0389,Grinding_M2,Maintenance,2,26,No,Evening,Bearing_Steel_Chrome,77,3,28,Polishing_M3,Polishing_M3,12,0,2,,Low,Hot,0,Medium
P0053,Lathe_M1,Maintenance,5,6,Yes,Evening,Bearing_Stainless,84,22,37,Assembly_M4,Lathe_M1,12,1,2,,Medium,Hot,0,Medium
P0374,Assembly_M4,Busy,21,29,No,Morning,Ceramic_Hybrid,73,28,46,Assembly_M4,Polishing_M3,28,0,1,0,High,Hot,1,High
P0296,Grinding_M2,Busy,15,19,Yes,Night,Bearing_Steel_Chrome,71,20,48,Assembly_M4,Lathe_M1,23,1,1,2,High,Hot,1,High
P0438,Grinding_M2,Busy,19,7,No,Evening,Bearing_Stainless,61,20,11,Assembly_M4,Grinding_M2,21,0,1,,High,Warm,1,High
P0190,Polishing_M3,Idle,8,43,No,Night,Ceramic_Hybrid,42,5,29,Grinding_M2,Grinding_M2,28,0,0,2,Medium,Normal,0,High
P0274,Grinding_M2,Idle,13,13,No,Evening,Bearing_Stainless,50,22,6,Polishing_M3,Polishing_M3,20,0,0,,Medium,Warm,0,High
P0432,Lathe_M1,Idle,14,11,Yes,Evening,Bearing_Stainless,68,9,51,Assembly_M4,Lathe_M1,3,1,0,,Medium,Warm,0,Low
P0109,Polishing_M3,Idle,13,21,No,Evening,Ceramic_Hybrid,60,19,44,Packaging_Line,Grinding_M2,4,0,0,,Medium,Warm,0,Low
P0136,Grinding_M2,Idle,1,10,No,Night,Ceramic_Hybrid,78,11,8,Packaging_Line,Assembly_M4,22,0,0,2,Low,Hot,0,High
P0186,Grinding_M2,Idle,17,30,No,Morning,Bearing_Steel_Chrome,68,3,14,Grinding_M2,Grinding_M2,4,0,0,0,High,Warm,1,Low
P0322,Grinding_M2,Maintenance,13,35,Yes,Evening,Bearing_Stainless,72,16,12,Packaging_Line,Polishing_M3,14,1,2,,Medium,Hot,0,Medium
P0498,Lathe_M1,Busy,22,44,No,Night,Bearing_Stainless,45,17,49,Grinding_M2,Polishing_M3,18,0,1,2,High,Normal,1,Medium
P0223,Grinding_M2,Maintenance,14,28,Yes,Night,Ceramic_Hybrid,50,26,49,Assembly_M4,Grinding_M2,9,1,2,2,Medium,Warm,0,Low
P0260,Lathe_M1,Overloaded,14,5,Yes,Morning,Bearing_Stainless,49,8,13,Polishing_M3,Lathe_M1,24,1,3,0,Medium,Normal,0,High
P0307,Polishing_M3,Maintenance,0,12,Yes,Morning,Bearing_Stainless,48,12,55,Assembly_M4,Grinding_M2,17,1,2,0,Low,Normal,0,Medium
P0030,Grinding_M2,Busy,7,39,Yes,Night,Bearing_Stainless,59,2,9,Grinding_M2,Grinding_M2,10,1,1,2,Medium,Warm,0,Medium
P0066,Assembly_M4,Idle,6,32,No,Night,Ceramic_Hybrid,31,10,12,Packaging_Line,Grinding_M2,12,0,0,2,Medium,Normal,0,Medium
P0476,Grinding_M2,Overloaded,1,37,No,Night,Ceramic_Hybrid,72,24,27,Assembly_M4,Assembly_M4,24,0,3,2,Low,Hot,0,High
P0461,Assembly_M4,Busy,4,39,Yes,Morning,Bearing_Steel_Chrome,68,9,26,Assembly_M4,Lathe_M1,27,1,1,0,Low,Warm,0,High
P0302,Grinding_M2,Idle,2,5,Yes,Morning,Ceramic_Hybrid,59,6,51,Grinding_M2,Grinding_M2,14,1,0,0,Low,Warm,0,Medium
P0035,Lathe_M1,Overloaded,2,5,Yes,Night,Bearing_Steel_Chrome,29,27,59,Assembly_M4,Assembly_M4,14,1,3,2,Low,Normal,0,Medium
P0110,Grinding_M2,Maintenance,6,31,Yes,Evening,Bearing_Stainless,33,16,19,Polishing_M3,Lathe_M1,26,1,2,,Medium,Normal,0,High
P0050,Assembly_M4,Overloaded,9,17,No,Evening,Bearing_Stainless,75,8,53,Grinding_M2,Lathe_M1,20,0,3,,Medium,Hot,0,High
P0032,Assembly_M4,Overloaded,3,34,Yes,Morning,Bearing_Steel_Chrome,61,24,43,Polishing_M3,Assembly_M4,13,1,3,0,Low,Warm,0,Medium
P0072,Assembly_M4,Idle,14,33,No,Evening,Bearing_Steel_Chrome,60,14,36,Grinding_M2,Assembly_M4,7,0,0,,Medium,Warm,0,Low
P0414,Lathe_M1,Busy,18,26,Yes,Morning,Bearing_Steel_Chrome,52,3,46,Polishing_M3,Assembly_M4,13,1,1,0,High,Warm,1,Medium
P0249,Assembly_M4,Idle,24,10,No,Morning,Bearing_Steel_Chrome,52,29,48,Packaging_Line,Lathe_M1,12,0,0,0,High,Warm,1,Medium
P0200,Polishing_M3,Maintenance,19,34,No,Evening,Ceramic_Hybrid,35,27,59,Packaging_Line,Grinding_M2,28,0,2,,High,Normal,1,High
P0098,Polishing_M3,Idle,24,43,Yes,Night,Ceramic_Hybrid,57,2,31,Grinding_M2,Polishing_M3,25,1,0,2,High,Warm,1,High
P0030,Lathe_M1,Maintenance,19,17,Yes,Morning,Ceramic_Hybrid,65,4,43,Grinding_M2,Grinding_M2,6,1,2,0,High,Warm,1,Low
P0036,Lathe_M1,Idle,7,31,No,Morning,Ceramic_Hybrid,33,6,37,Polishing_M3,Lathe_M1,19,0,0,0,Medium,Normal,0,Medium
P0318,Lathe_M1,Maintenance,9,28,No,Evening,Bearing_Steel_Chrome,39,28,58,Assembly_M4,Grinding_M2,24,0,2,,Medium,Normal,0,High
P0136,Assembly_M4,Idle,8,16,No,Evening,Bearing_Stainless,63,3,7,Grinding_M2,Lathe_M1,17,0,0,,Medium,Warm,0,Medium
P0235,Lathe_M1,Busy,4,21,Yes,Night,Bearing_Stainless,83,18,6,Polishing_M3,Polishing_M3,2,1,1,2,Low,Hot,0,Low
P0452,Lathe_M1,Idle,21,27,No,Evening,Bearing_Steel_Chrome,61,2,5,Packaging_Line,Polishing_M3,19,0,0,,High,Warm,1,Medium
P0314,Lathe_M1,Overloaded,1,30,Yes,Morning,Bearing_Stainless,56,7,36,Grinding_M2,Lathe_M1,23,1,3,0,Low,Warm,0,High
P0381,Grinding_M2,Overloaded,3,15,No,Night,Bearing_Steel_Chrome,80,28,21,Assembly_M4,Grinding_M2,6,0,3,2,Low,Hot,0,Low
P0352,Polishing_M3,Maintenance,23,9,No,Morning,Bearing_Steel_Chrome,76,3,10,Packaging_Line,Polishing_M3,22,0,2,0,High,Hot,1,High
P0023,Lathe_M1,Overloaded,10,20,Yes,Night,Bearing_Stainless,57,10,10,Polishing_M3,Assembly_M4,16,1,3,2,Medium,Warm,0,Medium
P0283,Assembly_M4,Busy,2,24,Yes,Morning,Ceramic_Hybrid,84,28,40,Polishing_M3,Lathe_M1,19,1,1,0,Low,Hot,0,Medium
P0428,Polishing_M3,Idle,2,23,No,Morning,Bearing_Steel_Chrome,44,8,56,Assembly_M4,Polishing_M3,9,0,0,0,Low,Normal,0,Low
P0461,Lathe_M1,Overloaded,0,44,Yes,Night,Bearing_Steel_Chrome,63,19,44,Grinding_M2,Polishing_M3,1,1,3,2,Low,Warm,0,Low
P0400,Assembly_M4,Idle,10,32,Yes,Morning,Bearing_Steel_Chrome,81,26,54,Packaging_Line,Lathe_M1,23,1,0,0,Medium,Hot,0,High
P0092,Polishing_M3,Maintenance,9,39,Yes,Evening,Bearing_Steel_Chrome,31,29,20,Grinding_M2,Assembly_M4,26,1,2,,Medium,Normal,0,High
P0447,Lathe_M1,Maintenance,15,6,Yes,Morning,Bearing_Stainless,25,17,16,Assembly_M4,Polishing_M3,5,1,2,0,High,Normal,1,Low
P0421,Grinding_M2,Idle,4,36,Yes,Night,Bearing_Steel_Chrome,83,24,13,Packaging_Line,Polishing_M3,9,1,0,2,Low,Hot,0,Low
P0143,Lathe_M1,Overloaded,2,23,No,Night,Ceramic_Hybrid,72,17,7,Packaging_Line,Polishing_M3,20,0,3,2,Low,Hot,0,High
P0481,Lathe_M1,Busy,23,37,No,Morning,Ceramic_Hybrid,48,21,15,Assembly_M4,Lathe_M1,17,0,1,0,High,Normal,1,Medium
P0056,Assembly_M4,Overloaded,7,40,No,Evening,Ceramic_Hybrid,62,9,24,Grinding_M2,Assembly_M4,3,0,3,,Medium,Warm,0,Low
P0461,Grinding_M2,Overloaded,15,29,Yes,Night,Bearing_Stainless,59,26,33,Grinding_M2,Grinding_M2,18,1,3,2,High,Warm,1,Medium
P0187,Assembly_M4,Busy,13,22,No,Night,Bearing_Stainless,26,23,39,Grinding_M2,Polishing_M3,16,0,1,2,Medium,Normal,0,Medium
P0260,Polishing_M3,Maintenance,8,40,No,Evening,Ceramic_Hybrid,57,5,37,Assembly_M4,Grinding_M2,14,0,2,,Medium,Warm,0,Medium
P0099,Assembly_M4,Maintenance,20,24,Yes,Night,Ceramic_Hybrid,80,9,11,Assembly_M4,Assembly_M4,3,1,2,2,High,Hot,1,Low
P0281,Lathe_M1,Overloaded,16,37,No,Morning,Bearing_Stainless,72,13,55,Assembly_M4,Assembly_M4,22,0,3,0,High,Hot,1,High
P0227,Assembly_M4,Idle,22,26,No,Night,Bearing_Steel_Chrome,70,7,42,Grinding_M2,Polishing_M3,13,0,0,2,High,Hot,1,Medium
P0264,Polishing_M3,Busy,18,12,Yes,Night,Bearing_Stainless,51,28,38,Polishing_M3,Grinding_M2,21,1,1,2,High,Warm,1,High
P0076,Lathe_M1,Busy,0,32,Yes,Evening,Ceramic_Hybrid,71,2,9,Grinding_M2,Assembly_M4,28,1,1,,Low,Hot,0,High
P0213,Grinding_M2,Maintenance,15,23,No,Evening,Bearing_Steel_Chrome,28,4,53,Polishing_M3,Lathe_M1,17,0,2,,High,Normal,1,Medium
P0458,Lathe_M1,Maintenance,11,32,Yes,Morning,Ceramic_Hybrid,54,15,57,Packaging_Line,Lathe_M1,6,1,2,0,Medium,Warm,0,Low
P0286,Grinding_M2,Busy,2,41,No,Morning,Bearing_Stainless,48,18,50,Assembly_M4,Assembly_M4,21,0,1,0,Low,Normal,0,High
P0314,Assembly_M4,Maintenance,2,37,Yes,Night,Bearing_Stainless,76,22,36,Packaging_Line,Polishing_M3,23,1,2,2,Low,Hot,0,High
P0385,Grinding_M2,Overloaded,0,7,No,Night,Bearing_Steel_Chrome,42,26,46,Assembly_M4,Assembly_M4,22,0,3,2,Low,Normal,0,High
P0040,Polishing_M3,Idle,2,44,No,Evening,Bearing_Stainless,70,25,54,Grinding_M2,Grinding_M2,15,0,0,,Low,Hot,0,Medium
P0078,Grinding_M2,Maintenance,21,27,Yes,Night,Bearing_Steel_Chrome,26,28,46,Grinding_M2,Assembly_M4,2,1,2,2,High,Normal,1,Low
P0209,Polishing_M3,Maintenance,16,44,No,Morning,Bearing_Steel_Chrome,57,10,47,Packaging_Line,Assembly_M4,22,0,2,0,High,Warm,1,High
P0464,Lathe_M1,Maintenance,15,43,No,Morning,Bearing_Stainless,53,11,59,Assembly_M4,Assembly_M4,26,0,2,0,High,Warm,1,High
P0437,Assembly_M4,Idle,2,29,No,Morning,Bearing_Stainless,48,14,11,Packaging_Line,Assembly_M4,25,0,0,0,Low,Normal,0,High
P0015,Assembly_M4,Overloaded,3,24,No,Night,Bearing_Steel_Chrome,25,9,50,Packaging_Line,Grinding_M2,16,0,3,2,Low,Normal,0,Medium
P0319,Lathe_M1,Maintenance,13,16,Yes,Morning,Ceramic_Hybrid,75,24,19,Packaging_Line,Grinding_M2,28,1,2,0,Medium,Hot,0,High
P0444,Assembly_M4,Idle,1,6,Yes,Evening,Bearing_Stainless,56,24,26,Assembly_M4,Grinding_M2,19,1,0,,Low,Warm,0,Medium
P0233,Polishing_M3,Overloaded,24,26,No,Evening,Bearing_Stainless,82,27,26,Assembly_M4,Lathe_M1,17,0,3,,High,Hot,1,Medium
P0241,Lathe_M1,Busy,19,10,No,Morning,Ceramic_Hybrid,39,23,47,Grinding_M2,Lathe_M1,28,0,1,0,High,Normal,1,High
P0387,Lathe_M1,Idle,4,37,Yes,Morning,Ceramic_Hybrid,32,22,48,Polishing_M3,Grinding_M2,12,1,0,0,Low,Normal,0,Medium
P0065,Assembly_M4,Busy,4,43,Yes,Evening,Ceramic_Hybrid,28,7,49,Assembly_M4,Polishing_M3,20,1,1,,Low,Normal,0,High
P0086,Lathe_M1,Idle,14,39,No,Morning,Ceramic_Hybrid,79,9,56,Grinding_M2,Polishing_M3,16,0,0,0,Medium,Hot,0,Medium
P0295,Assembly_M4,Maintenance,12,34,Yes,Morning,Ceramic_Hybrid,43,18,23,Polishing_M3,Lathe_M1,28,1,2,0,Medium,Normal,0,High
P0357,Polishing_M3,Busy,22,30,Yes,Evening,Ceramic_Hybrid,61,27,57,Packaging_Line,Polishing_M3,23,1,1,,High,Warm,1,High
P0036,Polishing_M3,Busy,8,16,No,Evening,Bearing_Steel_Chrome,77,2,5,Packaging_Line,Polishing_M3,15,0,1,,Medium,Hot,0,Medium
P0326,Assembly_M4,Idle,1,36,No,Morning,Ceramic_Hybrid,78,17,29,Assembly_M4,Assembly_M4,8,0,0,0,Low,Hot,0,Low
P0239,Assembly_M4,Overloaded,12,5,No,Morning,Bearing_Steel_Chrome,40,8,9,Assembly_M4,Assembly_M4,22,0,3,0,Medium,Normal,0,High
P0125,Assembly_M4,Maintenance,22,7,No,Morning,Bearing_Stainless,36,27,20,Assembly_M4,Grinding_M2,19,0,2,0,High,Normal,1,Medium
P0250,Grinding_M2,Overloaded,4,26,No,Evening,Bearing_Stainless,81,15,32,Assembly_M4,Lathe_M1,5,0,3,,Low,Hot,0,Low
P0265,Grinding_M2,Busy,14,34,Yes,Night,Bearing_Stainless,70,21,9,Packaging_Line,Grinding_M2,12,1,1,2,Medium,Hot,0,Medium
P0354,Assembly_M4,Maintenance,15,30,No,Morning,Bearing_Steel_Chrome,50,17,25,Assembly_M4,Grinding_M2,7,0,2,0,High,Warm,1,Low
P0208,Grinding_M2,Overloaded,3,37,No,Evening,Ceramic_Hybrid,54,6,27,Assembly_M4,Assembly_M4,26,0,3,,Low,Warm,0,High
P0382,Polishing_M3,Overloaded,9,9,No,Evening,Bearing_Stainless,60,3,56,Assembly_M4,Grinding_M2,10,0,3,,Medium,Warm,0,Medium
P0062,Grinding_M2,Overloaded,18,36,Yes,Night,Ceramic_Hybrid,25,25,9,Polishing_M3,Grinding_M2,13,1,3,2,High,Normal,1,Medium
P0111,Assembly_M4,Overloaded,3,20,No,Morning,Bearing_Steel_Chrome,48,17,59,Assembly_M4,Grinding_M2,2,0,3,0,Low,Normal,0,Low
P0185,Grinding_M2,Overloaded,16,32,Yes,Night,Ceramic_Hybrid,56,28,24,Polishing_M3,Polishing_M3,24,1,3,2,High,Warm,1,High
P0024,Lathe_M1,Overloaded,11,39,Yes,Night,Bearing_Stainless,84,2,37,Grinding_M2,Lathe_M1,29,1,3,2,Medium,Hot,0,High
P0294,Polishing_M3,Maintenance,18,41,No,Evening,Bearing_Stainless,36,4,5,Polishing_M3,Lathe_M1,1,0,2,,High,Normal,1,Low
P0130,Assembly_M4,Busy,7,14,Yes,Evening,Bearing_Stainless,67,13,33,Grinding_M2,Lathe_M1,13,1,1,,Medium,Warm,0,Medium
P0078,Grinding_M2,Overloaded,11,35,Yes,Morning,Bearing_Steel_Chrome,70,3,55,Packaging_Line,Grinding_M2,18,1,3,0,Medium,Hot,0,Medium
P0398,Assembly_M4,Maintenance,2,27,No,Evening,Ceramic_Hybrid,41,27,12,Packaging_Line,Polishing_M3,29,0,2,,Low,Normal,0,High
P0292,Lathe_M1,Busy,9,30,Yes,Night,Bearing_Steel_Chrome,58,20,45,Assembly_M4,Lathe_M1,7,1,1,2,Medium,Warm,0,Low
P0081,Grinding_M2,Idle,3,15,Yes,Morning,Bearing_Steel_Chrome,53,25,40,Packaging_Line,Assembly_M4,25,1,0,0,Low,Warm,0,High
P0353,Assembly_M4,Overloaded,20,40,Yes,Morning,Bearing_Stainless,34,6,13,Assembly_M4,Assembly_M4,24,1,3,0,High,Normal,1,High
P0037,Grinding_M2,Overloaded,2,39,Yes,Evening,Bearing_Steel_Chrome,72,5,22,Polishing_M3,Grinding_M2,17,1,3,,Low,Hot,0,Medium
P0466,Polishing_M3,Idle,6,36,Yes,Morning,Bearing_Steel_Chrome,48,24,36,Assembly_M4,Polishing_M3,5,1,0,0,Medium,Normal,0,Low
P0225,Lathe_M1,Maintenance,11,17,No,Night,Bearing_Stainless,47,26,39,Assembly_M4,Assembly_M4,9,0,2,2,Medium,Normal,0,Low
P0225,Lathe_M1,Busy,16,24,No,Night,Bearing_Stainless,72,26,26,Assembly_M4,Lathe_M1,13,0,1,2,High,Hot,1,Medium
P0047,Grinding_M2,Busy,18,40,No,Night,Bearing_Steel_Chrome,36,10,23,Polishing_M3,Assembly_M4,12,0,1,2,High,Normal,1,Medium
P0266,Assembly_M4,Overloaded,8,11,Yes,Night,Bearing_Stainless,52,15,35,Packaging_Line,Lathe_M1,20,1,3,2,Medium,Warm,0,High
P0241,Polishing_M3,Maintenance,18,20,No,Evening,Ceramic_Hybrid,77,6,39,Grinding_M2,Grinding_M2,12,0,2,,High,Hot,1,Medium
P0169,Assembly_M4,Maintenance,24,25,No,Night,Bearing_Stainless,60,22,27,Grinding_M2,Assembly_M4,16,0,2,2,High,Warm,1,Medium
P0046,Polishing_M3,Overloaded,24,43,No,Morning,Bearing_Stainless,69,22,46,Grinding_M2,Assembly_M4,26,0,3,0,High,Warm,1,High
P0212,Lathe_M1,Idle,6,18,No,Night,Bearing_Stainless,55,27,9,Packaging_Line,Lathe_M1,3,0,0,2,Medium,Warm,0,Low
P0105,Polishing_M3,Idle,22,33,No,Evening,Ceramic_Hybrid,67,12,22,Packaging_Line,Lathe_M1,15,0,0,,High,Warm,1,Medium
P0015,Grinding_M2,Idle,11,13,No,Night,Bearing_Steel_Chrome,34,27,48,Packaging_Line,Lathe_M1,17,0,0,2,Medium,Normal,0,Medium
P0116,Lathe_M1,Maintenance,5,11,Yes,Night,Bearing_Steel_Chrome,70,14,44,Packaging_Line,Polishing_M3,10,1,2,2,Medium,Hot,0,Medium
P0261,Polishing_M3,Maintenance,8,31,No,Evening,Bearing_Steel_Chrome,82,3,9,Packaging_Line,Grinding_M2,29,0,2,,Medium,Hot,0,High
P0197,Grinding_M2,Idle,4,42,Yes,Evening,Bearing_Stainless,43,9,52,Assembly_M4,Polishing_M3,13,1,0,,Low,Normal,0,Medium
P0421,Lathe_M1,Overloaded,0,26,No,Night,Ceramic_Hybrid,76,18,11,Packaging_Line,Grinding_M2,25,0,3,2,Low,Hot,0,High
P0229,Assembly_M4,Overloaded,12,8,No,Night,Ceramic_Hybrid,60,7,35,Packaging_Line,Assembly_M4,19,0,3,2,Medium,Warm,0,Medium
P0478,Polishing_M3,Idle,11,43,Yes,Night,Bearing_Stainless,51,11,30,Polishing_M3,Assembly_M4,19,1,0,2,Medium,Warm,0,Medium
P0023,Polishing_M3,Maintenance,6,7,No,Evening,Ceramic_Hybrid,69,14,54,Polishing_M3,Assembly_M4,28,0,2,,Medium,Warm,0,High
P0494,Lathe_M1,Idle,19,32,No,Morning,Bearing_Stainless,32,10,43,Grinding_M2,Assembly_M4,1,0,0,0,High,Normal,1,Low
P0008,Grinding_M2,Maintenance,2,17,Yes,Morning,Bearing_Stainless,52,26,53,Assembly_M4,Polishing_M3,25,1,2,0,Low,Warm,0,High
P0320,Assembly_M4,Busy,23,37,No,Night,Ceramic_Hybrid,62,22,10,Packaging_Line,Polishing_M3,26,0,1,2,High,Warm,1,High
P0321,Assembly_M4,Busy,11,36,Yes,Morning,Ceramic_Hybrid,69,16,25,Assembly_M4,Grinding_M2,16,1,1,0,Medium,Warm,0,Medium
P0383,Lathe_M1,Maintenance,21,25,Yes,Night,Ceramic_Hybrid,35,29,41,Grinding_M2,Assembly_M4,4,1,2,2,High,Normal,1,Low
P0086,Polishing_M3,Busy,2,23,Yes,Evening,Bearing_Steel_Chrome,44,26,22,Assembly_M4,Polishing_M3,15,1,1,,Low,Normal,0,Medium
P0192,Assembly_M4,Idle,8,18,Yes,Night,Bearing_Stainless,39,2,57,Polishing_M3,Grinding_M2,22,1,0,2,Medium,Normal,0,High
P0090,Lathe_M1,Maintenance,21,7,Yes,Evening,Ceramic_Hybrid,40,24,15,Polishing_M3,Grinding_M2,12,1,2,,High,Normal,1,Medium
P0237,Polishing_M3,Maintenance,9,36,No,Night,Bearing_Steel_Chrome,40,9,42,Packaging_Line,Polishing_M3,12,0,2,2,Medium,Normal,0,Medium
P0347,Grinding_M2,Busy,23,32,No,Evening,Ceramic_Hybrid,77,9,32,Assembly_M4,Assembly_M4,4,0,1,,High,Hot,1,Low
P0354,Polishing_M3,Maintenance,7,32,No,Morning,Bearing_Stainless,52,6,45,Packaging_Line,Lathe_M1,4,0,2,0,Medium,Warm,0,Low
P0122,Assembly_M4,Overloaded,21,21,No,Night,Bearing_Stainless,33,2,57,Grinding_M2,Assembly_M4,20,0,3,2,High,Normal,1,High
P0141,Lathe_M1,Busy,12,32,No,Evening,Bearing_Steel_Chrome,72,14,50,Assembly_M4,Grinding_M2,3,0,1,,Medium,Hot,0,Low
P0326,Grinding_M2,Overloaded,5,22,Yes,Night,Bearing_Steel_Chrome,75,6,51,Grinding_M2,Polishing_M3,25,1,3,2,Medium,Hot,0,High
P0404,Assembly_M4,Busy,1,14,No,Night,Bearing_Steel_Chrome,80,19,49,Grinding_M2,Polishing_M3,5,0,1,2,Low,Hot,0,Low
P0168,Assembly_M4,Idle,22,37,Yes,Morning,Ceramic_Hybrid,78,2,22,Assembly_M4,Polishing_M3,15,1,0,0,High,Hot,1,Medium
P0426,Grinding_M2,Overloaded,16,15,No,Evening,Ceramic_Hybrid,45,27,29,Assembly_M4,Lathe_M1,22,0,3,,High,Normal,1,High
P0240,Lathe_M1,Idle,16,17,Yes,Night,Ceramic_Hybrid,57,3,45,Packaging_Line,Polishing_M3,3,1,0,2,High,Warm,1,Low
P0047,Assembly_M4,Busy,0,25,No,Night,Bearing_Steel_Chrome,72,24,10,Packaging_Line,Polishing_M3,28,0,1,2,Low,Hot,0,High
P0345,Polishing_M3,Maintenance,16,9,No,Morning,Ceramic_Hybrid,55,6,42,Polishing_M3,Assembly_M4,3,0,2,0,High,Warm,1,Low
P0013,Polishing_M3,Idle,20,27,Yes,Night,Bearing_Stainless,61,22,41,Assembly_M4,Assembly_M4,10,1,0,2,High,Warm,1,Medium
P0060,Grinding_M2,Busy,9,23,Yes,Evening,Bearing_Stainless,41,22,18,Grinding_M2,Lathe_M1,9,1,1,,Medium,Normal,0,Low
P0121,Grinding_M2,Maintenance,13,5,No,Evening,Ceramic_Hybrid,75,14,17,Packaging_Line,Grinding_M2,4,0,2,,Medium,Hot,0,Low
P0454,Assembly_M4,Busy,0,44,No,Night,Bearing_Stainless,56,3,32,Assembly_M4,Lathe_M1,8,0,1,2,Low,Warm,0,Low
P0354,Polishing_M3,Idle,6,30,No,Evening,Bearing_Steel_Chrome,82,3,58,Assembly_M4,Lathe_M1,22,0,0,,Medium,Hot,0,High
P0352,Polishing_M3,Overloaded,2,16,Yes,Evening,Bearing_Stainless,25,23,48,Polishing_M3,Lathe_M1,5,1,3,,Low,Normal,0,Low
P0486,Assembly_M4,Busy,24,21,Yes,Night,Ceramic_Hybrid,72,16,27,Grinding_M2,Lathe_M1,15,1,1,2,High,Hot,1,Medium
P0403,Polishing_M3,Idle,4,25,Yes,Night,Bearing_Steel_Chrome,38,3,15,Grinding_M2,Grinding_M2,19,1,0,2,Low,Normal,0,Medium
P0301,Grinding_M2,Idle,6,42,No,Morning,Ceramic_Hybrid,84,3,42,Grinding_M2,Polishing_M3,18,0,0,0,Medium,Hot,0,Medium
P0440,Grinding_M2,Idle,1,22,No,Morning,Bearing_Steel_Chrome,54,16,31,Grinding_M2,Grinding_M2,19,0,0,0,Low,Warm,0,Medium
P0008,Polishing_M3,Idle,1,42,No,Morning,Bearing_Steel_Chrome,57,25,19,Assembly_M4,Lathe_M1,28,0,0,0,Low,Warm,0,High
P0065,Assembly_M4,Busy,22,21,Yes,Evening,Bearing_Stainless,29,5,14,Assembly_M4,Lathe_M1,24,1,1,,High,Normal,1,High
P0232,Grinding_M2,Busy,16,14,No,Evening,Ceramic_Hybrid,41,29,24,Grinding_M2,Lathe_M1,24,0,1,,High,Normal,1,High
P0246,Assembly_M4,Maintenance,4,38,Yes,Evening,Ceramic_Hybrid,30,22,6,Packaging_Line,Lathe_M1,13,1,2,,Low,Normal,0,Medium
P0461,Lathe_M1,Overloaded,10,15,Yes,Morning,Bearing_Steel_Chrome,75,16,27,Assembly_M4,Polishing_M3,23,1,3,0,Medium,Hot,0,High
P0196,Polishing_M3,Maintenance,15,35,No,Morning,Ceramic_Hybrid,35,23,20,Grinding_M2,Grinding_M2,8,0,2,0,High,Normal,1,Low
P0221,Assembly_M4,Idle,3,44,No,Evening,Bearing_Stainless,28,25,29,Packaging_Line,Assembly_M4,3,0,0,,Low,Normal,0,Low
P0374,Lathe_M1,Overloaded,2,31,No,Evening,Ceramic_Hybrid,53,19,55,Assembly_M4,Polishing_M3,19,0,3,,Low,Warm,0,Medium
P0489,Grinding_M2,Maintenance,20,9,Yes,Morning,Bearing_Steel_Chrome,42,29,46,Grinding_M2,Assembly_M4,29,1,2,0,High,Normal,1,High
P0050,Polishing_M3,Idle,21,25,Yes,Night,Ceramic_Hybrid,30,2,9,Assembly_M4,Lathe_M1,9,1,0,2,High,Normal,1,Low
P0211,Polishing_M3,Maintenance,11,30,Yes,Evening,Ceramic_Hybrid,70,3,53,Assembly_M4,Polishing_M3,14,1,2,,Medium,Hot,0,Medium
P0054,Grinding_M2,Idle,12,31,No,Morning,Bearing_Steel_Chrome,33,27,51,Assembly_M4,Polishing_M3,25,0,0,0,Medium,Normal,0,High
P0059,Polishing_M3,Idle,21,34,No,Night,Ceramic_Hybrid,67,17,21,Grinding_M2,Polishing_M3,26,0,0,2,High,Warm,1,High
P0015,Grinding_M2,Overloaded,3,5,No,Evening,Bearing_Stainless,32,18,39,Grinding_M2,Grinding_M2,29,0,3,,Low,Normal,0,High
P0446,Grinding_M2,Maintenance,19,19,Yes,Morning,Ceramic_Hybrid,71,25,26,Grinding_M2,Lathe_M1,14,1,2,0,High,Hot,1,Medium
P0383,Grinding_M2,Maintenance,22,18,No,Evening,Bearing_Stainless,48,3,49,Polishing_M3,Polishing_M3,26,0,2,,High,Normal,1,High
P0160,Polishing_M3,Busy,13,11,Yes,Morning,Bearing_Steel_Chrome,27,16,27,Grinding_M2,Lathe_M1,14,1,1,0,Medium,Normal,0,Medium
P0140,Assembly_M4,Maintenance,10,22,No,Night,Bearing_Stainless,82,7,39,Packaging_Line,Polishing_M3,19,0,2,2,Medium,Hot,0,Medium
P0111,Lathe_M1,Overloaded,14,29,No,Morning,Bearing_Stainless,79,6,32,Packaging_Line,Polishing_M3,10,0,3,0,Medium,Hot,0,Medium
P0024,Grinding_M2,Maintenance,6,21,Yes,Morning,Bearing_Steel_Chrome,63,23,30,Assembly_M4,Grinding_M2,12,1,2,0,Medium,Warm,0,Medium
P0393,Grinding_M2,Overloaded,24,21,No,Evening,Bearing_Steel_Chrome,37,21,29,Grinding_M2,Assembly_M4,4,0,3,,High,Normal,1,Low
P0383,Assembly_M4,Idle,9,7,Yes,Evening,Ceramic_Hybrid,65,14,22,Polishing_M3,Polishing_M3,15,1,0,,Medium,Warm,0,Medium
P0037,Assembly_M4,Busy,3,26,No,Morning,Bearing_Stainless,58,16,12,Grinding_M2,Polishing_M3,8,0,1,0,Low,Warm,0,Low
P0295,Assembly_M4,Maintenance,16,23,No,Evening,Bearing_Steel_Chrome,66,10,41,Packaging_Line,Lathe_M1,6,0,2,,High,Warm,1,Low
P0495,Polishing_M3,Idle,19,30,No,Night,Bearing_Stainless,58,28,49,Grinding_M2,Assembly_M4,6,0,0,2,High,Warm,1,Low
P0433,Lathe_M1,Idle,4,37,No,Night,Bearing_Stainless,77,23,25,Grinding_M2,Assembly_M4,6,0,0,2,Low,Hot,0,Low
P0446,Polishing_M3,Overloaded,5,8,Yes,Evening,Bearing_Steel_Chrome,54,12,34,Grinding_M2,Lathe_M1,24,1,3,,Medium,Warm,0,High
P0272,Grinding_M2,Overloaded,22,13,No,Night,Ceramic_Hybrid,79,4,55,Polishing_M3,Grinding_M2,8,0,3,2,High,Hot,1,Low
P0053,Grinding_M2,Overloaded,4,40,Yes,Morning,Ceramic_Hybrid,48,7,6,Polishing_M3,Lathe_M1,20,1,3,0,Low,Normal,0,High
P0091,Assembly_M4,Maintenance,10,8,No,Night,Ceramic_Hybrid,39,7,58,Assembly_M4,Polishing_M3,17,0,2,2,Medium,Normal,0,Medium
P0078,Assembly_M4,Busy,23,42,No,Evening,Ceramic_Hybrid,75,26,6,Assembly_M4,Polishing_M3,15,0,1,,High,Hot,1,Medium
P0303,Lathe_M1,Overloaded,10,12,Yes,Evening,Bearing_Stainless,50,20,49,Packaging_Line,Lathe_M1,12,1,3,,Medium,Warm,0,Medium
P0030,Polishing_M3,Overloaded,4,10,Yes,Night,Bearing_Steel_Chrome,50,23,8,Packaging_Line,Assembly_M4,19,1,3,2,Low,Warm,0,Medium
P0298,Lathe_M1,Maintenance,19,37,Yes,Evening,Ceramic_Hybrid,44,18,16,Packaging_Line,Grinding_M2,15,1,2,,High,Normal,1,Medium
P0491,Lathe_M1,Maintenance,0,30,Yes,Evening,Ceramic_Hybrid,38,7,41,Grinding_M2,Grinding_M2,11,1,2,,Low,Normal,0,Medium
P0021,Grinding_M2,Maintenance,3,17,No,Night,Ceramic_Hybrid,67,4,37,Polishing_M3,Polishing_M3,6,0,2,2,Low,Warm,0,Low
P0191,Polishing_M3,Maintenance,17,14,No,Evening,Ceramic_Hybrid,29,24,14,Grinding_M2,Polishing_M3,12,0,2,,High,Normal,1,Medium
P0034,Polishing_M3,Busy,1,17,No,Evening,Bearing_Stainless,64,3,24,Polishing_M3,Polishing_M3,1,0,1,,Low,Warm,0,Low
P0042,Grinding_M2,Overloaded,4,13,No,Night,Ceramic_Hybrid,41,10,15,Packaging_Line,Grinding_M2,15,0,3,2,Low,Normal,0,Medium
P0305,Lathe_M1,Overloaded,23,42,No,Night,Bearing_Stainless,79,4,34,Polishing_M3,Lathe_M1,17,0,3,2,High,Hot,1,Medium
P0331,Assembly_M4,Overloaded,4,18,Yes,Evening,Bearing_Stainless,77,25,15,Polishing_M3,Grinding_M2,9,1,3,,Low,Hot,0,Low
P0175,Assembly_M4,Idle,1,16,Yes,Morning,Bearing_Steel_Chrome,59,4,5,Grinding_M2,Polishing_M3,8,1,0,0,Low,Warm,0,Low
P0433,Lathe_M1,Busy,21,33,No,Night,Bearing_Steel_Chrome,32,12,45,Packaging_Line,Grinding_M2,5,0,1,2,High,Normal,1,Low
P0084,Grinding_M2,Idle,13,34,No,Morning,Bearing_Stainless,59,22,41,Assembly_M4,Grinding_M2,5,0,0,0,Medium,Warm,0,Low
P0497,Assembly_M4,Overloaded,18,18,No,Morning,Ceramic_Hybrid,50,5,29,Polishing_M3,Polishing_M3,13,0,3,0,High,Warm,1,Medium
P0495,Assembly_M4,Idle,9,29,No,Night,Ceramic_Hybrid,42,9,12,Packaging_Line,Assembly_M4,7,0,0,2,Medium,Normal,0,Low
P0394,Polishing_M3,Maintenance,7,18,No,Morning,Bearing_Steel_Chrome,56,20,42,Polishing_M3,Polishing_M3,1,0,2,0,Medium,Warm,0,Low
P0027,Assembly_M4,Overloaded,22,19,Yes,Night,Ceramic_Hybrid,57,26,21,Grinding_M2,Polishing_M3,1,1,3,2,High,Warm,1,Low
P0043,Grinding_M2,Overloaded,14,6,No,Night,Bearing_Steel_Chrome,38,22,44,Packaging_Line,Lathe_M1,8,0,3,2,Medium,Normal,0,Low
P0485,Grinding_M2,Maintenance,18,43,No,Morning,Bearing_Stainless,75,7,10,Grinding_M2,Assembly_M4,3,0,2,0,High,Hot,1,Low
P0258,Polishing_M3,Idle,6,12,No,Morning,Bearing_Stainless,66,21,19,Polishing_M3,Lathe_M1,15,0,0,0,Medium,Warm,0,Medium
P0164,Lathe_M1,Overloaded,0,34,Yes,Morning,Bearing_Steel_Chrome,63,28,40,Assembly_M4,Assembly_M4,29,1,3,0,Low,Warm,0,High
P0357,Grinding_M2,Maintenance,5,37,No,Night,Bearing_Steel_Chrome,61,28,59,Grinding_M2,Lathe_M1,1,0,2,2,Medium,Warm,0,Low
P0132,Grinding_M2,Idle,3,26,No,Morning,Bearing_Stainless,26,11,9,Polishing_M3,Polishing_M3,27,0,0,0,Low,Normal,0,High
P0063,Lathe_M1,Idle,9,37,No,Night,Ceramic_Hybrid,78,7,17,Packaging_Line,Lathe_M1,15,0,0,2,Medium,Hot,0,Medium
P0057,Assembly_M4,Busy,3,28,Yes,Night,Bearing_Steel_Chrome,76,25,19,Assembly_M4,Assembly_M4,29,1,1,2,Low,Hot,0,High
P0001,Polishing_M3,Idle,7,9,No,Morning,Ceramic_Hybrid,53,16,8,Grinding_M2,Polishing_M3,12,0,0,0,Medium,Warm,0,Medium
P0035,Lathe_M1,Maintenance,12,6,No,Morning,Ceramic_Hybrid,51,20,55,Packaging_Line,Polishing_M3,4,0,2,0,Medium,Warm,0,Low
P0130,Lathe_M1,Overloaded,3,30,Yes,Evening,Bearing_Steel_Chrome,67,28,9,Grinding_M2,Polishing_M3,20,1,3,,Low,Warm,0,High
P0069,Lathe_M1,Overloaded,10,14,No,Night,Bearing_Steel_Chrome,64,7,10,Packaging_Line,Assembly_M4,8,0,3,2,Medium,Warm,0,Low
P0324,Grinding_M2,Idle,22,30,Yes,Night,Bearing_Stainless,70,12,16,Grinding_M2,Polishing_M3,26,1,0,2,High,Hot,1,High
P0104,Lathe_M1,Idle,12,44,Yes,Evening,Bearing_Stainless,42,26,37,Packaging_Line,Assembly_M4,15,1,0,,Medium,Normal,0,Medium
P0130,Lathe_M1,Idle,7,16,No,Evening,Bearing_Steel_Chrome,68,5,52,Assembly_M4,Polishing_M3,4,0,0,,Medium,Warm,0,Low
P0064,Polishing_M3,Maintenance,4,41,No,Night,Bearing_Stainless,32,11,53,Packaging_Line,Polishing_M3,28,0,2,2,Low,Normal,0,High
P0499,Grinding_M2,Maintenance,8,33,No,Evening,Ceramic_Hybrid,38,9,45,Assembly_M4,Lathe_M1,22,0,2,,Medium,Normal,0,High
P0373,Assembly_M4,Busy,10,27,No,Night,Bearing_Steel_Chrome,25,15,41,Assembly_M4,Polishing_M3,21,0,1,2,Medium,Normal,0,High
P0053,Lathe_M1,Overloaded,13,40,No,Evening,Bearing_Stainless,78,24,5,Packaging_Line,Grinding_M2,22,0,3,,Medium,Hot,0,High
P0354,Assembly_M4,Overloaded,22,44,No,Morning,Ceramic_Hybrid,39,22,51,Assembly_M4,Assembly_M4,9,0,3,0,High,Normal,1,Low
P0141,Lathe_M1,Busy,20,13,No,Evening,Ceramic_Hybrid,34,21,57,Polishing_M3,Lathe_M1,26,0,1,,High,Normal,1,High
P0074,Assembly_M4,Busy,8,39,Yes,Morning,Bearing_Steel_Chrome,76,26,30,Assembly_M4,Polishing_M3,11,1,1,0,Medium,Hot,0,Medium
P0197,Lathe_M1,Idle,5,6,No,Evening,Bearing_Stainless,31,19,31,Packaging_Line,Lathe_M1,2,0,0,,Medium,Normal,0,Low
P0294,Grinding_M2,Overloaded,16,28,No,Evening,Ceramic_Hybrid,49,8,56,Assembly_M4,Grinding_M2,6,0,3,,High,Normal,1,Low
P0492,Lathe_M1,Busy,20,28,Yes,Evening,Ceramic_Hybrid,57,18,33,Packaging_Line,Lathe_M1,11,1,1,,High,Warm,1,Medium
P0135,Polishing_M3,Maintenance,21,30,Yes,Night,Bearing_Stainless,52,19,25,Packaging_Line,Grinding_M2,17,1,2,2,High,Warm,1,Medium
P0063,Grinding_M2,Busy,6,21,No,Morning,Ceramic_Hybrid,44,10,53,Packaging_Line,Lathe_M1,20,0,1,0,Medium,Normal,0,High
P0415,Polishing_M3,Overloaded,21,26,Yes,Night,Ceramic_Hybrid,52,9,53,Assembly_M4,Polishing_M3,7,1,3,2,High,Warm,1,Low
P0436,Grinding_M2,Idle,0,36,No,Night,Bearing_Steel_Chrome,37,24,55,Grinding_M2,Grinding_M2,27,0,0,2,Low,Normal,0,High
P0406,Grinding_M2,Idle,23,23,No,Morning,Bearing_Stainless,56,18,49,Assembly_M4,Assembly_M4,29,0,0,0,High,Warm,1,High
P0412,Grinding_M2,Busy,15,44,Yes,Evening,Bearing_Stainless,43,19,5,Packaging_Line,Assembly_M4,14,1,1,,High,Normal,1,Medium
P0394,Assembly_M4,Busy,18,6,Yes,Evening,Ceramic_Hybrid,78,29,53,Grinding_M2,Assembly_M4,18,1,1,,High,Hot,1,Medium
P0239,Polishing_M3,Idle,5,8,Yes,Morning,Bearing_Stainless,25,9,33,Grinding_M2,Lathe_M1,23,1,0,0,Medium,Normal,0,High
P0266,Grinding_M2,Overloaded,6,7,Yes,Morning,Bearing_Stainless,56,11,14,Polishing_M3,Polishing_M3,19,1,3,0,Medium,Warm,0,Medium
P0486,Polishing_M3,Busy,13,38,No,Morning,Ceramic_Hybrid,84,2,27,Assembly_M4,Grinding_M2,23,0,1,0,Medium,Hot,0,High
P0321,Polishing_M3,Busy,17,11,Yes,Night,Ceramic_Hybrid,53,9,5,Polishing_M3,Grinding_M2,25,1,1,2,High,Warm,1,High
P0338,Polishing_M3,Busy,22,7,Yes,Morning,Bearing_Steel_Chrome,48,24,12,Assembly_M4,Grinding_M2,22,1,1,0,High,Normal,1,High
P0393,Assembly_M4,Busy,24,41,No,Night,Ceramic_Hybrid,27,20,37,Assembly_M4,Polishing_M3,28,0,1,2,High,Normal,1,High
P0248,Grinding_M2,Maintenance,14,12,No,Evening,Bearing_Steel_Chrome,58,4,36,Grinding_M2,Grinding_M2,24,0,2,,Medium,Warm,0,High
P0226,Assembly_M4,Maintenance,13,36,No,Morning,Bearing_Stainless,80,15,47,Polishing_M3,Polishing_M3,16,0,2,0,Medium,Hot,0,Medium
P0442,Polishing_M3,Overloaded,3,41,No,Morning,Bearing_Stainless,78,22,18,Grinding_M2,Polishing_M3,23,0,3,0,Low,Hot,0,High
P0124,Assembly_M4,Busy,15,22,No,Evening,Bearing_Steel_Chrome,31,11,11,Polishing_M3,Lathe_M1,1,0,1,,High,Normal,1,Low
P0026,Polishing_M3,Maintenance,22,25,No,Morning,Bearing_Steel_Chrome,43,17,23,Assembly_M4,Polishing_M3,4,0,2,0,High,Normal,1,Low
P0098,Grinding_M2,Maintenance,17,6,No,Evening,Bearing_Stainless,25,16,9,Packaging_Line,Lathe_M1,20,0,2,,High,Normal,1,High
P0047,Assembly_M4,Maintenance,10,6,Yes,Morning,Ceramic_Hybrid,27,24,59,Assembly_M4,Lathe_M1,12,1,2,0,Medium,Normal,0,Medium
P0026,Polishing_M3,Maintenance,19,9,No,Evening,Ceramic_Hybrid,61,7,34,Grinding_M2,Lathe_M1,9,0,2,,High,Warm,1,Low
P0221,Grinding_M2,Overloaded,1,39,No,Evening,Bearing_Stainless,76,27,26,Grinding_M2,Assembly_M4,12,0,3,,Low,Hot,0,Medium
P0027,Grinding_M2,Overloaded,23,21,No,Morning,Bearing_Stainless,34,25,50,Packaging_Line,Polishing_M3,23,0,3,0,High,Normal,1,High
P0423,Lathe_M1,Idle,16,21,Yes,Evening,Bearing_Stainless,38,10,44,Assembly_M4,Polishing_M3,2,1,0,,High,Normal,1,Low
P0387,Grinding_M2,Idle,12,29,No,Night,Bearing_Steel_Chrome,63,10,58,Grinding_M2,Lathe_M1,22,0,0,2,Medium,Warm,0,High
P0071,Polishing_M3,Maintenance,10,8,No,Morning,Ceramic_Hybrid,50,27,33,Polishing_M3,Polishing_M3,13,0,2,0,Medium,Warm,0,Medium
P0477,Polishing_M3,Idle,1,27,No,Night,Ceramic_Hybrid,61,12,10,Assembly_M4,Polishing_M3,18,0,0,2,Low,Warm,0,Medium
P0260,Assembly_M4,Overloaded,20,40,No,Morning,Bearing_Stainless,65,7,38,Assembly_M4,Lathe_M1,17,0,3,0,High,Warm,1,Medium
P0214,Polishing_M3,Busy,4,29,No,Evening,Ceramic_Hybrid,62,27,16,Polishing_M3,Lathe_M1,23,0,1,,Low,Warm,0,High
P0299,Assembly_M4,Idle,20,26,No,Morning,Ceramic_Hybrid,45,28,35,Polishing_M3,Lathe_M1,6,0,0,0,High,Normal,1,Low
P0294,Lathe_M1,Idle,7,38,Yes,Evening,Bearing_Stainless,36,14,57,Packaging_Line,Grinding_M2,7,1,0,,Medium,Normal,0,Low
P0212,Grinding_M2,Maintenance,9,21,No,Night,Ceramic_Hybrid,50,22,32,Grinding_M2,Grinding_M2,26,0,2,2,Medium,Warm,0,High
P0266,Grinding_M2,Overloaded,13,6,No,Night,Bearing_Stainless,84,23,47,Assembly_M4,Grinding_M2,1,0,3,2,Medium,Hot,0,Low
P0236,Polishing_M3,Overloaded,18,40,No,Night,Bearing_Stainless,75,27,33,Polishing_M3,Grinding_M2,21,0,3,2,High,Hot,1,High
P0143,Polishing_M3,Idle,10,44,No,Evening,Ceramic_Hybrid,35,5,53,Polishing_M3,Assembly_M4,27,0,0,,Medium,Normal,0,High
P0163,Assembly_M4,Overloaded,6,44,No,Evening,Bearing_Steel_Chrome,59,23,38,Packaging_Line,Assembly_M4,23,0,3,,Medium,Warm,0,High
P0420,Polishing_M3,Idle,14,28,No,Morning,Bearing_Stainless,78,23,9,Grinding_M2,Polishing_M3,24,0,0,0,Medium,Hot,0,High
P0474,Assembly_M4,Overloaded,0,40,No,Morning,Bearing_Steel_Chrome,71,21,23,Assembly_M4,Polishing_M3,3,0,3,0,Low,Hot,0,Low
P0071,Lathe_M1,Idle,19,21,Yes,Morning,Ceramic_Hybrid,83,14,47,Polishing_M3,Grinding_M2,2,1,0,0,High,Hot,1,Low
P0027,Lathe_M1,Maintenance,8,30,No,Night,Bearing_Stainless,26,22,13,Grinding_M2,Grinding_M2,9,0,2,2,Medium,Normal,0,Low
P0003,Grinding_M2,Maintenance,7,21,No,Evening,Ceramic_Hybrid,25,26,47,Polishing_M3,Polishing_M3,8,0,2,,Medium,Normal,0,Low
P0165,Polishing_M3,Busy,9,29,Yes,Night,Ceramic_Hybrid,63,4,7,Polishing_M3,Lathe_M1,18,1,1,2,Medium,Warm,0,Medium
P0468,Grinding_M2,Maintenance,4,34,Yes,Morning,Bearing_Stainless,62,3,16,Packaging_Line,Grinding_M2,19,1,2,0,Low,Warm,0,Medium
P0480,Polishing_M3,Busy,4,21,Yes,Evening,Ceramic_Hybrid,34,26,59,Grinding_M2,Polishing_M3,17,1,1,,Low,Normal,0,Medium
P0146,Assembly_M4,Maintenance,14,16,Yes,Night,Bearing_Stainless,40,25,23,Assembly_M4,Grinding_M2,8,1,2,2,Medium,Normal,0,Low
P0415,Lathe_M1,Overloaded,20,21,Yes,Night,Bearing_Stainless,47,6,58,Assembly_M4,Grinding_M2,16,1,3,2,High,Normal,1,Medium
P0008,Polishing_M3,Overloaded,5,12,Yes,Morning,Ceramic_Hybrid,49,19,29,Packaging_Line,Assembly_M4,12,1,3,0,Medium,Normal,0,Medium
P0264,Polishing_M3,Busy,14,30,No,Night,Bearing_Steel_Chrome,65,14,30,Polishing_M3,Grinding_M2,15,0,1,2,Medium,Warm,0,Medium
P0245,Polishing_M3,Idle,9,20,Yes,Evening,Bearing_Stainless,31,18,27,Polishing_M3,Assembly_M4,26,1,0,,Medium,Normal,0,High
P0386,Polishing_M3,Overloaded,20,26,No,Night,Ceramic_Hybrid,82,8,18,Grinding_M2,Polishing_M3,15,0,3,2,High,Hot,1,Medium
P0335,Polishing_M3,Idle,20,11,Yes,Night,Bearing_Steel_Chrome,33,20,52,Packaging_Line,Polishing_M3,8,1,0,2,High,Normal,1,Low
P0082,Assembly_M4,Overloaded,17,27,Yes,Night,Bearing_Stainless,53,19,35,Assembly_M4,Grinding_M2,20,1,3,2,High,Warm,1,High
P0113,Grinding_M2,Maintenance,6,39,Yes,Evening,Ceramic_Hybrid,42,28,46,Assembly_M4,Assembly_M4,7,1,2,,Medium,Normal,0,Low
P0360,Assembly_M4,Idle,16,18,Yes,Night,Ceramic_Hybrid,55,25,39,Grinding_M2,Assembly_M4,12,1,0,2,High,Warm,1,Medium
P0271,Polishing_M3,Busy,12,38,Yes,Morning,Ceramic_Hybrid,27,6,47,Polishing_M3,Grinding_M2,8,1,1,0,Medium,Normal,0,Low
P0085,Polishing_M3,Maintenance,22,27,Yes,Night,Bearing_Steel_Chrome,68,8,19,Packaging_Line,Lathe_M1,24,1,2,2,High,Warm,1,High
P0461,Assembly_M4,Busy,16,8,No,Morning,Ceramic_Hybrid,53,23,29,Packaging_Line,Assembly_M4,13,0,1,0,High,Warm,1,Medium
P0289,Lathe_M1,Maintenance,17,37,No,Night,Bearing_Steel_Chrome,40,14,46,Packaging_Line,Polishing_M3,12,0,2,2,High,Normal,1,Medium
P0419,Lathe_M1,Idle,1,39,Yes,Morning,Bearing_Stainless,66,3,34,Assembly_M4,Lathe_M1,27,1,0,0,Low,Warm,0,High
P0278,Lathe_M1,Busy,22,17,No,Morning,Bearing_Stainless,37,19,36,Packaging_Line,Grinding_M2,3,0,1,0,High,Normal,1,Low
P0394,Grinding_M2,Maintenance,6,33,No,Evening,Bearing_Stainless,73,22,48,Packaging_Line,Assembly_M4,25,0,2,,Medium,Hot,0,High
P0042,Grinding_M2,Overloaded,15,14,Yes,Morning,Ceramic_Hybrid,54,26,43,Packaging_Line,Grinding_M2,20,1,3,0,High,Warm,1,High
P0373,Grinding_M2,Busy,4,5,Yes,Evening,Bearing_Stainless,54,18,7,Packaging_Line,Assembly_M4,13,1,1,,Low,Warm,0,Medium
P0422,Grinding_M2,Idle,13,34,No,Evening,Bearing_Steel_Chrome,74,5,22,Assembly_M4,Grinding_M2,5,0,0,,Medium,Hot,0,Low
P0480,Lathe_M1,Busy,24,5,No,Night,Bearing_Steel_Chrome,77,15,19,Polishing_M3,Grinding_M2,9,0,1,2,High,Hot,1,Low
P0035,Lathe_M1,Busy,14,28,No,Night,Ceramic_Hybrid,28,13,41,Grinding_M2,Grinding_M2,29,0,1,2,Medium,Normal,0,High
P0380,Lathe_M1,Maintenance,4,10,No,Morning,Ceramic_Hybrid,63,25,50,Polishing_M3,Lathe_M1,24,0,2,0,Low,Warm,0,High
P0072,Polishing_M3,Idle,10,17,No,Night,Ceramic_Hybrid,58,26,11,Assembly_M4,Grinding_M2,20,0,0,2,Medium,Warm,0,High
P0155,Grinding_M2,Idle,3,12,No,Evening,Bearing_Stainless,44,23,57,Grinding_M2,Grinding_M2,19,0,0,,Low,Normal,0,Medium
P0321,Assembly_M4,Maintenance,12,14,Yes,Evening,Ceramic_Hybrid,67,3,30,Packaging_Line,Polishing_M3,9,1,2,,Medium,Warm,0,Low
P0357,Assembly_M4,Maintenance,16,7,Yes,Evening,Bearing_Stainless,80,7,9,Polishing_M3,Assembly_M4,5,1,2,,High,Hot,1,Low
P0124,Grinding_M2,Overloaded,21,27,Yes,Evening,Bearing_Steel_Chrome,73,10,39,Packaging_Line,Assembly_M4,20,1,3,,High,Hot,1,High
P0286,Grinding_M2,Maintenance,16,39,Yes,Evening,Bearing_Steel_Chrome,74,19,21,Assembly_M4,Lathe_M1,24,1,2,,High,Hot,1,High
P0473,Assembly_M4,Overloaded,2,36,Yes,Night,Ceramic_Hybrid,59,7,17,Polishing_M3,Lathe_M1,24,1,3,2,Low,Warm,0,High
P0138,Assembly_M4,Busy,14,29,Yes,Morning,Ceramic_Hybrid,33,5,18,Polishing_M3,Assembly_M4,5,1,1,0,Medium,Normal,0,Low
P0107,Polishing_M3,Overloaded,1,15,Yes,Morning,Bearing_Steel_Chrome,65,25,7,Grinding_M2,Assembly_M4,27,1,3,0,Low,Warm,0,High
P0469,Grinding_M2,Idle,8,7,No,Morning,Ceramic_Hybrid,49,3,16,Assembly_M4,Polishing_M3,10,0,0,0,Medium,Normal,0,Medium
P0195,Assembly_M4,Overloaded,8,19,No,Evening,Bearing_Stainless,64,26,9,Packaging_Line,Assembly_M4,11,0,3,,Medium,Warm,0,Medium
P0051,Assembly_M4,Overloaded,1,28,Yes,Evening,Bearing_Stainless,84,16,42,Packaging_Line,Lathe_M1,8,1,3,,Low,Hot,0,Low
P0289,Grinding_M2,Idle,4,30,Yes,Evening,Ceramic_Hybrid,42,7,41,Packaging_Line,Polishing_M3,28,1,0,,Low,Normal,0,High
P0079,Grinding_M2,Overloaded,15,17,Yes,Evening,Ceramic_Hybrid,52,6,17,Polishing_M3,Assembly_M4,17,1,3,,High,Warm,1,Medium
P0282,Polishing_M3,Overloaded,17,44,No,Night,Ceramic_Hybrid,69,20,7,Packaging_Line,Assembly_M4,24,0,3,2,High,Warm,1,High
P0087,Polishing_M3,Idle,7,38,Yes,Night,Ceramic_Hybrid,64,28,17,Packaging_Line,Grinding_M2,13,1,0,2,Medium,Warm,0,Medium
P0470,Lathe_M1,Busy,0,10,Yes,Night,Bearing_Steel_Chrome,48,20,20,Grinding_M2,Assembly_M4,8,1,1,2,Low,Normal,0,Low
P0071,Grinding_M2,Busy,0,17,Yes,Morning,Bearing_Steel_Chrome,67,14,29,Packaging_Line,Polishing_M3,21,1,1,0,Low,Warm,0,High
P0031,Assembly_M4,Maintenance,9,40,Yes,Morning,Ceramic_Hybrid,51,7,11,Packaging_Line,Lathe_M1,5,1,2,0,Medium,Warm,0,Low
P0009,Polishing_M3,Overloaded,10,35,Yes,Night,Ceramic_Hybrid,47,11,14,Packaging_Line,Grinding_M2,11,1,3,2,Medium,Normal,0,Medium
P0055,Lathe_M1,Idle,20,34,Yes,Morning,Ceramic_Hybrid,63,19,40,Assembly_M4,Polishing_M3,2,1,0,0,High,Warm,1,Low
P0137,Assembly_M4,Busy,13,17,No,Evening,Bearing_Stainless,53,13,43,Polishing_M3,Grinding_M2,2,0,1,,Medium,Warm,0,Low
P0154,Lathe_M1,Busy,12,31,Yes,Evening,Bearing_Stainless,73,10,21,Packaging_Line,Assembly_M4,8,1,1,,Medium,Hot,0,Low
P0029,Lathe_M1,Idle,1,28,Yes,Evening,Bearing_Stainless,69,4,52,Assembly_M4,Lathe_M1,6,1,0,,Low,Warm,0,Low
P0459,Lathe_M1,Idle,18,34,Yes,Night,Ceramic_Hybrid,31,11,45,Packaging_Line,Polishing_M3,2,1,0,2,High,Normal,1,Low
P0024,Lathe_M1,Overloaded,14,34,Yes,Morning,Bearing_Stainless,61,23,8,Grinding_M2,Grinding_M2,20,1,3,0,Medium,Warm,0,High
P0301,Grinding_M2,Maintenance,3,8,Yes,Evening,Bearing_Steel_Chrome,51,18,16,Polishing_M3,Assembly_M4,22,1,2,,Low,Warm,0,High
P0347,Polishing_M3,Maintenance,16,14,Yes,Night,Ceramic_Hybrid,78,2,26,Grinding_M2,Polishing_M3,26,1,2,2,High,Hot,1,High
P0028,Lathe_M1,Maintenance,23,22,Yes,Morning,Bearing_Stainless,74,15,51,Packaging_Line,Polishing_M3,29,1,2,0,High,Hot,1,High
P0016,Polishing_M3,Maintenance,11,40,No,Morning,Bearing_Stainless,83,4,56,Packaging_Line,Assembly_M4,29,0,2,0,Medium,Hot,0,High
P0096,Assembly_M4,Busy,11,11,No,Morning,Ceramic_Hybrid,53,12,37,Grinding_M2,Lathe_M1,6,0,1,0,Medium,Warm,0,Low
P0138,Grinding_M2,Maintenance,14,19,Yes,Night,Bearing_Stainless,56,20,15,Assembly_M4,Polishing_M3,26,1,2,2,Medium,Warm,0,High
P0055,Lathe_M1,Busy,22,30,No,Evening,Bearing_Stainless,58,15,38,Assembly_M4,Lathe_M1,29,0,1,,High,Warm,1,High
P0068,Lathe_M1,Idle,3,21,No,Evening,Ceramic_Hybrid,59,14,45,Packaging_Line,Lathe_M1,7,0,0,,Low,Warm,0,Low
P0014,Lathe_M1,Overloaded,14,33,Yes,Night,Ceramic_Hybrid,53,12,56,Assembly_M4,Assembly_M4,2,1,3,2,Medium,Warm,0,Low
P0007,Polishing_M3,Maintenance,14,18,No,Morning,Ceramic_Hybrid,44,23,15,Polishing_M3,Grinding_M2,27,0,2,0,Medium,Normal,0,High
P0351,Assembly_M4,Idle,2,21,Yes,Evening,Bearing_Stainless,68,25,32,Assembly_M4,Assembly_M4,29,1,0,,Low,Warm,0,High
P0075,Lathe_M1,Idle,20,20,No,Evening,Bearing_Stainless,61,28,24,Assembly_M4,Assembly_M4,6,0,0,,High,Warm,1,Low
P0401,Lathe_M1,Overloaded,18,9,No,Morning,Ceramic_Hybrid,27,28,5,Packaging_Line,Grinding_M2,26,0,3,0,High,Normal,1,High
P0235,Lathe_M1,Idle,5,19,No,Morning,Bearing_Stainless,58,4,53,Assembly_M4,Assembly_M4,25,0,0,0,Medium,Warm,0,High
P0412,Polishing_M3,Maintenance,23,16,No,Evening,Ceramic_Hybrid,42,16,48,Polishing_M3,Polishing_M3,16,0,2,,High,Normal,1,Medium
P0165,Grinding_M2,Maintenance,7,29,No,Morning,Bearing_Stainless,41,22,12,Assembly_M4,Polishing_M3,15,0,2,0,Medium,Normal,0,Medium
P0377,Assembly_M4,Idle,13,11,No,Evening,Bearing_Stainless,27,13,57,Packaging_Line,Polishing_M3,24,0,0,,Medium,Normal,0,High
P0059,Grinding_M2,Idle,2,24,Yes,Night,Bearing_Stainless,70,16,29,Polishing_M3,Assembly_M4,14,1,0,2,Low,Hot,0,Medium
P0409,Polishing_M3,Busy,6,21,No,Night,Bearing_Stainless,68,21,40,Polishing_M3,Polishing_M3,9,0,1,2,Medium,Warm,0,Low
P0124,Polishing_M3,Idle,5,26,No,Evening,Bearing_Steel_Chrome,78,22,57,Packaging_Line,Assembly_M4,2,0,0,,Medium,Hot,0,Low
P0299,Assembly_M4,Maintenance,23,12,Yes,Evening,Ceramic_Hybrid,35,14,21,Grinding_M2,Lathe_M1,8,1,2,,High,Normal,1,Low
P0394,Grinding_M2,Overloaded,20,22,Yes,Night,Ceramic_Hybrid,54,19,50,Grinding_M2,Assembly_M4,15,1,3,2,High,Warm,1,Medium
P0496,Polishing_M3,Maintenance,5,36,Yes,Morning,Bearing_Steel_Chrome,35,14,29,Assembly_M4,Grinding_M2,1,1,2,0,Medium,Normal,0,Low
P0262,Grinding_M2,Maintenance,5,12,No,Evening,Bearing_Stainless,35,23,55,Polishing_M3,Polishing_M3,24,0,2,,Medium,Normal,0,High
P0013,Assembly_M4,Busy,8,21,No,Evening,Bearing_Steel_Chrome,36,26,50,Grinding_M2,Grinding_M2,15,0,1,,Medium,Normal,0,Medium
P0179,Polishing_M3,Overloaded,15,26,No,Morning,Ceramic_Hybrid,52,21,37,Packaging_Line,Polishing_M3,10,0,3,0,High,Warm,1,Medium
P0244,Lathe_M1,Maintenance,7,36,No,Evening,Bearing_Steel_Chrome,74,29,37,Assembly_M4,Lathe_M1,2,0,2,,Medium,Hot,0,Low
P0415,Lathe_M1,Busy,0,37,No,Night,Bearing_Steel_Chrome,65,14,34,Polishing_M3,Grinding_M2,1,0,1,2,Low,Warm,0,Low
P0265,Grinding_M2,Idle,12,30,No,Night,Bearing_Stainless,46,8,6,Packaging_Line,Grinding_M2,6,0,0,2,Medium,Normal,0,Low
P0409,Assembly_M4,Idle,6,30,Yes,Night,Ceramic_Hybrid,70,27,54,Packaging_Line,Assembly_M4,15,1,0,2,Medium,Hot,0,Medium
P0015,Grinding_M2,Maintenance,1,44,No,Evening,Bearing_Steel_Chrome,35,4,10,Polishing_M3,Grinding_M2,9,0,2,,Low,Normal,0,Low
P0143,Lathe_M1,Busy,5,13,Yes,Evening,Bearing_Stainless,63,10,54,Polishing_M3,Assembly_M4,12,1,1,,Medium,Warm,0,Medium
P0059,Polishing_M3,Maintenance,7,12,No,Night,Bearing_Stainless,74,29,24,Packaging_Line,Lathe_M1,15,0,2,2,Medium,Hot,0,Medium
P0179,Polishing_M3,Maintenance,6,15,Yes,Night,Ceramic_Hybrid,44,17,8,Assembly_M4,Lathe_M1,6,1,2,2,Medium,Normal,0,Low
P0345,Grinding_M2,Overloaded,21,30,Yes,Morning,Bearing_Stainless,27,10,46,Grinding_M2,Grinding_M2,14,1,3,0,High,Normal,1,Medium
P0192,Grinding_M2,Maintenance,10,22,No,Night,Bearing_Steel_Chrome,78,13,27,Packaging_Line,Assembly_M4,12,0,2,2,Medium,Hot,0,Medium
P0096,Assembly_M4,Idle,12,29,Yes,Evening,Bearing_Stainless,69,20,23,Polishing_M3,Grinding_M2,23,1,0,,Medium,Warm,0,High
P0162,Assembly_M4,Busy,13,40,No,Morning,Bearing_Stainless,69,9,33,Polishing_M3,Grinding_M2,23,0,1,0,Medium,Warm,0,High
P0418,Assembly_M4,Maintenance,20,36,No,Night,Bearing_Stainless,75,13,22,Packaging_Line,Assembly_M4,6,0,2,2,High,Hot,1,Low
P0251,Grinding_M2,Busy,17,23,Yes,Morning,Bearing_Stainless,46,6,36,Grinding_M2,Polishing_M3,24,1,1,0,High,Normal,1,High
P0116,Polishing_M3,Idle,8,7,No,Night,Ceramic_Hybrid,52,11,55,Packaging_Line,Lathe_M1,3,0,0,2,Medium,Warm,0,Low
P0294,Lathe_M1,Overloaded,21,19,No,Night,Bearing_Steel_Chrome,57,8,16,Packaging_Line,Grinding_M2,17,0,3,2,High,Warm,1,Medium
P0218,Lathe_M1,Idle,20,35,No,Morning,Bearing_Stainless,82,25,24,Assembly_M4,Polishing_M3,5,0,0,0,High,Hot,1,Low
P0442,Lathe_M1,Maintenance,3,32,Yes,Morning,Bearing_Steel_Chrome,68,21,28,Assembly_M4,Assembly_M4,18,1,2,0,Low,Warm,0,Medium
P0085,Grinding_M2,Idle,16,36,Yes,Morning,Ceramic_Hybrid,65,5,57,Assembly_M4,Polishing_M3,2,1,0,0,High,Warm,1,Low
P0306,Grinding_M2,Overloaded,3,6,No,Evening,Ceramic_Hybrid,39,3,40,Assembly_M4,Lathe_M1,6,0,3,,Low,Normal,0,Low
P0070,Assembly_M4,Busy,6,16,No,Night,Bearing_Steel_Chrome,27,14,22,Polishing_M3,Grinding_M2,8,0,1,2,Medium,Normal,0,Low
P0075,Polishing_M3,Idle,20,19,No,Evening,Bearing_Steel_Chrome,57,4,30,Assembly_M4,Assembly_M4,8,0,0,,High,Warm,1,Low
P0193,Assembly_M4,Busy,3,34,Yes,Evening,Ceramic_Hybrid,47,11,48,Assembly_M4,Polishing_M3,14,1,1,,Low,Normal,0,Medium
P0233,Assembly_M4,Overloaded,13,6,Yes,Night,Bearing_Steel_Chrome,79,6,9,Packaging_Line,Polishing_M3,6,1,3,2,Medium,Hot,0,Low
P0436,Lathe_M1,Maintenance,12,18,Yes,Evening,Bearing_Steel_Chrome,80,8,29,Packaging_Line,Polishing_M3,20,1,2,,Medium,Hot,0,High
P0166,Polishing_M3,Overloaded,1,43,Yes,Night,Bearing_Stainless,30,18,29,Assembly_M4,Lathe_M1,25,1,3,2,Low,Normal,0,High
P0024,Lathe_M1,Maintenance,1,39,Yes,Morning,Bearing_Steel_Chrome,61,6,5,Packaging_Line,Assembly_M4,8,1,2,0,Low,Warm,0,Low
P0001,Assembly_M4,Idle,11,40,Yes,Night,Bearing_Stainless,69,24,51,Polishing_M3,Polishing_M3,11,1,0,2,Medium,Warm,0,Medium
P0048,Polishing_M3,Overloaded,9,7,Yes,Evening,Ceramic_Hybrid,78,15,20,Polishing_M3,Lathe_M1,10,1,3,,Medium,Hot,0,Medium
P0203,Polishing_M3,Idle,9,16,No,Night,Bearing_Steel_Chrome,54,10,5,Grinding_M2,Lathe_M1,5,0,0,2,Medium,Warm,0,Low
P0110,Assembly_M4,Busy,19,12,Yes,Night,Bearing_Steel_Chrome,67,13,5,Packaging_Line,Lathe_M1,25,1,1,2,High,Warm,1,High
P0005,Polishing_M3,Busy,21,24,No,Night,Bearing_Steel_Chrome,52,26,47,Packaging_Line,Lathe_M1,5,0,1,2,High,Warm,1,Low
P0118,Assembly_M4,Busy,14,41,Yes,Morning,Bearing_Stainless,36,6,53,Assembly_M4,Polishing_M3,17,1,1,0,Medium,Normal,0,Medium
P0071,Assembly_M4,Idle,23,32,Yes,Morning,Ceramic_Hybrid,71,16,10,Grinding_M2,Grinding_M2,12,1,0,0,High,Hot,1,Medium
P0226,Polishing_M3,Idle,19,18,Yes,Evening,Ceramic_Hybrid,26,10,41,Packaging_Line,Grinding_M2,20,1,0,,High,Normal,1,High
P0045,Lathe_M1,Idle,0,39,Yes,Night,Ceramic_Hybrid,30,6,57,Packaging_Line,Polishing_M3,27,1,0,2,Low,Normal,0,High
P0494,Assembly_M4,Overloaded,4,37,Yes,Morning,Bearing_Stainless,73,20,18,Grinding_M2,Grinding_M2,12,1,3,0,Low,Hot,0,Medium
P0284,Polishing_M3,Busy,9,24,No,Morning,Ceramic_Hybrid,77,19,28,Polishing_M3,Assembly_M4,27,0,1,0,Medium,Hot,0,High
P0152,Lathe_M1,Idle,10,38,No,Evening,Bearing_Steel_Chrome,49,19,33,Polishing_M3,Assembly_M4,25,0,0,,Medium,Normal,0,High
P0327,Lathe_M1,Busy,6,35,No,Evening,Bearing_Steel_Chrome,80,16,47,Packaging_Line,Assembly_M4,18,0,1,,Medium,Hot,0,Medium
P0188,Grinding_M2,Maintenance,22,42,Yes,Morning,Ceramic_Hybrid,44,24,49,Grinding_M2,Lathe_M1,20,1,2,0,High,Normal,1,High
P0135,Grinding_M2,Busy,15,12,Yes,Evening,Ceramic_Hybrid,74,22,5,Assembly_M4,Assembly_M4,23,1,1,,High,Hot,1,High
P0217,Assembly_M4,Busy,7,33,Yes,Evening,Bearing_Steel_Chrome,56,7,9,Assembly_M4,Lathe_M1,15,1,1,,Medium,Warm,0,Medium
P0262,Grinding_M2,Idle,21,38,No,Evening,Ceramic_Hybrid,25,24,59,Grinding_M2,Polishing_M3,26,0,0,,High,Normal,1,High
P0358,Assembly_M4,Idle,10,14,Yes,Morning,Bearing_Steel_Chrome,54,19,22,Packaging_Line,Lathe_M1,17,1,0,0,Medium,Warm,0,Medium
P0233,Lathe_M1,Overloaded,7,44,Yes,Morning,Bearing_Steel_Chrome,73,13,31,Polishing_M3,Lathe_M1,8,1,3,0,Medium,Hot,0,Low
P0084,Assembly_M4,Overloaded,24,8,No,Morning,Bearing_Stainless,57,2,23,Polishing_M3,Polishing_M3,16,0,3,0,High,Warm,1,Medium
P0376,Lathe_M1,Busy,13,9,No,Evening,Bearing_Stainless,65,27,32,Grinding_M2,Polishing_M3,2,0,1,,Medium,Warm,0,Low
P0365,Lathe_M1,Maintenance,17,10,No,Night,Bearing_Stainless,33,2,45,Grinding_M2,Assembly_M4,25,0,2,2,High,Normal,1,High
P0440,Grinding_M2,Overloaded,15,17,Yes,Evening,Bearing_Steel_Chrome,33,22,17,Grinding_M2,Grinding_M2,9,1,3,,High,Normal,1,Low
P0380,Lathe_M1,Busy,10,8,Yes,Morning,Bearing_Steel_Chrome,58,7,50,Packaging_Line,Polishing_M3,4,1,1,0,Medium,Warm,0,Low
P0197,Grinding_M2,Idle,5,23,Yes,Night,Ceramic_Hybrid,30,3,22,Packaging_Line,Grinding_M2,13,1,0,2,Medium,Normal,0,Medium
P0165,Grinding_M2,Maintenance,8,27,No,Evening,Bearing_Steel_Chrome,43,14,15,Assembly_M4,Lathe_M1,1,0,2,,Medium,Normal,0,Low
P0258,Lathe_M1,Idle,23,11,Yes,Night,Bearing_Steel_Chrome,49,22,19,Packaging_Line,Lathe_M1,1,1,0,2,High,Normal,1,Low
P0450,Assembly_M4,Overloaded,11,11,No,Evening,Bearing_Steel_Chrome,39,22,23,Packaging_Line,Lathe_M1,28,0,3,,Medium,Normal,0,High
P0189,Grinding_M2,Overloaded,24,37,No,Night,Ceramic_Hybrid,73,18,39,Polishing_M3,Assembly_M4,12,0,3,2,High,Hot,1,Medium
P0189,Assembly_M4,Idle,5,30,Yes,Morning,Bearing_Steel_Chrome,35,4,12,Packaging_Line,Lathe_M1,14,1,0,0,Medium,Normal,0,Medium
P0120,Polishing_M3,Busy,13,14,No,Morning,Ceramic_Hybrid,26,15,13,Packaging_Line,Polishing_M3,3,0,1,0,Medium,Normal,0,Low
P0054,Grinding_M2,Idle,20,30,No,Evening,Bearing_Steel_Chrome,32,17,6,Polishing_M3,Polishing_M3,6,0,0,,High,Normal,1,Low
P0048,Lathe_M1,Idle,20,33,No,Night,Bearing_Stainless,50,26,16,Packaging_Line,Lathe_M1,5,0,0,2,High,Warm,1,Low
P0298,Lathe_M1,Idle,1,41,No,Morning,Ceramic_Hybrid,39,13,40,Grinding_M2,Assembly_M4,15,0,0,0,Low,Normal,0,Medium
P0340,Grinding_M2,Idle,10,27,No,Evening,Bearing_Stainless,30,15,54,Packaging_Line,Polishing_M3,12,0,0,,Medium,Normal,0,Medium
P0163,Assembly_M4,Overloaded,10,25,Yes,Morning,Bearing_Steel_Chrome,47,12,59,Polishing_M3,Lathe_M1,16,1,3,0,Medium,Normal,0,Medium
P0080,Lathe_M1,Idle,14,19,No,Evening,Bearing_Stainless,49,5,15,Packaging_Line,Lathe_M1,19,0,0,,Medium,Normal,0,Medium
P0275,Polishing_M3,Idle,14,8,No,Evening,Bearing_Stainless,45,14,26,Assembly_M4,Lathe_M1,19,0,0,,Medium,Normal,0,Medium
P0047,Grinding_M2,Overloaded,1,18,Yes,Morning,Bearing_Stainless,28,17,57,Polishing_M3,Lathe_M1,20,1,3,0,Low,Normal,0,High
P0365,Grinding_M2,Overloaded,13,31,No,Night,Bearing_Steel_Chrome,53,16,32,Assembly_M4,Polishing_M3,3,0,3,2,Medium,Warm,0,Low
P0420,Grinding_M2,Busy,7,20,No,Evening,Ceramic_Hybrid,66,5,34,Polishing_M3,Lathe_M1,18,0,1,,Medium,Warm,0,Medium
P0237,Lathe_M1,Idle,1,17,Yes,Morning,Bearing_Steel_Chrome,28,27,29,Polishing_M3,Grinding_M2,11,1,0,0,Low,Normal,0,Medium
P0102,Assembly_M4,Overloaded,6,35,Yes,Night,Ceramic_Hybrid,68,11,43,Assembly_M4,Lathe_M1,13,1,3,2,Medium,Warm,0,Medium
P0012,Lathe_M1,Idle,6,40,No,Morning,Bearing_Steel_Chrome,44,5,58,Assembly_M4,Lathe_M1,7,0,0,0,Medium,Normal,0,Low
P0022,Assembly_M4,Busy,21,5,Yes,Night,Bearing_Stainless,68,25,49,Packaging_Line,Assembly_M4,10,1,1,2,High,Warm,1,Medium
P0016,Assembly_M4,Maintenance,14,17,Yes,Evening,Bearing_Steel_Chrome,79,23,58,Polishing_M3,Polishing_M3,21,1,2,,Medium,Hot,0,High
P0144,Assembly_M4,Idle,21,32,Yes,Night,Ceramic_Hybrid,33,27,13,Polishing_M3,Polishing_M3,15,1,0,2,High,Normal,1,Medium
P0256,Assembly_M4,Maintenance,9,28,Yes,Morning,Bearing_Stainless,82,26,46,Packaging_Line,Grinding_M2,8,1,2,0,Medium,Hot,0,Low
P0215,Grinding_M2,Idle,23,20,Yes,Evening,Ceramic_Hybrid,73,27,31,Assembly_M4,Assembly_M4,5,1,0,,High,Hot,1,Low
P0279,Assembly_M4,Overloaded,3,28,No,Evening,Bearing_Stainless,43,5,43,Polishing_M3,Lathe_M1,10,0,3,,Low,Normal,0,Medium
P0164,Grinding_M2,Busy,24,22,No,Morning,Bearing_Stainless,43,5,14,Assembly_M4,Grinding_M2,1,0,1,0,High,Normal,1,Low
P0499,Grinding_M2,Busy,22,9,Yes,Night,Bearing_Steel_Chrome,71,18,39,Assembly_M4,Lathe_M1,12,1,1,2,High,Hot,1,Medium
P0392,Grinding_M2,Maintenance,1,37,No,Morning,Bearing_Steel_Chrome,79,22,21,Polishing_M3,Polishing_M3,22,0,2,0,Low,Hot,0,High
P0413,Polishing_M3,Busy,15,41,No,Night,Ceramic_Hybrid,39,4,32,Polishing_M3,Grinding_M2,7,0,1,2,High,Normal,1,Low
P0429,Assembly_M4,Overloaded,10,14,Yes,Evening,Bearing_Steel_Chrome,33,15,17,Grinding_M2,Lathe_M1,29,1,3,,Medium,Normal,0,High
P0120,Grinding_M2,Busy,24,29,No,Morning,Bearing_Stainless,26,4,11,Polishing_M3,Grinding_M2,21,0,1,0,High,Normal,1,High
P0175,Grinding_M2,Overloaded,17,7,Yes,Morning,Bearing_Steel_Chrome,66,23,43,Polishing_M3,Lathe_M1,9,1,3,0,High,Warm,1,Low
P0434,Polishing_M3,Busy,16,15,No,Night,Ceramic_Hybrid,63,25,50,Packaging_Line,Lathe_M1,19,0,1,2,High,Warm,1,Medium
P0173,Polishing_M3,Overloaded,3,30,Yes,Morning,Ceramic_Hybrid,62,11,36,Packaging_Line,Assembly_M4,7,1,3,0,Low,Warm,0,Low
P0333,Polishing_M3,Idle,12,40,No,Morning,Ceramic_Hybrid,64,6,37,Polishing_M3,Assembly_M4,4,0,0,0,Medium,Warm,0,Low
P0158,Polishing_M3,Idle,2,13,Yes,Night,Bearing_Steel_Chrome,32,2,10,Packaging_Line,Lathe_M1,9,1,0,2,Low,Normal,0,Low
P0094,Polishing_M3,Idle,6,8,Yes,Evening,Bearing_Steel_Chrome,37,18,6,Assembly_M4,Lathe_M1,28,1,0,,Medium,Normal,0,High
P0122,Polishing_M3,Overloaded,4,31,Yes,Night,Bearing_Steel_Chrome,56,22,12,Assembly_M4,Assembly_M4,6,1,3,2,Low,Warm,0,Low
P0006,Polishing_M3,Idle,7,7,Yes,Night,Bearing_Steel_Chrome,78,13,7,Assembly_M4,Polishing_M3,22,1,0,2,Medium,Hot,0,High
P0403,Lathe_M1,Busy,5,6,Yes,Evening,Bearing_Stainless,47,13,6,Packaging_Line,Grinding_M2,6,1,1,,Medium,Normal,0,Low
P0453,Assembly_M4,Maintenance,16,39,No,Evening,Ceramic_Hybrid,58,24,34,Packaging_Line,Lathe_M1,20,0,2,,High,Warm,1,High
P0425,Assembly_M4,Idle,7,26,Yes,Evening,Bearing_Steel_Chrome,68,27,40,Grinding_M2,Polishing_M3,5,1,0,,Medium,Warm,0,Low
P0011,Polishing_M3,Overloaded,12,33,Yes,Morning,Bearing_Stainless,55,16,59,Polishing_M3,Assembly_M4,16,1,3,0,Medium,Warm,0,Medium
P0083,Lathe_M1,Busy,9,34,No,Night,Ceramic_Hybrid,81,24,20,Packaging_Line,Lathe_M1,12,0,1,2,Medium,Hot,0,Medium
P0221,Grinding_M2,Maintenance,16,20,Yes,Morning,Bearing_Steel_Chrome,36,9,24,Assembly_M4,Grinding_M2,3,1,2,0,High,Normal,1,Low
P0499,Grinding_M2,Maintenance,15,34,No,Night,Bearing_Stainless,69,24,32,Assembly_M4,Grinding_M2,19,0,2,2,High,Warm,1,Medium
P0050,Lathe_M1,Maintenance,7,9,No,Morning,Bearing_Steel_Chrome,44,9,48,Assembly_M4,Lathe_M1,1,0,2,0,Medium,Normal,0,Low
P0219,Lathe_M1,Overloaded,24,34,No,Morning,Bearing_Steel_Chrome,45,21,10,Grinding_M2,Grinding_M2,22,0,3,0,High,Normal,1,High
P0088,Polishing_M3,Busy,17,12,No,Morning,Bearing_Stainless,63,2,57,Packaging_Line,Assembly_M4,16,0,1,0,High,Warm,1,Medium
P0251,Polishing_M3,Busy,11,42,No,Morning,Bearing_Stainless,76,3,18,Packaging_Line,Polishing_M3,4,0,1,0,Medium,Hot,0,Low
P0096,Assembly_M4,Busy,0,27,No,Evening,Bearing_Stainless,74,14,6,Assembly_M4,Grinding_M2,9,0,1,,Low,Hot,0,Low
P0429,Polishing_M3,Busy,20,6,Yes,Night,Ceramic_Hybrid,51,26,13,Grinding_M2,Lathe_M1,1,1,1,2,High,Warm,1,Low
P0343,Polishing_M3,Maintenance,10,7,Yes,Night,Bearing_Steel_Chrome,76,24,30,Packaging_Line,Assembly_M4,4,1,2,2,Medium,Hot,0,Low
P0495,Assembly_M4,Idle,17,10,No,Evening,Bearing_Steel_Chrome,59,23,47,Packaging_Line,Lathe_M1,15,0,0,,High,Warm,1,Medium
P0258,Grinding_M2,Busy,21,41,No,Morning,Bearing_Steel_Chrome,76,11,16,Polishing_M3,Grinding_M2,15,0,1,0,High,Hot,1,Medium
P0065,Lathe_M1,Maintenance,16,42,Yes,Night,Bearing_Stainless,42,14,39,Polishing_M3,Grinding_M2,24,1,2,2,High,Normal,1,High
P0428,Polishing_M3,Overloaded,9,34,Yes,Morning,Bearing_Stainless,38,7,7,Packaging_Line,Polishing_M3,16,1,3,0,Medium,Normal,0,Medium
P0439,Polishing_M3,Maintenance,6,18,Yes,Night,Ceramic_Hybrid,33,16,25,Packaging_Line,Lathe_M1,3,1,2,2,Medium,Normal,0,Low
P0213,Grinding_M2,Idle,1,31,Yes,Morning,Ceramic_Hybrid,26,4,22,Grinding_M2,Polishing_M3,14,1,0,0,Low,Normal,0,Medium
P0445,Polishing_M3,Maintenance,19,22,No,Evening,Ceramic_Hybrid,34,26,6,Packaging_Line,Assembly_M4,25,0,2,,High,Normal,1,High
P0020,Grinding_M2,Overloaded,21,37,No,Morning,Ceramic_Hybrid,60,15,5,Packaging_Line,Lathe_M1,14,0,3,0,High,Warm,1,Medium
P0203,Polishing_M3,Idle,15,7,Yes,Night,Bearing_Stainless,59,10,10,Assembly_M4,Polishing_M3,25,1,0,2,High,Warm,1,High
P0011,Polishing_M3,Overloaded,12,38,No,Evening,Bearing_Stainless,32,22,38,Grinding_M2,Grinding_M2,4,0,3,,Medium,Normal,0,Low
P0069,Polishing_M3,Maintenance,24,19,No,Evening,Ceramic_Hybrid,28,14,16,Packaging_Line,Lathe_M1,28,0,2,,High,Normal,1,High
P0097,Assembly_M4,Idle,12,35,No,Night,Bearing_Stainless,38,21,22,Assembly_M4,Lathe_M1,29,0,0,2,Medium,Normal,0,High
P0264,Grinding_M2,Busy,5,36,No,Night,Ceramic_Hybrid,53,12,6,Packaging_Line,Grinding_M2,28,0,1,2,Medium,Warm,0,High
P0400,Lathe_M1,Idle,22,23,Yes,Morning,Bearing_Steel_Chrome,55,20,9,Polishing_M3,Lathe_M1,19,1,0,0,High,Warm,1,Medium
P0234,Lathe_M1,Overloaded,1,14,Yes,Evening,Bearing_Stainless,49,3,15,Packaging_Line,Assembly_M4,18,1,3,,Low,Normal,0,Medium
P0326,Lathe_M1,Busy,23,19,Yes,Evening,Bearing_Stainless,33,24,23,Packaging_Line,Grinding_M2,9,1,1,,High,Normal,1,Low
P0492,Assembly_M4,Overloaded,2,25,No,Morning,Bearing_Stainless,33,29,50,Grinding_M2,Polishing_M3,19,0,3,0,Low,Normal,0,Medium
P0015,Assembly_M4,Busy,6,20,Yes,Night,Bearing_Steel_Chrome,40,29,37,Polishing_M3,Grinding_M2,4,1,1,2,Medium,Normal,0,Low
P0347,Grinding_M2,Overloaded,3,43,No,Night,Bearing_Steel_Chrome,64,18,41,Grinding_M2,Assembly_M4,7,0,3,2,Low,Warm,0,Low
P0467,Grinding_M2,Idle,19,33,Yes,Morning,Bearing_Stainless,76,5,42,Assembly_M4,Polishing_M3,7,1,0,0,High,Hot,1,Low
P0217,Assembly_M4,Overloaded,17,41,No,Evening,Bearing_Steel_Chrome,76,4,11,Packaging_Line,Polishing_M3,27,0,3,,High,Hot,1,High
P0347,Assembly_M4,Busy,21,18,Yes,Night,Ceramic_Hybrid,31,6,26,Assembly_M4,Polishing_M3,5,1,1,2,High,Normal,1,Low
P0153,Lathe_M1,Maintenance,22,6,Yes,Evening,Bearing_Stainless,51,22,58,Assembly_M4,Polishing_M3,6,1,2,,High,Warm,1,Low
P0134,Polishing_M3,Idle,14,25,Yes,Night,Bearing_Steel_Chrome,34,24,43,Grinding_M2,Assembly_M4,5,1,0,2,Medium,Normal,0,Low
P0339,Polishing_M3,Idle,0,17,Yes,Night,Bearing_Stainless,45,27,54,Assembly_M4,Polishing_M3,13,1,0,2,Low,Normal,0,Medium
P0465,Assembly_M4,Maintenance,20,22,No,Night,Bearing_Steel_Chrome,61,14,36,Polishing_M3,Polishing_M3,4,0,2,2,High,Warm,1,Low
P0372,Grinding_M2,Maintenance,16,39,No,Night,Bearing_Stainless,73,29,15,Polishing_M3,Grinding_M2,21,0,2,2,High,Hot,1,High
P0151,Lathe_M1,Maintenance,19,30,Yes,Night,Bearing_Stainless,28,3,56,Polishing_M3,Polishing_M3,16,1,2,2,High,Normal,1,Medium
P0336,Lathe_M1,Idle,17,44,No,Morning,Ceramic_Hybrid,59,10,33,Assembly_M4,Assembly_M4,20,0,0,0,High,Warm,1,High
P0404,Polishing_M3,Overloaded,5,25,No,Night,Bearing_Stainless,66,14,53,Packaging_Line,Lathe_M1,9,0,3,2,Medium,Warm,0,Low
P0241,Lathe_M1,Busy,16,13,No,Morning,Ceramic_Hybrid,65,2,6,Grinding_M2,Assembly_M4,28,0,1,0,High,Warm,1,High
P0272,Polishing_M3,Maintenance,15,33,Yes,Morning,Bearing_Steel_Chrome,57,11,54,Polishing_M3,Polishing_M3,26,1,2,0,High,Warm,1,High
P0210,Assembly_M4,Idle,7,25,No,Night,Bearing_Steel_Chrome,52,12,59,Grinding_M2,Assembly_M4,2,0,0,2,Medium,Warm,0,Low
P0171,Grinding_M2,Overloaded,7,26,Yes,Morning,Bearing_Stainless,32,18,19,Assembly_M4,Grinding_M2,17,1,3,0,Medium,Normal,0,Medium
P0390,Grinding_M2,Idle,22,28,No,Morning,Bearing_Steel_Chrome,69,20,9,Packaging_Line,Assembly_M4,12,0,0,0,High,Warm,1,Medium
P0207,Assembly_M4,Maintenance,0,27,No,Morning,Bearing_Steel_Chrome,61,9,17,Polishing_M3,Polishing_M3,8,0,2,0,Low,Warm,0,Low
P0487,Lathe_M1,Overloaded,24,27,Yes,Morning,Ceramic_Hybrid,67,2,49,Grinding_M2,Grinding_M2,19,1,3,0,High,Warm,1,Medium
P0116,Polishing_M3,Overloaded,23,39,Yes,Morning,Bearing_Stainless,48,18,9,Assembly_M4,Grinding_M2,20,1,3,0,High,Normal,1,High
P0034,Lathe_M1,Overloaded,20,44,No,Evening,Ceramic_Hybrid,82,15,40,Assembly_M4,Assembly_M4,11,0,3,,High,Hot,1,Medium
P0455,Grinding_M2,Overloaded,19,19,No,Evening,Bearing_Steel_Chrome,43,8,55,Polishing_M3,Assembly_M4,28,0,3,,High,Normal,1,High
P0010,Grinding_M2,Idle,18,9,Yes,Morning,Ceramic_Hybrid,29,23,36,Grinding_M2,Grinding_M2,8,1,0,0,High,Normal,1,Low
P0064,Polishing_M3,Busy,9,42,No,Night,Bearing_Stainless,71,17,32,Grinding_M2,Lathe_M1,17,0,1,2,Medium,Hot,0,Medium
P0339,Lathe_M1,Busy,7,44,Yes,Night,Bearing_Steel_Chrome,49,10,6,Packaging_Line,Assembly_M4,15,1,1,2,Medium,Normal,0,Medium
P0195,Lathe_M1,Overloaded,17,7,No,Night,Bearing_Steel_Chrome,73,5,8,Polishing_M3,Lathe_M1,14,0,3,2,High,Hot,1,Medium
P0155,Assembly_M4,Busy,8,29,No,Night,Ceramic_Hybrid,82,24,54,Polishing_M3,Assembly_M4,10,0,1,2,Medium,Hot,0,Medium
P0426,Lathe_M1,Busy,20,40,No,Morning,Bearing_Steel_Chrome,36,28,44,Packaging_Line,Grinding_M2,2,0,1,0,High,Normal,1,Low
P0312,Grinding_M2,Overloaded,21,17,Yes,Evening,Ceramic_Hybrid,77,17,36,Packaging_Line,Polishing_M3,28,1,3,,High,Hot,1,High
P0083,Lathe_M1,Maintenance,1,15,Yes,Night,Bearing_Stainless,34,16,21,Assembly_M4,Grinding_M2,8,1,2,2,Low,Normal,0,Low
P0002,Lathe_M1,Busy,17,13,Yes,Night,Ceramic_Hybrid,49,9,18,Packaging_Line,Grinding_M2,28,1,1,2,High,Normal,1,High
P0487,Lathe_M1,Busy,24,26,Yes,Evening,Ceramic_Hybrid,76,21,25,Polishing_M3,Assembly_M4,12,1,1,,High,Hot,1,Medium
P0152,Polishing_M3,Maintenance,18,25,Yes,Morning,Bearing_Steel_Chrome,59,27,36,Grinding_M2,Polishing_M3,23,1,2,0,High,Warm,1,High
P0185,Polishing_M3,Maintenance,6,16,Yes,Morning,Bearing_Steel_Chrome,65,16,22,Grinding_M2,Grinding_M2,21,1,2,0,Medium,Warm,0,High
P0340,Grinding_M2,Overloaded,12,25,No,Evening,Ceramic_Hybrid,32,15,44,Assembly_M4,Lathe_M1,14,0,3,,Medium,Normal,0,Medium
P0191,Polishing_M3,Idle,6,27,Yes,Evening,Bearing_Stainless,68,12,26,Packaging_Line,Polishing_M3,22,1,0,,Medium,Warm,0,High
P0428,Assembly_M4,Maintenance,10,29,No,Night,Bearing_Steel_Chrome,46,29,33,Grinding_M2,Grinding_M2,13,0,2,2,Medium,Normal,0,Medium
P0357,Lathe_M1,Idle,17,6,Yes,Evening,Ceramic_Hybrid,53,22,19,Packaging_Line,Assembly_M4,20,1,0,,High,Warm,1,High
P0093,Assembly_M4,Overloaded,17,35,Yes,Night,Ceramic_Hybrid,39,20,27,Polishing_M3,Assembly_M4,24,1,3,2,High,Normal,1,High
P0472,Assembly_M4,Busy,11,17,No,Evening,Bearing_Steel_Chrome,46,12,41,Grinding_M2,Polishing_M3,29,0,1,,Medium,Normal,0,High
P0336,Polishing_M3,Busy,0,7,Yes,Night,Bearing_Stainless,78,20,27,Grinding_M2,Assembly_M4,29,1,1,2,Low,Hot,0,High
P0339,Grinding_M2,Maintenance,6,29,No,Night,Ceramic_Hybrid,61,16,12,Packaging_Line,Grinding_M2,10,0,2,2,Medium,Warm,0,Medium
P0430,Lathe_M1,Busy,15,12,Yes,Night,Bearing_Stainless,25,13,9,Packaging_Line,Grinding_M2,3,1,1,2,High,Normal,1,Low
P0039,Assembly_M4,Overloaded,0,8,Yes,Evening,Bearing_Stainless,64,4,36,Grinding_M2,Grinding_M2,10,1,3,,Low,Warm,0,Medium
P0282,Assembly_M4,Maintenance,1,29,Yes,Morning,Bearing_Stainless,34,22,50,Packaging_Line,Assembly_M4,7,1,2,0,Low,Normal,0,Low
P0046,Assembly_M4,Maintenance,1,17,No,Morning,Bearing_Stainless,33,21,40,Grinding_M2,Lathe_M1,22,0,2,0,Low,Normal,0,High
P0207,Assembly_M4,Busy,9,30,Yes,Morning,Ceramic_Hybrid,82,23,16,Assembly_M4,Grinding_M2,17,1,1,0,Medium,Hot,0,Medium
P0336,Assembly_M4,Overloaded,13,18,No,Morning,Bearing_Steel_Chrome,81,3,57,Packaging_Line,Polishing_M3,25,0,3,0,Medium,Hot,0,High
P0287,Assembly_M4,Overloaded,19,15,No,Morning,Bearing_Steel_Chrome,40,20,35,Polishing_M3,Lathe_M1,23,0,3,0,High,Normal,1,High
P0175,Polishing_M3,Overloaded,5,23,No,Night,Bearing_Steel_Chrome,61,27,8,Grinding_M2,Grinding_M2,15,0,3,2,Medium,Warm,0,Medium
P0253,Grinding_M2,Maintenance,3,24,Yes,Evening,Ceramic_Hybrid,34,25,58,Polishing_M3,Grinding_M2,3,1,2,,Low,Normal,0,Low
P0062,Assembly_M4,Idle,4,42,No,Morning,Ceramic_Hybrid,45,23,44,Assembly_M4,Lathe_M1,7,0,0,0,Low,Normal,0,Low
P0388,Assembly_M4,Busy,20,14,Yes,Evening,Bearing_Stainless,62,15,8,Polishing_M3,Assembly_M4,28,1,1,,High,Warm,1,High
P0003,Lathe_M1,Maintenance,24,24,No,Night,Bearing_Steel_Chrome,41,24,11,Polishing_M3,Grinding_M2,4,0,2,2,High,Normal,1,Low
P0054,Assembly_M4,Overloaded,13,7,No,Evening,Ceramic_Hybrid,48,6,20,Polishing_M3,Polishing_M3,26,0,3,,Medium,Normal,0,High
P0204,Polishing_M3,Overloaded,22,8,No,Morning,Bearing_Steel_Chrome,80,25,38,Packaging_Line,Polishing_M3,18,0,3,0,High,Hot,1,Medium
P0432,Polishing_M3,Idle,18,35,Yes,Morning,Ceramic_Hybrid,84,29,23,Assembly_M4,Polishing_M3,17,1,0,0,High,Hot,1,Medium
P0472,Grinding_M2,Idle,13,23,No,Night,Bearing_Steel_Chrome,46,25,49,Assembly_M4,Assembly_M4,12,0,0,2,Medium,Normal,0,Medium
P0299,Assembly_M4,Overloaded,5,35,No,Morning,Ceramic_Hybrid,60,20,52,Grinding_M2,Lathe_M1,13,0,3,0,Medium,Warm,0,Medium
P0196,Grinding_M2,Busy,3,34,Yes,Morning,Bearing_Stainless,79,18,59,Polishing_M3,Polishing_M3,1,1,1,0,Low,Hot,0,Low
P0350,Polishing_M3,Idle,17,32,Yes,Night,Bearing_Stainless,83,16,15,Polishing_M3,Lathe_M1,25,1,0,2,High,Hot,1,High
P0184,Assembly_M4,Busy,21,37,Yes,Night,Ceramic_Hybrid,41,7,8,Packaging_Line,Grinding_M2,20,1,1,2,High,Normal,1,High
P0262,Polishing_M3,Busy,15,31,No,Evening,Bearing_Stainless,39,7,51,Assembly_M4,Lathe_M1,14,0,1,,High,Normal,1,Medium
P0007,Polishing_M3,Idle,10,43,No,Morning,Ceramic_Hybrid,33,27,20,Assembly_M4,Grinding_M2,5,0,0,0,Medium,Normal,0,Low
P0398,Grinding_M2,Overloaded,24,14,No,Morning,Ceramic_Hybrid,74,4,17,Grinding_M2,Grinding_M2,11,0,3,0,High,Hot,1,Medium
P0493,Grinding_M2,Busy,16,34,No,Morning,Bearing_Stainless,78,14,10,Assembly_M4,Polishing_M3,17,0,1,0,High,Hot,1,Medium
P0067,Grinding_M2,Overloaded,12,23,Yes,Evening,Bearing_Stainless,66,4,50,Polishing_M3,Lathe_M1,26,1,3,,Medium,Warm,0,High
P0079,Polishing_M3,Busy,18,9,No,Evening,Ceramic_Hybrid,53,6,24,Assembly_M4,Lathe_M1,17,0,1,,High,Warm,1,Medium
P0402,Polishing_M3,Idle,20,14,Yes,Night,Bearing_Steel_Chrome,29,5,10,Polishing_M3,Assembly_M4,26,1,0,2,High,Normal,1,High
P0279,Assembly_M4,Busy,3,43,No,Morning,Bearing_Steel_Chrome,63,19,39,Assembly_M4,Polishing_M3,1,0,1,0,Low,Warm,0,Low
P0185,Polishing_M3,Idle,23,40,No,Night,Ceramic_Hybrid,30,10,58,Grinding_M2,Lathe_M1,14,0,0,2,High,Normal,1,Medium
P0343,Polishing_M3,Maintenance,11,35,Yes,Night,Ceramic_Hybrid,44,25,29,Polishing_M3,Lathe_M1,4,1,2,2,Medium,Normal,0,Low
P0350,Polishing_M3,Maintenance,20,34,Yes,Evening,Bearing_Stainless,48,13,46,Assembly_M4,Lathe_M1,22,1,2,,High,Normal,1,High
P0467,Polishing_M3,Maintenance,6,39,No,Morning,Bearing_Stainless,79,29,18,Polishing_M3,Polishing_M3,24,0,2,0,Medium,Hot,0,High
P0264,Lathe_M1,Busy,9,20,Yes,Night,Ceramic_Hybrid,40,23,35,Grinding_M2,Lathe_M1,10,1,1,2,Medium,Normal,0,Medium
P0108,Grinding_M2,Maintenance,24,17,Yes,Morning,Ceramic_Hybrid,30,13,13,Packaging_Line,Lathe_M1,13,1,2,0,High,Normal,1,Medium
P0383,Grinding_M2,Busy,3,24,No,Night,Bearing_Stainless,42,27,47,Grinding_M2,Lathe_M1,25,0,1,2,Low,Normal,0,High
P0038,Lathe_M1,Idle,20,8,No,Night,Bearing_Steel_Chrome,74,2,31,Polishing_M3,Polishing_M3,7,0,0,2,High,Hot,1,Low
P0209,Assembly_M4,Maintenance,5,19,No,Evening,Bearing_Stainless,42,25,15,Grinding_M2,Assembly_M4,20,0,2,,Medium,Normal,0,High
P0345,Lathe_M1,Busy,23,19,Yes,Night,Ceramic_Hybrid,72,8,25,Grinding_M2,Lathe_M1,10,1,1,2,High,Hot,1,Medium
P0184,Lathe_M1,Overloaded,11,18,No,Night,Bearing_Steel_Chrome,81,6,25,Assembly_M4,Assembly_M4,18,0,3,2,Medium,Hot,0,Medium
P0196,Assembly_M4,Busy,4,7,No,Morning,Ceramic_Hybrid,47,27,41,Polishing_M3,Grinding_M2,24,0,1,0,Low,Normal,0,High
P0383,Assembly_M4,Overloaded,16,23,Yes,Evening,Ceramic_Hybrid,75,26,25,Assembly_M4,Lathe_M1,12,1,3,,High,Hot,1,Medium
P0284,Grinding_M2,Busy,24,37,Yes,Morning,Ceramic_Hybrid,74,22,8,Packaging_Line,Lathe_M1,10,1,1,0,High,Hot,1,Medium
P0157,Grinding_M2,Overloaded,24,11,Yes,Evening,Ceramic_Hybrid,46,24,37,Polishing_M3,Grinding_M2,17,1,3,,High,Normal,1,Medium
P0095,Grinding_M2,Overloaded,23,38,Yes,Morning,Bearing_Steel_Chrome,52,27,47,Grinding_M2,Assembly_M4,9,1,3,0,High,Warm,1,Low
P0331,Lathe_M1,Overloaded,6,26,Yes,Evening,Bearing_Steel_Chrome,73,18,38,Polishing_M3,Assembly_M4,6,1,3,,Medium,Hot,0,Low
P0488,Polishing_M3,Overloaded,13,10,Yes,Night,Ceramic_Hybrid,58,2,14,Polishing_M3,Lathe_M1,21,1,3,2,Medium,Warm,0,High
P0146,Lathe_M1,Idle,4,6,No,Evening,Bearing_Stainless,46,17,6,Assembly_M4,Polishing_M3,10,0,0,,Low,Normal,0,Medium
P0356,Grinding_M2,Overloaded,1,20,No,Evening,Bearing_Steel_Chrome,72,20,43,Grinding_M2,Polishing_M3,22,0,3,,Low,Hot,0,High
P0127,Grinding_M2,Maintenance,11,28,No,Evening,Bearing_Steel_Chrome,71,9,42,Assembly_M4,Assembly_M4,28,0,2,,Medium,Hot,0,High
P0237,Assembly_M4,Overloaded,9,39,No,Evening,Ceramic_Hybrid,75,18,36,Grinding_M2,Grinding_M2,7,0,3,,Medium,Hot,0,Low
P0331,Lathe_M1,Overloaded,20,24,Yes,Night,Bearing_Steel_Chrome,50,5,50,Assembly_M4,Lathe_M1,20,1,3,2,High,Warm,1,High
P0373,Lathe_M1,Busy,21,19,Yes,Night,Ceramic_Hybrid,80,9,25,Packaging_Line,Grinding_M2,15,1,1,2,High,Hot,1,Medium
P0465,Lathe_M1,Overloaded,21,32,No,Night,Bearing_Steel_Chrome,38,28,45,Assembly_M4,Assembly_M4,8,0,3,2,High,Normal,1,Low
P0115,Polishing_M3,Idle,16,6,No,Night,Ceramic_Hybrid,49,25,7,Grinding_M2,Assembly_M4,8,0,0,2,High,Normal,1,Low
P0187,Lathe_M1,Idle,11,37,Yes,Night,Bearing_Steel_Chrome,66,21,39,Packaging_Line,Grinding_M2,6,1,0,2,Medium,Warm,0,Low
P0092,Grinding_M2,Maintenance,6,27,No,Morning,Bearing_Steel_Chrome,49,28,54,Packaging_Line,Grinding_M2,11,0,2,0,Medium,Normal,0,Medium
P0033,Polishing_M3,Overloaded,18,9,Yes,Morning,Ceramic_Hybrid,75,12,16,Polishing_M3,Polishing_M3,10,1,3,0,High,Hot,1,Medium
P0199,Assembly_M4,Maintenance,7,28,Yes,Morning,Ceramic_Hybrid,84,29,45,Assembly_M4,Lathe_M1,4,1,2,0,Medium,Hot,0,Low
P0361,Polishing_M3,Overloaded,4,25,Yes,Evening,Ceramic_Hybrid,32,24,13,Packaging_Line,Polishing_M3,15,1,3,,Low,Normal,0,Medium
P0301,Lathe_M1,Overloaded,14,44,No,Morning,Ceramic_Hybrid,42,11,24,Packaging_Line,Polishing_M3,6,0,3,0,Medium,Normal,0,Low
P0419,Polishing_M3,Maintenance,11,6,No,Night,Bearing_Steel_Chrome,31,17,7,Polishing_M3,Assembly_M4,13,0,2,2,Medium,Normal,0,Medium
P0085,Grinding_M2,Busy,2,31,No,Morning,Bearing_Steel_Chrome,74,12,44,Polishing_M3,Grinding_M2,6,0,1,0,Low,Hot,0,Low
P0186,Lathe_M1,Idle,0,32,No,Evening,Ceramic_Hybrid,25,24,12,Grinding_M2,Assembly_M4,5,0,0,,Low,Normal,0,Low
P0346,Assembly_M4,Maintenance,15,41,Yes,Night,Bearing_Steel_Chrome,28,7,50,Packaging_Line,Lathe_M1,22,1,2,2,High,Normal,1,High
P0125,Lathe_M1,Idle,18,36,Yes,Morning,Ceramic_Hybrid,33,13,15,Grinding_M2,Grinding_M2,14,1,0,0,High,Normal,1,Medium
P0029,Grinding_M2,Overloaded,22,20,Yes,Night,Bearing_Stainless,25,14,59,Grinding_M2,Polishing_M3,21,1,3,2,High,Normal,1,High
P0485,Lathe_M1,Idle,20,34,No,Night,Bearing_Stainless,37,3,8,Packaging_Line,Grinding_M2,28,0,0,2,High,Normal,1,High
P0113,Assembly_M4,Idle,5,35,Yes,Night,Ceramic_Hybrid,83,24,31,Assembly_M4,Grinding_M2,5,1,0,2,Medium,Hot,0,Low
P0371,Polishing_M3,Maintenance,24,7,Yes,Morning,Bearing_Stainless,57,5,29,Packaging_Line,Grinding_M2,20,1,2,0,High,Warm,1,High
P0056,Lathe_M1,Idle,1,30,No,Morning,Ceramic_Hybrid,29,4,32,Grinding_M2,Grinding_M2,29,0,0,0,Low,Normal,0,High
P0244,Lathe_M1,Busy,8,42,Yes,Evening,Ceramic_Hybrid,74,7,23,Polishing_M3,Lathe_M1,28,1,1,,Medium,Hot,0,High
P0460,Assembly_M4,Maintenance,11,15,No,Morning,Ceramic_Hybrid,26,16,48,Packaging_Line,Grinding_M2,12,0,2,0,Medium,Normal,0,Medium
P0481,Assembly_M4,Maintenance,8,25,No,Night,Ceramic_Hybrid,48,3,26,Grinding_M2,Assembly_M4,3,0,2,2,Medium,Normal,0,Low
P0069,Polishing_M3,Maintenance,11,32,Yes,Morning,Bearing_Stainless,54,27,52,Packaging_Line,Polishing_M3,21,1,2,0,Medium,Warm,0,High
P0097,Lathe_M1,Busy,23,30,Yes,Night,Bearing_Steel_Chrome,57,22,39,Packaging_Line,Grinding_M2,20,1,1,2,High,Warm,1,High
P0353,Polishing_M3,Maintenance,1,22,No,Morning,Bearing_Steel_Chrome,82,12,27,Packaging_Line,Polishing_M3,16,0,2,0,Low,Hot,0,Medium
P0134,Assembly_M4,Overloaded,21,21,No,Night,Bearing_Stainless,29,13,15,Polishing_M3,Assembly_M4,15,0,3,2,High,Normal,1,Medium
P0283,Assembly_M4,Idle,2,37,No,Night,Ceramic_Hybrid,44,17,38,Packaging_Line,Polishing_M3,2,0,0,2,Low,Normal,0,Low
P0158,Polishing_M3,Maintenance,2,44,Yes,Night,Bearing_Steel_Chrome,80,29,51,Polishing_M3,Assembly_M4,7,1,2,2,Low,Hot,0,Low
P0401,Grinding_M2,Busy,5,13,Yes,Night,Bearing_Stainless,44,29,5,Assembly_M4,Lathe_M1,8,1,1,2,Medium,Normal,0,Low
P0083,Assembly_M4,Busy,22,27,Yes,Morning,Bearing_Stainless,27,5,29,Packaging_Line,Lathe_M1,15,1,1,0,High,Normal,1,Medium
P0033,Polishing_M3,Idle,5,19,No,Morning,Ceramic_Hybrid,45,4,57,Grinding_M2,Assembly_M4,21,0,0,0,Medium,Normal,0,High
P0477,Assembly_M4,Overloaded,13,18,Yes,Morning,Ceramic_Hybrid,60,13,21,Packaging_Line,Assembly_M4,7,1,3,0,Medium,Warm,0,Low
P0006,Grinding_M2,Overloaded,8,39,Yes,Morning,Ceramic_Hybrid,84,14,19,Polishing_M3,Grinding_M2,18,1,3,0,Medium,Hot,0,Medium
P0346,Lathe_M1,Overloaded,18,37,Yes,Night,Bearing_Steel_Chrome,30,28,31,Polishing_M3,Lathe_M1,23,1,3,2,High,Normal,1,High
P0142,Assembly_M4,Overloaded,1,42,No,Evening,Ceramic_Hybrid,38,5,57,Polishing_M3,Lathe_M1,8,0,3,,Low,Normal,0,Low
P0378,Lathe_M1,Busy,2,23,No,Night,Ceramic_Hybrid,54,15,24,Assembly_M4,Polishing_M3,17,0,1,2,Low,Warm,0,Medium
P0494,Polishing_M3,Idle,24,44,Yes,Evening,Bearing_Stainless,48,15,30,Grinding_M2,Polishing_M3,6,1,0,,High,Normal,1,Low
P0090,Assembly_M4,Busy,22,26,Yes,Night,Bearing_Stainless,72,26,23,Assembly_M4,Lathe_M1,14,1,1,2,High,Hot,1,Medium
P0412,Polishing_M3,Overloaded,18,7,No,Evening,Ceramic_Hybrid,66,20,13,Packaging_Line,Grinding_M2,28,0,3,,High,Warm,1,High
P0388,Polishing_M3,Maintenance,19,11,No,Night,Bearing_Steel_Chrome,38,10,59,Packaging_Line,Lathe_M1,25,0,2,2,High,Normal,1,High
P0133,Lathe_M1,Maintenance,18,18,Yes,Night,Ceramic_Hybrid,80,7,57,Polishing_M3,Polishing_M3,29,1,2,2,High,Hot,1,High
P0212,Polishing_M3,Busy,3,44,No,Morning,Bearing_Stainless,41,10,37,Grinding_M2,Assembly_M4,24,0,1,0,Low,Normal,0,High
P0345,Polishing_M3,Busy,19,29,Yes,Evening,Bearing_Stainless,38,12,57,Assembly_M4,Grinding_M2,3,1,1,,High,Normal,1,Low
P0458,Polishing_M3,Idle,8,18,Yes,Evening,Ceramic_Hybrid,54,10,8,Polishing_M3,Grinding_M2,27,1,0,,Medium,Warm,0,High
P0377,Grinding_M2,Overloaded,3,32,Yes,Morning,Bearing_Steel_Chrome,32,3,45,Polishing_M3,Polishing_M3,29,1,3,0,Low,Normal,0,High
P0080,Lathe_M1,Busy,13,26,Yes,Night,Ceramic_Hybrid,65,25,59,Packaging_Line,Lathe_M1,16,1,1,2,Medium,Warm,0,Medium
P0392,Lathe_M1,Maintenance,16,34,No,Night,Bearing_Stainless,36,4,15,Packaging_Line,Polishing_M3,14,0,2,2,High,Normal,1,Medium
P0252,Grinding_M2,Overloaded,17,25,No,Morning,Ceramic_Hybrid,45,6,52,Polishing_M3,Lathe_M1,20,0,3,0,High,Normal,1,High
P0270,Assembly_M4,Maintenance,4,7,Yes,Night,Bearing_Stainless,68,2,57,Packaging_Line,Grinding_M2,29,1,2,2,Low,Warm,0,High
P0235,Lathe_M1,Maintenance,8,13,No,Night,Bearing_Steel_Chrome,28,4,21,Grinding_M2,Grinding_M2,2,0,2,2,Medium,Normal,0,Low
P0195,Lathe_M1,Overloaded,23,36,No,Night,Bearing_Stainless,25,9,49,Polishing_M3,Polishing_M3,23,0,3,2,High,Normal,1,High
P0122,Polishing_M3,Maintenance,14,44,No,Evening,Bearing_Steel_Chrome,36,23,16,Packaging_Line,Assembly_M4,14,0,2,,Medium,Normal,0,Medium
P0108,Assembly_M4,Overloaded,14,19,No,Evening,Bearing_Stainless,65,20,30,Packaging_Line,Grinding_M2,20,0,3,,Medium,Warm,0,High
P0293,Grinding_M2,Idle,21,44,Yes,Night,Bearing_Stainless,45,20,42,Polishing_M3,Assembly_M4,20,1,0,2,High,Normal,1,High
P0439,Assembly_M4,Idle,24,33,Yes,Night,Bearing_Steel_Chrome,75,5,59,Packaging_Line,Lathe_M1,7,1,0,2,High,Hot,1,Low
P0091,Assembly_M4,Maintenance,3,26,Yes,Night,Ceramic_Hybrid,36,14,7,Assembly_M4,Assembly_M4,22,1,2,2,Low,Normal,0,High
P0154,Polishing_M3,Busy,11,6,No,Morning,Ceramic_Hybrid,48,3,31,Polishing_M3,Lathe_M1,23,0,1,0,Medium,Normal,0,High
P0111,Polishing_M3,Maintenance,8,5,Yes,Evening,Ceramic_Hybrid,32,24,42,Assembly_M4,Polishing_M3,6,1,2,,Medium,Normal,0,Low
P0185,Polishing_M3,Overloaded,21,29,No,Morning,Bearing_Stainless,42,18,16,Grinding_M2,Polishing_M3,6,0,3,0,High,Normal,1,Low
P0445,Grinding_M2,Idle,7,23,No,Evening,Bearing_Stainless,84,11,5,Packaging_Line,Assembly_M4,25,0,0,,Medium,Hot,0,High
P0456,Lathe_M1,Maintenance,12,39,No,Evening,Ceramic_Hybrid,64,15,39,Polishing_M3,Grinding_M2,16,0,2,,Medium,Warm,0,Medium
P0328,Polishing_M3,Maintenance,12,24,No,Morning,Bearing_Steel_Chrome,80,18,17,Polishing_M3,Polishing_M3,29,0,2,0,Medium,Hot,0,High
P0117,Polishing_M3,Overloaded,5,12,No,Night,Bearing_Stainless,67,21,37,Packaging_Line,Polishing_M3,26,0,3,2,Medium,Warm,0,High
P0455,Assembly_M4,Overloaded,6,25,No,Evening,Bearing_Steel_Chrome,77,18,46,Polishing_M3,Lathe_M1,11,0,3,,Medium,Hot,0,Medium
P0065,Grinding_M2,Overloaded,21,13,Yes,Morning,Bearing_Steel_Chrome,48,6,53,Packaging_Line,Lathe_M1,9,1,3,0,High,Normal,1,Low
P0049,Lathe_M1,Maintenance,16,28,Yes,Morning,Bearing_Stainless,45,20,43,Grinding_M2,Lathe_M1,23,1,2,0,High,Normal,1,High
P0135,Grinding_M2,Busy,8,43,No,Evening,Bearing_Steel_Chrome,37,12,50,Polishing_M3,Polishing_M3,19,0,1,,Medium,Normal,0,Medium
P0227,Grinding_M2,Idle,10,17,Yes,Morning,Bearing_Steel_Chrome,70,14,5,Assembly_M4,Polishing_M3,8,1,0,0,Medium,Hot,0,Low
P0443,Assembly_M4,Maintenance,11,23,No,Night,Bearing_Stainless,36,9,12,Polishing_M3,Grinding_M2,29,0,2,2,Medium,Normal,0,High
P0303,Assembly_M4,Maintenance,20,16,No,Evening,Bearing_Stainless,72,2,49,Polishing_M3,Lathe_M1,26,0,2,,High,Hot,1,High
P0227,Polishing_M3,Overloaded,6,32,No,Evening,Bearing_Steel_Chrome,82,6,12,Assembly_M4,Lathe_M1,25,0,3,,Medium,Hot,0,High
P0001,Grinding_M2,Overloaded,13,27,No,Evening,Ceramic_Hybrid,54,14,51,Grinding_M2,Assembly_M4,23,0,3,,Medium,Warm,0,High
P0485,Assembly_M4,Overloaded,16,24,Yes,Evening,Bearing_Stainless,42,19,6,Polishing_M3,Lathe_M1,4,1,3,,High,Normal,1,Low
P0281,Polishing_M3,Idle,0,40,No,Night,Bearing_Stainless,42,6,23,Packaging_Line,Grinding_M2,15,0,0,2,Low,Normal,0,Medium
P0084,Assembly_M4,Maintenance,7,24,Yes,Evening,Bearing_Steel_Chrome,73,2,16,Packaging_Line,Grinding_M2,26,1,2,,Medium,Hot,0,High
P0265,Polishing_M3,Overloaded,18,19,No,Evening,Bearing_Steel_Chrome,65,8,6,Grinding_M2,Grinding_M2,29,0,3,,High,Warm,1,High
P0070,Polishing_M3,Busy,8,14,No,Night,Bearing_Stainless,26,20,15,Assembly_M4,Assembly_M4,13,0,1,2,Medium,Normal,0,Medium
P0097,Polishing_M3,Busy,9,18,Yes,Morning,Ceramic_Hybrid,42,20,58,Grinding_M2,Grinding_M2,9,1,1,0,Medium,Normal,0,Low
P0498,Lathe_M1,Overloaded,24,43,No,Morning,Ceramic_Hybrid,52,4,24,Packaging_Line,Lathe_M1,6,0,3,0,High,Warm,1,Low
P0120,Lathe_M1,Idle,20,6,Yes,Evening,Bearing_Steel_Chrome,53,7,7,Assembly_M4,Assembly_M4,16,1,0,,High,Warm,1,Medium
P0160,Assembly_M4,Overloaded,7,6,No,Night,Bearing_Steel_Chrome,41,10,16,Assembly_M4,Lathe_M1,3,0,3,2,Medium,Normal,0,Low
P0432,Grinding_M2,Busy,10,5,No,Evening,Bearing_Steel_Chrome,79,14,19,Packaging_Line,Grinding_M2,26,0,1,,Medium,Hot,0,High
P0099,Polishing_M3,Maintenance,4,25,Yes,Morning,Ceramic_Hybrid,73,26,27,Polishing_M3,Assembly_M4,24,1,2,0,Low,Hot,0,High
P0395,Assembly_M4,Idle,24,42,Yes,Morning,Bearing_Stainless,52,22,58,Grinding_M2,Grinding_M2,11,1,0,0,High,Warm,1,Medium
P0243,Assembly_M4,Overloaded,17,40,No,Morning,Ceramic_Hybrid,59,14,59,Grinding_M2,Lathe_M1,9,0,3,0,High,Warm,1,Low
P0130,Assembly_M4,Overloaded,20,42,Yes,Evening,Bearing_Steel_Chrome,82,29,48,Polishing_M3,Lathe_M1,2,1,3,,High,Hot,1,Low
P0121,Assembly_M4,Overloaded,2,7,Yes,Morning,Bearing_Stainless,52,13,19,Grinding_M2,Assembly_M4,9,1,3,0,Low,Warm,0,Low
P0405,Grinding_M2,Busy,22,44,Yes,Night,Ceramic_Hybrid,35,17,36,Packaging_Line,Grinding_M2,26,1,1,2,High,Normal,1,High
P0191,Lathe_M1,Idle,24,40,Yes,Evening,Bearing_Steel_Chrome,84,2,28,Assembly_M4,Lathe_M1,7,1,0,,High,Hot,1,Low
P0031,Polishing_M3,Idle,1,32,Yes,Morning,Bearing_Stainless,61,8,8,Polishing_M3,Polishing_M3,5,1,0,0,Low,Warm,0,Low
P0286,Polishing_M3,Maintenance,23,5,Yes,Morning,Ceramic_Hybrid,25,16,24,Packaging_Line,Polishing_M3,19,1,2,0,High,Normal,1,Medium
P0371,Grinding_M2,Overloaded,9,22,Yes,Evening,Ceramic_Hybrid,52,4,47,Packaging_Line,Polishing_M3,15,1,3,,Medium,Warm,0,Medium
P0278,Assembly_M4,Idle,10,42,Yes,Night,Bearing_Stainless,29,9,38,Assembly_M4,Assembly_M4,16,1,0,2,Medium,Normal,0,Medium
P0141,Grinding_M2,Busy,19,16,Yes,Evening,Bearing_Stainless,62,2,35,Assembly_M4,Polishing_M3,4,1,1,,High,Warm,1,Low
P0233,Lathe_M1,Maintenance,16,9,Yes,Morning,Ceramic_Hybrid,54,25,28,Assembly_M4,Grinding_M2,27,1,2,0,High,Warm,1,High
P0165,Lathe_M1,Maintenance,2,15,Yes,Night,Ceramic_Hybrid,69,5,30,Packaging_Line,Grinding_M2,27,1,2,2,Low,Warm,0,High
P0314,Polishing_M3,Overloaded,13,31,No,Night,Bearing_Stainless,66,20,54,Grinding_M2,Lathe_M1,6,0,3,2,Medium,Warm,0,Low
P0268,Lathe_M1,Busy,14,34,Yes,Morning,Bearing_Steel_Chrome,66,6,41,Polishing_M3,Lathe_M1,10,1,1,0,Medium,Warm,0,Medium
P0249,Grinding_M2,Busy,4,39,Yes,Night,Ceramic_Hybrid,47,7,8,Packaging_Line,Assembly_M4,18,1,1,2,Low,Normal,0,Medium
P0270,Polishing_M3,Busy,8,33,No,Morning,Ceramic_Hybrid,37,28,51,Grinding_M2,Lathe_M1,20,0,1,0,Medium,Normal,0,High
P0477,Grinding_M2,Maintenance,16,36,Yes,Evening,Ceramic_Hybrid,72,23,8,Grinding_M2,Polishing_M3,5,1,2,,High,Hot,1,Low
P0286,Assembly_M4,Overloaded,4,17,Yes,Night,Bearing_Stainless,58,14,26,Grinding_M2,Lathe_M1,21,1,3,2,Low,Warm,0,High
P0428,Polishing_M3,Busy,22,7,Yes,Night,Bearing_Steel_Chrome,66,3,36,Grinding_M2,Grinding_M2,13,1,1,2,High,Warm,1,Medium
P0273,Assembly_M4,Idle,18,25,Yes,Night,Ceramic_Hybrid,70,13,25,Polishing_M3,Grinding_M2,12,1,0,2,High,Hot,1,Medium
P0286,Assembly_M4,Busy,10,43,No,Night,Bearing_Stainless,28,20,5,Packaging_Line,Lathe_M1,28,0,1,2,Medium,Normal,0,High
P0086,Grinding_M2,Maintenance,23,39,No,Night,Bearing_Steel_Chrome,37,16,38,Packaging_Line,Polishing_M3,11,0,2,2,High,Normal,1,Medium
P0463,Polishing_M3,Overloaded,3,21,No,Evening,Ceramic_Hybrid,59,29,22,Packaging_Line,Polishing_M3,8,0,3,,Low,Warm,0,Low
P0312,Grinding_M2,Idle,21,28,No,Night,Ceramic_Hybrid,82,20,41,Assembly_M4,Polishing_M3,7,0,0,2,High,Hot,1,Low
P0493,Assembly_M4,Maintenance,20,12,No,Morning,Ceramic_Hybrid,52,6,21,Grinding_M2,Polishing_M3,5,0,2,0,High,Warm,1,Low
P0306,Lathe_M1,Idle,3,23,No,Morning,Bearing_Stainless,51,22,38,Polishing_M3,Grinding_M2,11,0,0,0,Low,Warm,0,Medium
P0439,Polishing_M3,Busy,21,16,No,Night,Ceramic_Hybrid,78,22,58,Polishing_M3,Lathe_M1,11,0,1,2,High,Hot,1,Medium
P0020,Assembly_M4,Overloaded,6,32,Yes,Morning,Bearing_Stainless,29,18,24,Assembly_M4,Grinding_M2,9,1,3,0,Medium,Normal,0,Low
P0120,Polishing_M3,Overloaded,13,16,Yes,Night,Bearing_Stainless,30,18,55,Polishing_M3,Lathe_M1,19,1,3,2,Medium,Normal,0,Medium
P0371,Polishing_M3,Maintenance,15,36,Yes,Evening,Ceramic_Hybrid,30,24,40,Grinding_M2,Polishing_M3,6,1,2,,High,Normal,1,Low
P0020,Assembly_M4,Busy,10,37,Yes,Evening,Bearing_Stainless,48,24,19,Packaging_Line,Assembly_M4,27,1,1,,Medium,Normal,0,High
P0477,Lathe_M1,Idle,10,21,Yes,Night,Ceramic_Hybrid,75,22,18,Packaging_Line,Lathe_M1,27,1,0,2,Medium,Hot,0,High
P0157,Lathe_M1,Overloaded,17,32,Yes,Evening,Ceramic_Hybrid,75,16,51,Polishing_M3,Grinding_M2,4,1,3,,High,Hot,1,Low
P0026,Assembly_M4,Maintenance,6,39,Yes,Morning,Bearing_Stainless,72,10,12,Assembly_M4,Assembly_M4,20,1,2,0,Medium,Hot,0,High
P0076,Grinding_M2,Overloaded,12,21,Yes,Evening,Ceramic_Hybrid,41,18,37,Grinding_M2,Assembly_M4,8,1,3,,Medium,Normal,0,Low
P0135,Lathe_M1,Maintenance,18,42,No,Night,Bearing_Steel_Chrome,27,28,9,Polishing_M3,Assembly_M4,13,0,2,2,High,Normal,1,Medium
P0287,Grinding_M2,Maintenance,14,35,No,Night,Ceramic_Hybrid,79,17,54,Polishing_M3,Grinding_M2,22,0,2,2,Medium,Hot,0,High
P0125,Lathe_M1,Overloaded,21,7,No,Evening,Ceramic_Hybrid,78,11,46,Grinding_M2,Lathe_M1,21,0,3,,High,Hot,1,High
P0344,Assembly_M4,Maintenance,15,16,No,Evening,Bearing_Steel_Chrome,26,10,28,Assembly_M4,Polishing_M3,3,0,2,,High,Normal,1,Low
P0305,Lathe_M1,Overloaded,23,34,Yes,Evening,Ceramic_Hybrid,81,16,39,Packaging_Line,Grinding_M2,19,1,3,,High,Hot,1,Medium
P0226,Lathe_M1,Idle,17,12,Yes,Night,Bearing_Stainless,50,18,44,Polishing_M3,Lathe_M1,7,1,0,2,High,Warm,1,Low
P0058,Lathe_M1,Idle,6,7,Yes,Evening,Bearing_Steel_Chrome,25,5,29,Assembly_M4,Lathe_M1,5,1,0,,Medium,Normal,0,Low
P0157,Assembly_M4,Maintenance,0,19,Yes,Evening,Bearing_Steel_Chrome,61,14,44,Polishing_M3,Grinding_M2,8,1,2,,Low,Warm,0,Low
P0280,Polishing_M3,Maintenance,4,13,Yes,Night,Ceramic_Hybrid,25,5,39,Grinding_M2,Assembly_M4,2,1,2,2,Low,Normal,0,Low
P0299,Lathe_M1,Overloaded,7,27,Yes,Morning,Bearing_Stainless,33,3,50,Polishing_M3,Polishing_M3,14,1,3,0,Medium,Normal,0,Medium
P0028,Assembly_M4,Busy,3,34,Yes,Evening,Ceramic_Hybrid,55,7,15,Assembly_M4,Polishing_M3,3,1,1,,Low,Warm,0,Low
P0443,Lathe_M1,Busy,7,7,No,Night,Bearing_Stainless,38,29,17,Polishing_M3,Assembly_M4,13,0,1,2,Medium,Normal,0,Medium
P0261,Lathe_M1,Overloaded,1,23,No,Night,Ceramic_Hybrid,83,7,20,Grinding_M2,Grinding_M2,2,0,3,2,Low,Hot,0,Low
P0102,Assembly_M4,Busy,7,21,Yes,Morning,Ceramic_Hybrid,79,3,46,Assembly_M4,Polishing_M3,28,1,1,0,Medium,Hot,0,High
P0251,Assembly_M4,Idle,15,42,Yes,Evening,Ceramic_Hybrid,84,3,6,Assembly_M4,Polishing_M3,26,1,0,,High,Hot,1,High
P0321,Polishing_M3,Idle,12,35,No,Morning,Ceramic_Hybrid,84,3,43,Assembly_M4,Assembly_M4,3,0,0,0,Medium,Hot,0,Low
P0456,Lathe_M1,Overloaded,7,27,Yes,Morning,Bearing_Stainless,38,25,59,Packaging_Line,Grinding_M2,27,1,3,0,Medium,Normal,0,High
P0045,Assembly_M4,Idle,21,33,No,Morning,Ceramic_Hybrid,63,22,43,Polishing_M3,Assembly_M4,1,0,0,0,High,Warm,1,Low
P0497,Polishing_M3,Overloaded,16,34,No,Night,Bearing_Steel_Chrome,77,14,25,Polishing_M3,Grinding_M2,19,0,3,2,High,Hot,1,Medium
P0298,Grinding_M2,Idle,20,23,No,Night,Ceramic_Hybrid,81,26,26,Polishing_M3,Assembly_M4,17,0,0,2,High,Hot,1,Medium
P0466,Grinding_M2,Idle,22,27,No,Morning,Ceramic_Hybrid,56,11,14,Grinding_M2,Grinding_M2,4,0,0,0,High,Warm,1,Low
P0163,Grinding_M2,Busy,7,24,No,Evening,Bearing_Stainless,56,19,18,Assembly_M4,Assembly_M4,18,0,1,,Medium,Warm,0,Medium
P0382,Polishing_M3,Idle,13,28,Yes,Morning,Bearing_Steel_Chrome,39,23,34,Polishing_M3,Lathe_M1,4,1,0,0,Medium,Normal,0,Low
P0391,Polishing_M3,Idle,12,27,Yes,Morning,Ceramic_Hybrid,32,19,16,Grinding_M2,Polishing_M3,23,1,0,0,Medium,Normal,0,High
P0041,Assembly_M4,Idle,13,38,No,Night,Ceramic_Hybrid,42,25,38,Assembly_M4,Grinding_M2,11,0,0,2,Medium,Normal,0,Medium
P0437,Assembly_M4,Maintenance,8,16,No,Morning,Bearing_Steel_Chrome,73,16,35,Polishing_M3,Grinding_M2,17,0,2,0,Medium,Hot,0,Medium
P0017,Assembly_M4,Busy,17,36,No,Evening,Bearing_Steel_Chrome,46,7,21,Polishing_M3,Grinding_M2,23,0,1,,High,Normal,1,High
P0034,Grinding_M2,Maintenance,23,12,No,Night,Bearing_Stainless,65,7,9,Packaging_Line,Grinding_M2,12,0,2,2,High,Warm,1,Medium
P0219,Assembly_M4,Busy,24,33,No,Night,Bearing_Stainless,52,12,5,Packaging_Line,Lathe_M1,11,0,1,2,High,Warm,1,Medium
P0267,Lathe_M1,Maintenance,18,13,No,Morning,Bearing_Steel_Chrome,51,3,48,Packaging_Line,Lathe_M1,4,0,2,0,High,Warm,1,Low
P0286,Assembly_M4,Busy,3,22,Yes,Evening,Bearing_Stainless,39,20,17,Packaging_Line,Polishing_M3,19,1,1,,Low,Normal,0,Medium
P0397,Polishing_M3,Maintenance,16,10,Yes,Evening,Bearing_Stainless,72,25,16,Grinding_M2,Grinding_M2,19,1,2,,High,Hot,1,Medium
P0238,Assembly_M4,Busy,4,21,Yes,Morning,Ceramic_Hybrid,82,24,30,Polishing_M3,Assembly_M4,29,1,1,0,Low,Hot,0,High
P0212,Polishing_M3,Maintenance,0,31,Yes,Morning,Bearing_Stainless,49,25,59,Polishing_M3,Assembly_M4,10,1,2,0,Low,Normal,0,Medium
P0047,Polishing_M3,Overloaded,14,27,Yes,Night,Ceramic_Hybrid,45,22,47,Grinding_M2,Lathe_M1,13,1,3,2,Medium,Normal,0,Medium
P0059,Assembly_M4,Overloaded,4,37,Yes,Night,Ceramic_Hybrid,48,13,15,Packaging_Line,Grinding_M2,17,1,3,2,Low,Normal,0,Medium
P0194,Assembly_M4,Busy,3,29,Yes,Evening,Ceramic_Hybrid,54,10,25,Polishing_M3,Grinding_M2,20,1,1,,Low,Warm,0,High
P0445,Grinding_M2,Idle,18,23,Yes,Evening,Bearing_Stainless,36,6,46,Assembly_M4,Assembly_M4,17,1,0,,High,Normal,1,Medium
P0148,Grinding_M2,Busy,4,43,Yes,Morning,Bearing_Steel_Chrome,52,10,39,Assembly_M4,Lathe_M1,15,1,1,0,Low,Warm,0,Medium
P0235,Assembly_M4,Maintenance,15,22,Yes,Night,Bearing_Stainless,38,4,48,Polishing_M3,Grinding_M2,9,1,2,2,High,Normal,1,Low
P0302,Assembly_M4,Maintenance,6,17,No,Evening,Bearing_Steel_Chrome,42,6,17,Grinding_M2,Grinding_M2,4,0,2,,Medium,Normal,0,Low
P0452,Polishing_M3,Idle,1,20,Yes,Morning,Bearing_Steel_Chrome,33,10,42,Grinding_M2,Polishing_M3,11,1,0,0,Low,Normal,0,Medium
P0019,Grinding_M2,Busy,21,26,No,Evening,Bearing_Steel_Chrome,57,5,49,Grinding_M2,Lathe_M1,23,0,1,,High,Warm,1,High
P0214,Grinding_M2,Idle,12,38,No,Night,Ceramic_Hybrid,33,25,12,Polishing_M3,Assembly_M4,7,0,0,2,Medium,Normal,0,Low
P0384,Polishing_M3,Busy,3,22,Yes,Evening,Bearing_Stainless,27,29,10,Assembly_M4,Assembly_M4,12,1,1,,Low,Normal,0,Medium
P0420,Lathe_M1,Maintenance,11,25,Yes,Evening,Bearing_Stainless,52,9,58,Polishing_M3,Lathe_M1,22,1,2,,Medium,Warm,0,High
P0356,Polishing_M3,Overloaded,0,40,No,Night,Bearing_Steel_Chrome,45,29,47,Polishing_M3,Lathe_M1,3,0,3,2,Low,Normal,0,Low
P0056,Lathe_M1,Maintenance,12,14,No,Evening,Ceramic_Hybrid,77,13,51,Assembly_M4,Polishing_M3,21,0,2,,Medium,Hot,0,High
P0270,Polishing_M3,Idle,9,17,No,Night,Ceramic_Hybrid,61,7,28,Packaging_Line,Assembly_M4,2,0,0,2,Medium,Warm,0,Low
P0414,Grinding_M2,Idle,21,21,No,Morning,Bearing_Steel_Chrome,60,15,14,Grinding_M2,Lathe_M1,3,0,0,0,High,Warm,1,Low
P0239,Lathe_M1,Idle,24,7,No,Evening,Bearing_Steel_Chrome,71,7,21,Assembly_M4,Polishing_M3,12,0,0,,High,Hot,1,Medium
P0287,Grinding_M2,Busy,21,28,Yes,Night,Bearing_Stainless,53,12,29,Assembly_M4,Lathe_M1,4,1,1,2,High,Warm,1,Low
P0158,Polishing_M3,Overloaded,5,5,Yes,Morning,Ceramic_Hybrid,44,24,32,Assembly_M4,Polishing_M3,16,1,3,0,Medium,Normal,0,Medium
P0203,Lathe_M1,Idle,14,21,Yes,Evening,Bearing_Stainless,64,29,16,Packaging_Line,Assembly_M4,27,1,0,,Medium,Warm,0,High
P0409,Lathe_M1,Idle,21,34,No,Morning,Ceramic_Hybrid,65,3,41,Packaging_Line,Polishing_M3,6,0,0,0,High,Warm,1,Low
P0237,Assembly_M4,Busy,6,36,No,Night,Ceramic_Hybrid,56,22,29,Assembly_M4,Lathe_M1,1,0,1,2,Medium,Warm,0,Low
P0107,Polishing_M3,Overloaded,22,11,Yes,Morning,Bearing_Stainless,76,26,16,Grinding_M2,Polishing_M3,16,1,3,0,High,Hot,1,Medium
P0193,Grinding_M2,Maintenance,15,40,Yes,Night,Bearing_Steel_Chrome,37,8,40,Assembly_M4,Polishing_M3,15,1,2,2,High,Normal,1,Medium
P0364,Lathe_M1,Overloaded,18,13,No,Morning,Bearing_Stainless,56,12,12,Polishing_M3,Polishing_M3,1,0,3,0,High,Warm,1,Low
P0232,Polishing_M3,Idle,22,29,No,Morning,Bearing_Steel_Chrome,80,9,49,Assembly_M4,Lathe_M1,22,0,0,0,High,Hot,1,High
P0399,Grinding_M2,Busy,3,44,No,Night,Bearing_Steel_Chrome,27,10,33,Packaging_Line,Grinding_M2,2,0,1,2,Low,Normal,0,Low
P0098,Polishing_M3,Maintenance,1,32,No,Evening,Bearing_Steel_Chrome,37,16,27,Grinding_M2,Grinding_M2,12,0,2,,Low,Normal,0,Medium
P0106,Lathe_M1,Maintenance,3,30,No,Night,Ceramic_Hybrid,64,10,59,Grinding_M2,Lathe_M1,5,0,2,2,Low,Warm,0,Low
P0160,Lathe_M1,Busy,23,36,No,Evening,Bearing_Steel_Chrome,44,19,15,Grinding_M2,Polishing_M3,15,0,1,,High,Normal,1,Medium
P0012,Polishing_M3,Idle,21,21,No,Morning,Bearing_Steel_Chrome,83,27,48,Assembly_M4,Polishing_M3,7,0,0,0,High,Hot,1,Low
P0273,Polishing_M3,Maintenance,9,30,Yes,Evening,Bearing_Steel_Chrome,49,11,49,Polishing_M3,Polishing_M3,19,1,2,,Medium,Normal,0,Medium
P0059,Lathe_M1,Busy,10,17,Yes,Night,Bearing_Stainless,77,9,44,Assembly_M4,Polishing_M3,4,1,1,2,Medium,Hot,0,Low
P0073,Polishing_M3,Idle,14,35,Yes,Morning,Bearing_Stainless,52,12,47,Assembly_M4,Assembly_M4,1,1,0,0,Medium,Warm,0,Low
P0026,Grinding_M2,Busy,16,42,No,Night,Bearing_Steel_Chrome,48,23,51,Grinding_M2,Assembly_M4,9,0,1,2,High,Normal,1,Low
P0028,Lathe_M1,Maintenance,13,30,No,Morning,Ceramic_Hybrid,73,19,9,Packaging_Line,Polishing_M3,20,0,2,0,Medium,Hot,0,High
P0160,Polishing_M3,Idle,19,15,Yes,Evening,Ceramic_Hybrid,80,23,37,Polishing_M3,Lathe_M1,18,1,0,,High,Hot,1,Medium
P0417,Assembly_M4,Busy,5,31,No,Evening,Ceramic_Hybrid,58,16,36,Packaging_Line,Assembly_M4,29,0,1,,Medium,Warm,0,High
P0119,Grinding_M2,Idle,20,9,No,Evening,Bearing_Stainless,30,7,26,Polishing_M3,Polishing_M3,18,0,0,,High,Normal,1,Medium
P0404,Polishing_M3,Maintenance,13,14,No,Morning,Bearing_Steel_Chrome,70,14,35,Packaging_Line,Lathe_M1,3,0,2,0,Medium,Hot,0,Low
P0180,Assembly_M4,Maintenance,5,33,Yes,Evening,Bearing_Stainless,32,13,49,Polishing_M3,Lathe_M1,11,1,2,,Medium,Normal,0,Medium
P0208,Lathe_M1,Overloaded,11,37,Yes,Evening,Ceramic_Hybrid,41,17,15,Packaging_Line,Assembly_M4,13,1,3,,Medium,Normal,0,Medium
P0303,Assembly_M4,Idle,17,15,Yes,Night,Bearing_Steel_Chrome,55,29,48,Packaging_Line,Assembly_M4,6,1,0,2,High,Warm,1,Low
P0034,Polishing_M3,Idle,8,20,No,Evening,Ceramic_Hybrid,28,4,52,Assembly_M4,Grinding_M2,24,0,0,,Medium,Normal,0,High
P0089,Lathe_M1,Maintenance,24,16,Yes,Night,Ceramic_Hybrid,35,6,29,Packaging_Line,Polishing_M3,18,1,2,2,High,Normal,1,Medium
P0285,Lathe_M1,Maintenance,18,27,Yes,Evening,Bearing_Stainless,79,7,58,Grinding_M2,Lathe_M1,18,1,2,,High,Hot,1,Medium
P0351,Assembly_M4,Overloaded,5,8,No,Night,Ceramic_Hybrid,68,20,33,Grinding_M2,Lathe_M1,27,0,3,2,Medium,Warm,0,High
P0112,Grinding_M2,Busy,1,21,Yes,Night,Bearing_Steel_Chrome,67,12,57,Packaging_Line,Polishing_M3,16,1,1,2,Low,Warm,0,Medium
P0200,Assembly_M4,Idle,1,38,Yes,Night,Bearing_Stainless,79,9,17,Assembly_M4,Polishing_M3,10,1,0,2,Low,Hot,0,Medium
P0471,Assembly_M4,Overloaded,7,34,Yes,Night,Bearing_Steel_Chrome,56,5,51,Packaging_Line,Grinding_M2,1,1,3,2,Medium,Warm,0,Low
P0437,Polishing_M3,Busy,10,43,No,Night,Bearing_Steel_Chrome,41,28,24,Grinding_M2,Polishing_M3,24,0,1,2,Medium,Normal,0,High
P0057,Polishing_M3,Busy,17,26,Yes,Evening,Ceramic_Hybrid,53,23,48,Packaging_Line,Polishing_M3,9,1,1,,High,Warm,1,Low
P0365,Assembly_M4,Maintenance,4,14,No,Evening,Ceramic_Hybrid,60,6,32,Polishing_M3,Grinding_M2,28,0,2,,Low,Warm,0,High
P0244,Grinding_M2,Idle,9,25,No,Evening,Bearing_Stainless,48,11,44,Polishing_M3,Polishing_M3,2,0,0,,Medium,Normal,0,Low
P0447,Grinding_M2,Idle,22,12,Yes,Morning,Ceramic_Hybrid,72,28,26,Grinding_M2,Grinding_M2,5,1,0,0,High,Hot,1,Low
P0370,Assembly_M4,Maintenance,24,33,Yes,Morning,Bearing_Steel_Chrome,27,13,17,Packaging_Line,Assembly_M4,13,1,2,0,High,Normal,1,Medium
P0458,Assembly_M4,Idle,9,40,No,Night,Bearing_Stainless,33,23,59,Packaging_Line,Assembly_M4,27,0,0,2,Medium,Normal,0,High
P0182,Grinding_M2,Idle,1,5,No,Night,Bearing_Steel_Chrome,56,26,33,Packaging_Line,Grinding_M2,7,0,0,2,Low,Warm,0,Low
P0365,Polishing_M3,Maintenance,16,7,No,Morning,Bearing_Steel_Chrome,44,21,57,Packaging_Line,Polishing_M3,3,0,2,0,High,Normal,1,Low
P0058,Assembly_M4,Busy,2,43,Yes,Night,Ceramic_Hybrid,51,27,18,Assembly_M4,Assembly_M4,17,1,1,2,Low,Warm,0,Medium
P0265,Lathe_M1,Busy,17,33,Yes,Evening,Ceramic_Hybrid,44,22,31,Grinding_M2,Polishing_M3,18,1,1,,High,Normal,1,Medium
P0314,Lathe_M1,Overloaded,3,5,Yes,Evening,Bearing_Stainless,74,2,30,Packaging_Line,Polishing_M3,13,1,3,,Low,Hot,0,Medium
P0216,Polishing_M3,Overloaded,19,27,No,Morning,Bearing_Steel_Chrome,34,28,15,Assembly_M4,Polishing_M3,9,0,3,0,High,Normal,1,Low
P0032,Assembly_M4,Idle,8,9,Yes,Night,Bearing_Stainless,82,2,21,Grinding_M2,Polishing_M3,22,1,0,2,Medium,Hot,0,High
P0249,Lathe_M1,Idle,1,33,Yes,Evening,Bearing_Stainless,28,6,15,Polishing_M3,Polishing_M3,24,1,0,,Low,Normal,0,High
P0141,Polishing_M3,Busy,18,25,Yes,Night,Bearing_Steel_Chrome,59,13,30,Polishing_M3,Assembly_M4,19,1,1,2,High,Warm,1,Medium
P0190,Grinding_M2,Overloaded,18,11,Yes,Evening,Bearing_Steel_Chrome,71,24,11,Grinding_M2,Polishing_M3,26,1,3,,High,Hot,1,High
P0044,Grinding_M2,Idle,7,9,No,Evening,Bearing_Stainless,45,15,8,Polishing_M3,Assembly_M4,23,0,0,,Medium,Normal,0,High
P0372,Grinding_M2,Idle,9,24,No,Morning,Ceramic_Hybrid,39,19,56,Assembly_M4,Lathe_M1,13,0,0,0,Medium,Normal,0,Medium
P0027,Grinding_M2,Maintenance,7,23,No,Evening,Bearing_Stainless,72,8,50,Packaging_Line,Grinding_M2,28,0,2,,Medium,Hot,0,High
P0195,Assembly_M4,Maintenance,13,31,No,Morning,Ceramic_Hybrid,28,27,19,Packaging_Line,Lathe_M1,3,0,2,0,Medium,Normal,0,Low
P0148,Assembly_M4,Maintenance,4,5,No,Night,Ceramic_Hybrid,27,16,28,Grinding_M2,Lathe_M1,27,0,2,2,Low,Normal,0,High
P0470,Polishing_M3,Maintenance,7,40,No,Evening,Bearing_Stainless,58,25,28,Assembly_M4,Lathe_M1,10,0,2,,Medium,Warm,0,Medium
P0131,Assembly_M4,Maintenance,3,7,Yes,Night,Ceramic_Hybrid,58,26,53,Polishing_M3,Polishing_M3,23,1,2,2,Low,Warm,0,High
P0347,Grinding_M2,Overloaded,20,27,Yes,Night,Bearing_Steel_Chrome,69,6,35,Grinding_M2,Lathe_M1,21,1,3,2,High,Warm,1,High
P0211,Lathe_M1,Busy,8,10,No,Evening,Bearing_Steel_Chrome,61,26,14,Assembly_M4,Polishing_M3,8,0,1,,Medium,Warm,0,Low
P0099,Lathe_M1,Busy,6,43,Yes,Morning,Ceramic_Hybrid,62,22,24,Polishing_M3,Lathe_M1,3,1,1,0,Medium,Warm,0,Low
P0363,Lathe_M1,Busy,18,26,Yes,Evening,Ceramic_Hybrid,71,5,32,Polishing_M3,Lathe_M1,12,1,1,,High,Hot,1,Medium
P0357,Grinding_M2,Overloaded,5,40,No,Evening,Ceramic_Hybrid,71,10,9,Grinding_M2,Assembly_M4,13,0,3,,Medium,Hot,0,Medium
P0473,Polishing_M3,Maintenance,22,34,No,Evening,Bearing_Steel_Chrome,61,26,52,Grinding_M2,Polishing_M3,27,0,2,,High,Warm,1,High
P0398,Lathe_M1,Maintenance,18,18,No,Evening,Bearing_Steel_Chrome,81,17,51,Assembly_M4,Polishing_M3,22,0,2,,High,Hot,1,High
P0092,Assembly_M4,Busy,3,43,No,Morning,Ceramic_Hybrid,40,25,26,Packaging_Line,Grinding_M2,21,0,1,0,Low,Normal,0,High
P0331,Assembly_M4,Busy,21,25,Yes,Night,Bearing_Stainless,32,18,20,Polishing_M3,Lathe_M1,27,1,1,2,High,Normal,1,High
P0468,Assembly_M4,Overloaded,22,35,Yes,Morning,Bearing_Steel_Chrome,66,11,36,Grinding_M2,Polishing_M3,27,1,3,0,High,Warm,1,High
P0398,Assembly_M4,Busy,1,13,No,Morning,Ceramic_Hybrid,41,12,36,Grinding_M2,Lathe_M1,10,0,1,0,Low,Normal,0,Medium
P0341,Assembly_M4,Overloaded,21,21,Yes,Night,Bearing_Stainless,28,17,56,Packaging_Line,Lathe_M1,15,1,3,2,High,Normal,1,Medium
P0264,Assembly_M4,Maintenance,24,25,No,Evening,Ceramic_Hybrid,61,7,53,Grinding_M2,Grinding_M2,1,0,2,,High,Warm,1,Low
P0002,Assembly_M4,Maintenance,24,40,Yes,Night,Ceramic_Hybrid,41,10,28,Assembly_M4,Polishing_M3,2,1,2,2,High,Normal,1,Low
P0350,Polishing_M3,Maintenance,7,19,Yes,Night,Ceramic_Hybrid,56,8,10,Grinding_M2,Polishing_M3,1,1,2,2,Medium,Warm,0,Low
P0274,Polishing_M3,Busy,14,27,No,Evening,Ceramic_Hybrid,82,8,21,Polishing_M3,Grinding_M2,2,0,1,,Medium,Hot,0,Low
P0284,Lathe_M1,Maintenance,8,33,Yes,Evening,Ceramic_Hybrid,33,14,10,Packaging_Line,Lathe_M1,6,1,2,,Medium,Normal,0,Low
P0323,Polishing_M3,Maintenance,19,7,Yes,Night,Bearing_Stainless,41,18,16,Polishing_M3,Grinding_M2,16,1,2,2,High,Normal,1,Medium
P0019,Grinding_M2,Busy,14,5,Yes,Evening,Bearing_Stainless,41,4,30,Grinding_M2,Polishing_M3,15,1,1,,Medium,Normal,0,Medium
P0256,Assembly_M4,Busy,3,36,Yes,Evening,Bearing_Steel_Chrome,56,5,22,Assembly_M4,Lathe_M1,17,1,1,,Low,Warm,0,Medium
P0208,Lathe_M1,Idle,18,39,No,Night,Ceramic_Hybrid,64,15,37,Polishing_M3,Grinding_M2,14,0,0,2,High,Warm,1,Medium
P0474,Lathe_M1,Busy,1,8,Yes,Evening,Ceramic_Hybrid,48,28,33,Grinding_M2,Assembly_M4,19,1,1,,Low,Normal,0,Medium
P0465,Lathe_M1,Idle,5,37,Yes,Morning,Bearing_Steel_Chrome,73,9,23,Grinding_M2,Polishing_M3,21,1,0,0,Medium,Hot,0,High
P0421,Lathe_M1,Maintenance,0,9,Yes,Night,Bearing_Steel_Chrome,51,17,10,Grinding_M2,Lathe_M1,8,1,2,2,Low,Warm,0,Low
P0255,Grinding_M2,Busy,12,39,Yes,Evening,Bearing_Stainless,43,13,20,Packaging_Line,Polishing_M3,27,1,1,,Medium,Normal,0,High
P0062,Grinding_M2,Overloaded,10,14,Yes,Morning,Ceramic_Hybrid,49,21,35,Polishing_M3,Polishing_M3,4,1,3,0,Medium,Normal,0,Low
P0033,Lathe_M1,Overloaded,11,27,Yes,Evening,Bearing_Steel_Chrome,26,25,26,Assembly_M4,Grinding_M2,19,1,3,,Medium,Normal,0,Medium
P0225,Grinding_M2,Busy,24,41,Yes,Morning,Ceramic_Hybrid,32,8,18,Packaging_Line,Grinding_M2,24,1,1,0,High,Normal,1,High
P0009,Assembly_M4,Busy,22,7,Yes,Morning,Bearing_Steel_Chrome,74,17,59,Grinding_M2,Polishing_M3,19,1,1,0,High,Hot,1,Medium
P0214,Assembly_M4,Idle,18,22,Yes,Morning,Ceramic_Hybrid,76,17,12,Assembly_M4,Assembly_M4,28,1,0,0,High,Hot,1,High
P0211,Grinding_M2,Idle,0,16,Yes,Night,Bearing_Steel_Chrome,77,12,9,Packaging_Line,Lathe_M1,27,1,0,2,Low,Hot,0,High
P0322,Polishing_M3,Overloaded,11,21,No,Morning,Ceramic_Hybrid,30,2,9,Polishing_M3,Grinding_M2,25,0,3,0,Medium,Normal,0,High
P0061,Lathe_M1,Overloaded,13,9,Yes,Evening,Ceramic_Hybrid,78,25,37,Polishing_M3,Polishing_M3,18,1,3,,Medium,Hot,0,Medium
P0028,Grinding_M2,Busy,15,23,Yes,Night,Bearing_Stainless,46,6,6,Packaging_Line,Grinding_M2,15,1,1,2,High,Normal,1,Medium
P0082,Lathe_M1,Busy,6,8,No,Evening,Bearing_Steel_Chrome,57,14,24,Packaging_Line,Polishing_M3,22,0,1,,Medium,Warm,0,High
P0172,Assembly_M4,Busy,6,19,Yes,Night,Bearing_Steel_Chrome,47,15,27,Polishing_M3,Grinding_M2,19,1,1,2,Medium,Normal,0,Medium
P0403,Lathe_M1,Maintenance,21,33,Yes,Morning,Bearing_Steel_Chrome,80,21,33,Packaging_Line,Polishing_M3,24,1,2,0,High,Hot,1,High
P0215,Grinding_M2,Overloaded,17,14,Yes,Morning,Bearing_Stainless,65,26,12,Polishing_M3,Lathe_M1,26,1,3,0,High,Warm,1,High
P0122,Assembly_M4,Idle,9,21,No,Morning,Bearing_Steel_Chrome,26,7,9,Packaging_Line,Assembly_M4,28,0,0,0,Medium,Normal,0,High
P0028,Assembly_M4,Idle,8,9,Yes,Night,Bearing_Stainless,42,27,24,Polishing_M3,Assembly_M4,9,1,0,2,Medium,Normal,0,Low
P0192,Grinding_M2,Maintenance,16,31,Yes,Night,Bearing_Stainless,73,13,11,Assembly_M4,Grinding_M2,27,1,2,2,High,Hot,1,High
P0172,Grinding_M2,Busy,2,14,Yes,Evening,Bearing_Steel_Chrome,58,26,39,Grinding_M2,Assembly_M4,16,1,1,,Low,Warm,0,Medium
P0235,Assembly_M4,Idle,1,28,No,Morning,Bearing_Stainless,34,7,26,Polishing_M3,Grinding_M2,26,0,0,0,Low,Normal,0,High
P0296,Grinding_M2,Busy,10,43,No,Night,Bearing_Stainless,51,16,42,Polishing_M3,Assembly_M4,20,0,1,2,Medium,Warm,0,High
P0429,Assembly_M4,Overloaded,8,24,Yes,Night,Bearing_Stainless,68,20,24,Polishing_M3,Grinding_M2,3,1,3,2,Medium,Warm,0,Low
P0168,Assembly_M4,Idle,14,6,Yes,Night,Bearing_Steel_Chrome,54,22,38,Packaging_Line,Lathe_M1,22,1,0,2,Medium,Warm,0,High
P0021,Assembly_M4,Busy,2,10,No,Night,Bearing_Stainless,39,28,14,Packaging_Line,Lathe_M1,9,0,1,2,Low,Normal,0,Low
P0232,Assembly_M4,Idle,0,36,Yes,Night,Bearing_Steel_Chrome,72,7,45,Packaging_Line,Grinding_M2,27,1,0,2,Low,Hot,0,High
P0068,Polishing_M3,Overloaded,3,6,Yes,Night,Bearing_Steel_Chrome,53,5,5,Grinding_M2,Assembly_M4,19,1,3,2,Low,Warm,0,Medium
P0343,Polishing_M3,Idle,24,14,No,Night,Ceramic_Hybrid,77,16,26,Grinding_M2,Assembly_M4,19,0,0,2,High,Hot,1,Medium
P0238,Grinding_M2,Maintenance,15,25,Yes,Evening,Ceramic_Hybrid,83,25,26,Packaging_Line,Lathe_M1,4,1,2,,High,Hot,1,Low
P0441,Lathe_M1,Maintenance,1,34,No,Night,Bearing_Steel_Chrome,49,14,32,Assembly_M4,Assembly_M4,1,0,2,2,Low,Normal,0,Low
P0386,Polishing_M3,Idle,16,8,Yes,Night,Bearing_Stainless,31,18,13,Grinding_M2,Polishing_M3,4,1,0,2,High,Normal,1,Low
P0455,Lathe_M1,Busy,18,5,No,Evening,Bearing_Stainless,34,5,13,Grinding_M2,Polishing_M3,13,0,1,,High,Normal,1,Medium
P0188,Grinding_M2,Busy,13,36,Yes,Morning,Bearing_Stainless,56,7,52,Polishing_M3,Lathe_M1,6,1,1,0,Medium,Warm,0,Low
P0333,Assembly_M4,Idle,16,14,Yes,Evening,Bearing_Stainless,74,28,58,Assembly_M4,Assembly_M4,18,1,0,,High,Hot,1,Medium
P0142,Lathe_M1,Busy,2,25,No,Evening,Bearing_Stainless,49,29,51,Packaging_Line,Lathe_M1,15,0,1,,Low,Normal,0,Medium
P0241,Polishing_M3,Maintenance,3,33,No,Night,Ceramic_Hybrid,83,10,31,Grinding_M2,Grinding_M2,26,0,2,2,Low,Hot,0,High
P0457,Assembly_M4,Busy,18,32,Yes,Evening,Bearing_Steel_Chrome,41,12,45,Assembly_M4,Lathe_M1,10,1,1,,High,Normal,1,Medium
P0056,Grinding_M2,Overloaded,17,24,Yes,Night,Bearing_Steel_Chrome,69,9,43,Packaging_Line,Grinding_M2,17,1,3,2,High,Warm,1,Medium
P0448,Grinding_M2,Busy,20,27,No,Evening,Ceramic_Hybrid,71,21,51,Polishing_M3,Assembly_M4,1,0,1,,High,Hot,1,Low
P0178,Assembly_M4,Maintenance,24,9,Yes,Evening,Bearing_Steel_Chrome,67,17,38,Grinding_M2,Lathe_M1,8,1,2,,High,Warm,1,Low
P0447,Grinding_M2,Overloaded,10,7,No,Night,Bearing_Stainless,82,2,15,Assembly_M4,Assembly_M4,16,0,3,2,Medium,Hot,0,Medium
P0304,Assembly_M4,Maintenance,17,34,No,Night,Bearing_Steel_Chrome,72,24,14,Assembly_M4,Grinding_M2,18,0,2,2,High,Hot,1,Medium
P0405,Polishing_M3,Idle,5,23,No,Evening,Bearing_Stainless,60,28,17,Grinding_M2,Grinding_M2,24,0,0,,Medium,Warm,0,High
P0181,Polishing_M3,Maintenance,13,7,Yes,Night,Bearing_Steel_Chrome,34,7,5,Assembly_M4,Grinding_M2,23,1,2,2,Medium,Normal,0,High
P0499,Grinding_M2,Idle,23,31,Yes,Morning,Bearing_Steel_Chrome,70,9,55,Grinding_M2,Polishing_M3,14,1,0,0,High,Hot,1,Medium
P0295,Grinding_M2,Maintenance,9,21,No,Evening,Bearing_Steel_Chrome,33,7,47,Polishing_M3,Lathe_M1,25,0,2,,Medium,Normal,0,High
P0341,Polishing_M3,Overloaded,6,32,Yes,Evening,Bearing_Stainless,57,23,41,Polishing_M3,Polishing_M3,9,1,3,,Medium,Warm,0,Low
P0063,Lathe_M1,Maintenance,17,25,No,Morning,Bearing_Stainless,26,27,47,Assembly_M4,Grinding_M2,27,0,2,0,High,Normal,1,High
P0003,Polishing_M3,Overloaded,5,44,No,Evening,Ceramic_Hybrid,60,19,47,Polishing_M3,Assembly_M4,5,0,3,,Medium,Warm,0,Low
P0174,Lathe_M1,Maintenance,14,32,Yes,Morning,Ceramic_Hybrid,42,3,26,Grinding_M2,Polishing_M3,11,1,2,0,Medium,Normal,0,Medium
P0013,Assembly_M4,Idle,24,17,No,Evening,Bearing_Steel_Chrome,28,23,11,Assembly_M4,Lathe_M1,29,0,0,,High,Normal,1,High
P0312,Grinding_M2,Idle,10,28,No,Morning,Bearing_Steel_Chrome,28,29,19,Grinding_M2,Assembly_M4,1,0,0,0,Medium,Normal,0,Low
P0347,Lathe_M1,Maintenance,22,7,Yes,Evening,Bearing_Stainless,38,7,54,Grinding_M2,Polishing_M3,25,1,2,,High,Normal,1,High
P0204,Grinding_M2,Maintenance,0,42,No,Evening,Bearing_Stainless,62,22,52,Grinding_M2,Polishing_M3,29,0,2,,Low,Warm,0,High
P0177,Polishing_M3,Overloaded,4,14,No,Night,Bearing_Steel_Chrome,52,22,54,Polishing_M3,Assembly_M4,7,0,3,2,Low,Warm,0,Low
P0380,Assembly_M4,Maintenance,2,24,No,Morning,Ceramic_Hybrid,43,4,8,Packaging_Line,Assembly_M4,5,0,2,0,Low,Normal,0,Low
P0072,Lathe_M1,Idle,0,8,Yes,Evening,Bearing_Stainless,36,29,31,Assembly_M4,Lathe_M1,24,1,0,,Low,Normal,0,High
P0478,Assembly_M4,Busy,9,27,Yes,Evening,Ceramic_Hybrid,49,22,56,Assembly_M4,Assembly_M4,24,1,1,,Medium,Normal,0,High
P0090,Assembly_M4,Idle,24,36,Yes,Morning,Bearing_Stainless,79,6,40,Assembly_M4,Assembly_M4,14,1,0,0,High,Hot,1,Medium
P0022,Polishing_M3,Overloaded,9,43,No,Night,Ceramic_Hybrid,40,2,53,Packaging_Line,Grinding_M2,21,0,3,2,Medium,Normal,0,High
P0014,Lathe_M1,Idle,8,10,No,Evening,Ceramic_Hybrid,75,14,39,Packaging_Line,Lathe_M1,7,0,0,,Medium,Hot,0,Low
P0335,Polishing_M3,Maintenance,21,9,Yes,Evening,Ceramic_Hybrid,66,24,21,Polishing_M3,Lathe_M1,12,1,2,,High,Warm,1,Medium
P0062,Polishing_M3,Maintenance,22,20,Yes,Night,Ceramic_Hybrid,27,26,26,Assembly_M4,Assembly_M4,9,1,2,2,High,Normal,1,Low
P0290,Assembly_M4,Overloaded,14,41,No,Night,Bearing_Steel_Chrome,47,14,36,Assembly_M4,Lathe_M1,14,0,3,2,Medium,Normal,0,Medium
P0433,Polishing_M3,Idle,19,27,Yes,Morning,Bearing_Stainless,69,18,59,Packaging_Line,Grinding_M2,8,1,0,0,High,Warm,1,Low
P0183,Grinding_M2,Busy,20,6,No,Evening,Bearing_Stainless,61,7,48,Assembly_M4,Lathe_M1,18,0,1,,High,Warm,1,Medium
P0149,Polishing_M3,Busy,21,37,Yes,Night,Bearing_Steel_Chrome,54,18,47,Grinding_M2,Grinding_M2,10,1,1,2,High,Warm,1,Medium
P0279,Polishing_M3,Overloaded,18,18,No,Evening,Ceramic_Hybrid,82,11,51,Assembly_M4,Lathe_M1,28,0,3,,High,Hot,1,High
P0274,Polishing_M3,Idle,18,40,Yes,Morning,Ceramic_Hybrid,58,10,46,Assembly_M4,Polishing_M3,28,1,0,0,High,Warm,1,High
P0399,Assembly_M4,Maintenance,10,18,No,Morning,Bearing_Steel_Chrome,63,24,51,Polishing_M3,Grinding_M2,22,0,2,0,Medium,Warm,0,High
P0258,Grinding_M2,Idle,18,19,Yes,Evening,Bearing_Stainless,52,25,12,Grinding_M2,Lathe_M1,11,1,0,,High,Warm,1,Medium
P0420,Grinding_M2,Busy,8,37,No,Evening,Bearing_Stainless,57,20,7,Assembly_M4,Grinding_M2,10,0,1,,Medium,Warm,0,Medium
P0419,Assembly_M4,Overloaded,7,5,Yes,Night,Bearing_Stainless,53,19,38,Grinding_M2,Lathe_M1,19,1,3,2,Medium,Warm,0,Medium
P0114,Grinding_M2,Idle,12,5,Yes,Evening,Bearing_Steel_Chrome,58,17,51,Polishing_M3,Grinding_M2,13,1,0,,Medium,Warm,0,Medium
P0041,Assembly_M4,Busy,15,33,Yes,Morning,Bearing_Stainless,63,25,30,Packaging_Line,Lathe_M1,17,1,1,0,High,Warm,1,Medium
P0101,Lathe_M1,Busy,6,17,Yes,Evening,Bearing_Steel_Chrome,29,27,53,Assembly_M4,Lathe_M1,3,1,1,,Medium,Normal,0,Low
P0034,Polishing_M3,Busy,6,43,Yes,Morning,Ceramic_Hybrid,77,2,53,Polishing_M3,Grinding_M2,17,1,1,0,Medium,Hot,0,Medium
P0095,Polishing_M3,Busy,10,29,Yes,Morning,Ceramic_Hybrid,83,4,19,Assembly_M4,Polishing_M3,29,1,1,0,Medium,Hot,0,High
P0181,Grinding_M2,Idle,20,36,Yes,Morning,Ceramic_Hybrid,50,29,20,Grinding_M2,Grinding_M2,25,1,0,0,High,Warm,1,High
P0367,Grinding_M2,Overloaded,21,32,Yes,Night,Bearing_Steel_Chrome,33,25,5,Grinding_M2,Grinding_M2,29,1,3,2,High,Normal,1,High
P0472,Assembly_M4,Overloaded,24,26,Yes,Evening,Ceramic_Hybrid,40,10,55,Grinding_M2,Grinding_M2,12,1,3,,High,Normal,1,Medium
P0428,Polishing_M3,Maintenance,18,11,No,Morning,Ceramic_Hybrid,38,20,23,Polishing_M3,Assembly_M4,2,0,2,0,High,Normal,1,Low
P0058,Polishing_M3,Busy,8,19,No,Morning,Ceramic_Hybrid,27,12,57,Polishing_M3,Assembly_M4,14,0,1,0,Medium,Normal,0,Medium
P0391,Polishing_M3,Overloaded,24,44,Yes,Morning,Bearing_Stainless,42,20,52,Packaging_Line,Lathe_M1,2,1,3,0,High,Normal,1,Low
P0198,Polishing_M3,Maintenance,7,26,No,Night,Bearing_Stainless,30,13,51,Polishing_M3,Assembly_M4,25,0,2,2,Medium,Normal,0,High
P0149,Assembly_M4,Idle,7,40,Yes,Evening,Ceramic_Hybrid,39,29,56,Assembly_M4,Grinding_M2,25,1,0,,Medium,Normal,0,High
P0007,Assembly_M4,Busy,16,22,No,Evening,Ceramic_Hybrid,26,14,49,Grinding_M2,Lathe_M1,22,0,1,,High,Normal,1,High
P0074,Assembly_M4,Maintenance,14,24,Yes,Night,Bearing_Steel_Chrome,53,28,46,Grinding_M2,Polishing_M3,29,1,2,2,Medium,Warm,0,High
P0500,Grinding_M2,Overloaded,2,23,Yes,Night,Bearing_Stainless,27,23,18,Grinding_M2,Grinding_M2,8,1,3,2,Low,Normal,0,Low
P0430,Assembly_M4,Maintenance,22,8,No,Night,Ceramic_Hybrid,83,29,56,Assembly_M4,Assembly_M4,11,0,2,2,High,Hot,1,Medium
P0183,Assembly_M4,Maintenance,10,36,No,Night,Bearing_Stainless,51,12,6,Polishing_M3,Assembly_M4,17,0,2,2,Medium,Warm,0,Medium
P0056,Lathe_M1,Overloaded,8,32,No,Evening,Bearing_Steel_Chrome,55,29,38,Polishing_M3,Lathe_M1,29,0,3,,Medium,Warm,0,High
P0051,Lathe_M1,Busy,23,19,No,Night,Bearing_Steel_Chrome,72,26,40,Polishing_M3,Assembly_M4,8,0,1,2,High,Hot,1,Low
P0310,Polishing_M3,Idle,8,41,No,Night,Ceramic_Hybrid,72,14,43,Grinding_M2,Lathe_M1,26,0,0,2,Medium,Hot,0,High
P0339,Assembly_M4,Maintenance,19,21,Yes,Evening,Ceramic_Hybrid,59,6,23,Packaging_Line,Assembly_M4,12,1,2,,High,Warm,1,Medium
P0259,Polishing_M3,Overloaded,6,32,Yes,Morning,Bearing_Stainless,33,29,10,Grinding_M2,Assembly_M4,29,1,3,0,Medium,Normal,0,High
P0231,Polishing_M3,Maintenance,16,20,No,Evening,Bearing_Steel_Chrome,47,4,25,Grinding_M2,Grinding_M2,26,0,2,,High,Normal,1,High
P0286,Polishing_M3,Idle,3,41,No,Evening,Bearing_Steel_Chrome,77,23,46,Assembly_M4,Assembly_M4,12,0,0,,Low,Hot,0,Medium
P0250,Lathe_M1,Maintenance,9,17,No,Evening,Ceramic_Hybrid,35,23,20,Polishing_M3,Lathe_M1,8,0,2,,Medium,Normal,0,Low
P0201,Polishing_M3,Maintenance,7,44,No,Night,Ceramic_Hybrid,69,28,6,Assembly_M4,Polishing_M3,12,0,2,2,Medium,Warm,0,Medium
P0165,Lathe_M1,Busy,9,15,Yes,Morning,Bearing_Stainless,39,17,21,Assembly_M4,Lathe_M1,26,1,1,0,Medium,Normal,0,High
P0392,Polishing_M3,Maintenance,1,16,Yes,Evening,Bearing_Stainless,75,27,27,Assembly_M4,Assembly_M4,18,1,2,,Low,Hot,0,Medium
P0180,Lathe_M1,Idle,16,42,Yes,Morning,Ceramic_Hybrid,81,16,7,Assembly_M4,Lathe_M1,6,1,0,0,High,Hot,1,Low
P0467,Lathe_M1,Overloaded,2,34,Yes,Evening,Bearing_Steel_Chrome,25,14,36,Grinding_M2,Polishing_M3,28,1,3,,Low,Normal,0,High
P0020,Assembly_M4,Maintenance,20,17,No,Evening,Bearing_Steel_Chrome,51,5,11,Packaging_Line,Lathe_M1,22,0,2,,High,Warm,1,High
P0163,Assembly_M4,Maintenance,9,43,No,Night,Bearing_Steel_Chrome,77,16,19,Packaging_Line,Lathe_M1,4,0,2,2,Medium,Hot,0,Low
P0354,Grinding_M2,Overloaded,22,10,No,Night,Ceramic_Hybrid,48,21,41,Assembly_M4,Grinding_M2,20,0,3,2,High,Normal,1,High
P0315,Polishing_M3,Overloaded,11,37,No,Morning,Bearing_Stainless,52,9,5,Grinding_M2,Grinding_M2,5,0,3,0,Medium,Warm,0,Low
P0148,Polishing_M3,Busy,21,10,No,Night,Bearing_Stainless,45,4,19,Polishing_M3,Lathe_M1,5,0,1,2,High,Normal,1,Low
P0368,Lathe_M1,Overloaded,23,10,No,Morning,Ceramic_Hybrid,49,25,50,Packaging_Line,Assembly_M4,27,0,3,0,High,Normal,1,High
P0108,Polishing_M3,Busy,23,44,No,Night,Bearing_Stainless,53,8,44,Packaging_Line,Polishing_M3,13,0,1,2,High,Warm,1,Medium
P0103,Assembly_M4,Maintenance,5,22,No,Night,Ceramic_Hybrid,26,9,15,Packaging_Line,Grinding_M2,1,0,2,2,Medium,Normal,0,Low
P0452,Lathe_M1,Idle,21,42,No,Morning,Ceramic_Hybrid,72,28,24,Packaging_Line,Polishing_M3,12,0,0,0,High,Hot,1,Medium
P0480,Assembly_M4,Busy,10,35,Yes,Evening,Bearing_Stainless,51,11,7,Polishing_M3,Grinding_M2,13,1,1,,Medium,Warm,0,Medium
P0078,Polishing_M3,Maintenance,2,35,No,Evening,Bearing_Steel_Chrome,39,17,17,Polishing_M3,Assembly_M4,17,0,2,,Low,Normal,0,Medium
P0137,Polishing_M3,Idle,2,15,No,Night,Ceramic_Hybrid,83,22,55,Polishing_M3,Assembly_M4,22,0,0,2,Low,Hot,0,High
P0123,Lathe_M1,Idle,10,34,Yes,Morning,Bearing_Steel_Chrome,84,17,57,Assembly_M4,Assembly_M4,3,1,0,0,Medium,Hot,0,Low
P0249,Assembly_M4,Maintenance,21,42,Yes,Morning,Bearing_Steel_Chrome,55,15,28,Assembly_M4,Grinding_M2,18,1,2,0,High,Warm,1,Medium
P0015,Polishing_M3,Overloaded,16,36,Yes,Night,Bearing_Steel_Chrome,60,24,19,Packaging_Line,Lathe_M1,11,1,3,2,High,Warm,1,Medium
P0029,Lathe_M1,Overloaded,2,7,No,Morning,Bearing_Stainless,40,6,25,Assembly_M4,Lathe_M1,29,0,3,0,Low,Normal,0,High
P0204,Grinding_M2,Idle,9,23,Yes,Night,Ceramic_Hybrid,49,5,33,Grinding_M2,Polishing_M3,19,1,0,2,Medium,Normal,0,Medium
P0255,Lathe_M1,Idle,10,6,Yes,Evening,Bearing_Stainless,34,12,29,Packaging_Line,Grinding_M2,20,1,0,,Medium,Normal,0,High
P0479,Assembly_M4,Idle,15,23,Yes,Morning,Bearing_Steel_Chrome,47,25,15,Polishing_M3,Polishing_M3,14,1,0,0,High,Normal,1,Medium
P0226,Assembly_M4,Overloaded,1,32,Yes,Evening,Ceramic_Hybrid,29,28,9,Assembly_M4,Lathe_M1,19,1,3,,Low,Normal,0,Medium
P0163,Assembly_M4,Maintenance,20,16,Yes,Evening,Bearing_Steel_Chrome,74,5,58,Assembly_M4,Assembly_M4,17,1,2,,High,Hot,1,Medium
P0367,Polishing_M3,Overloaded,9,24,Yes,Night,Ceramic_Hybrid,62,26,18,Grinding_M2,Lathe_M1,11,1,3,2,Medium,Warm,0,Medium
P0354,Grinding_M2,Overloaded,10,22,No,Evening,Ceramic_Hybrid,51,24,58,Assembly_M4,Lathe_M1,18,0,3,,Medium,Warm,0,Medium
P0274,Grinding_M2,Maintenance,23,27,No,Morning,Bearing_Stainless,35,22,48,Assembly_M4,Polishing_M3,5,0,2,0,High,Normal,1,Low
P0047,Grinding_M2,Overloaded,22,29,Yes,Morning,Bearing_Stainless,65,23,14,Assembly_M4,Assembly_M4,22,1,3,0,High,Warm,1,High
P0405,Lathe_M1,Overloaded,18,5,Yes,Evening,Bearing_Stainless,31,5,5,Packaging_Line,Polishing_M3,15,1,3,,High,Normal,1,Medium
P0368,Assembly_M4,Busy,7,16,Yes,Night,Bearing_Stainless,46,23,54,Grinding_M2,Polishing_M3,15,1,1,2,Medium,Normal,0,Medium
P0216,Polishing_M3,Maintenance,16,33,Yes,Morning,Ceramic_Hybrid,70,15,54,Polishing_M3,Assembly_M4,20,1,2,0,High,Hot,1,High
P0406,Grinding_M2,Busy,17,37,No,Morning,Ceramic_Hybrid,79,28,47,Assembly_M4,Polishing_M3,15,0,1,0,High,Hot,1,Medium
P0295,Lathe_M1,Busy,11,44,Yes,Morning,Ceramic_Hybrid,78,21,34,Polishing_M3,Assembly_M4,6,1,1,0,Medium,Hot,0,Low
P0406,Polishing_M3,Maintenance,2,32,No,Night,Bearing_Steel_Chrome,80,27,34,Assembly_M4,Grinding_M2,13,0,2,2,Low,Hot,0,Medium
P0352,Polishing_M3,Overloaded,12,6,Yes,Morning,Bearing_Stainless,61,18,42,Assembly_M4,Grinding_M2,2,1,3,0,Medium,Warm,0,Low
P0202,Assembly_M4,Idle,3,30,Yes,Morning,Ceramic_Hybrid,35,9,48,Polishing_M3,Lathe_M1,8,1,0,0,Low,Normal,0,Low
P0499,Assembly_M4,Idle,10,26,No,Night,Bearing_Steel_Chrome,44,9,33,Grinding_M2,Assembly_M4,8,0,0,2,Medium,Normal,0,Low
P0317,Assembly_M4,Overloaded,16,24,Yes,Morning,Bearing_Stainless,76,24,20,Polishing_M3,Lathe_M1,14,1,3,0,High,Hot,1,Medium
P0008,Assembly_M4,Maintenance,10,11,No,Morning,Bearing_Steel_Chrome,40,14,51,Polishing_M3,Grinding_M2,24,0,2,0,Medium,Normal,0,High
P0485,Polishing_M3,Overloaded,15,31,No,Evening,Bearing_Steel_Chrome,77,24,28,Packaging_Line,Grinding_M2,9,0,3,,High,Hot,1,Low
P0308,Grinding_M2,Overloaded,2,24,Yes,Evening,Bearing_Steel_Chrome,61,11,21,Packaging_Line,Grinding_M2,15,1,3,,Low,Warm,0,Medium
P0015,Polishing_M3,Overloaded,22,12,Yes,Night,Bearing_Stainless,39,22,34,Polishing_M3,Polishing_M3,14,1,3,2,High,Normal,1,Medium
P0299,Assembly_M4,Busy,19,43,Yes,Evening,Bearing_Steel_Chrome,77,24,16,Assembly_M4,Assembly_M4,17,1,1,,High,Hot,1,Medium
P0352,Grinding_M2,Maintenance,16,34,No,Night,Ceramic_Hybrid,53,20,50,Assembly_M4,Lathe_M1,11,0,2,2,High,Warm,1,Medium
P0049,Lathe_M1,Busy,1,11,No,Morning,Bearing_Stainless,68,27,38,Assembly_M4,Lathe_M1,27,0,1,0,Low,Warm,0,High
P0003,Polishing_M3,Maintenance,19,42,No,Evening,Ceramic_Hybrid,48,11,36,Assembly_M4,Grinding_M2,20,0,2,,High,Normal,1,High
P0496,Lathe_M1,Idle,14,41,No,Morning,Ceramic_Hybrid,44,4,41,Packaging_Line,Polishing_M3,25,0,0,0,Medium,Normal,0,High
P0450,Assembly_M4,Idle,7,12,Yes,Evening,Ceramic_Hybrid,64,13,27,Packaging_Line,Grinding_M2,8,1,0,,Medium,Warm,0,Low
P0134,Lathe_M1,Overloaded,10,12,Yes,Morning,Bearing_Stainless,53,25,14,Assembly_M4,Polishing_M3,7,1,3,0,Medium,Warm,0,Low
P0475,Assembly_M4,Overloaded,16,40,No,Night,Bearing_Stainless,37,5,41,Assembly_M4,Assembly_M4,26,0,3,2,High,Normal,1,High
P0458,Grinding_M2,Overloaded,21,8,No,Morning,Ceramic_Hybrid,55,19,42,Packaging_Line,Lathe_M1,24,0,3,0,High,Warm,1,High
P0097,Grinding_M2,Busy,23,27,Yes,Morning,Bearing_Steel_Chrome,46,3,35,Packaging_Line,Polishing_M3,23,1,1,0,High,Normal,1,High
P0084,Assembly_M4,Maintenance,10,32,Yes,Evening,Bearing_Steel_Chrome,70,6,42,Packaging_Line,Polishing_M3,10,1,2,,Medium,Hot,0,Medium
P0364,Assembly_M4,Maintenance,7,28,No,Morning,Ceramic_Hybrid,59,13,52,Polishing_M3,Lathe_M1,28,0,2,0,Medium,Warm,0,High
P0179,Lathe_M1,Idle,22,21,No,Morning,Bearing_Steel_Chrome,25,24,35,Assembly_M4,Grinding_M2,10,0,0,0,High,Normal,1,Medium
P0299,Lathe_M1,Idle,24,38,No,Morning,Bearing_Steel_Chrome,33,23,17,Packaging_Line,Lathe_M1,25,0,0,0,High,Normal,1,High
P0455,Polishing_M3,Busy,15,22,No,Night,Ceramic_Hybrid,75,13,44,Grinding_M2,Assembly_M4,17,0,1,2,High,Hot,1,Medium
P0192,Lathe_M1,Overloaded,14,19,Yes,Morning,Bearing_Steel_Chrome,39,24,43,Packaging_Line,Assembly_M4,13,1,3,0,Medium,Normal,0,Medium
P0233,Polishing_M3,Busy,16,36,No,Morning,Ceramic_Hybrid,33,9,24,Packaging_Line,Polishing_M3,26,0,1,0,High,Normal,1,High
P0486,Grinding_M2,Idle,20,22,Yes,Night,Bearing_Stainless,37,17,13,Assembly_M4,Lathe_M1,12,1,0,2,High,Normal,1,Medium
P0381,Lathe_M1,Maintenance,11,42,Yes,Evening,Bearing_Stainless,43,29,11,Polishing_M3,Grinding_M2,25,1,2,,Medium,Normal,0,High
P0495,Assembly_M4,Busy,2,22,Yes,Morning,Bearing_Steel_Chrome,40,24,43,Packaging_Line,Assembly_M4,4,1,1,0,Low,Normal,0,Low
P0146,Grinding_M2,Busy,24,36,No,Evening,Bearing_Stainless,64,14,49,Assembly_M4,Grinding_M2,17,0,1,,High,Warm,1,Medium
P0184,Lathe_M1,Overloaded,16,41,Yes,Evening,Bearing_Stainless,30,20,17,Packaging_Line,Assembly_M4,25,1,3,,High,Normal,1,High
P0138,Assembly_M4,Busy,13,35,No,Evening,Ceramic_Hybrid,78,5,43,Polishing_M3,Assembly_M4,8,0,1,,Medium,Hot,0,Low
P0323,Assembly_M4,Busy,24,17,Yes,Night,Bearing_Stainless,56,28,42,Packaging_Line,Grinding_M2,6,1,1,2,High,Warm,1,Low
P0332,Grinding_M2,Maintenance,23,32,Yes,Evening,Bearing_Stainless,77,4,32,Packaging_Line,Lathe_M1,3,1,2,,High,Hot,1,Low
P0465,Assembly_M4,Overloaded,12,38,Yes,Morning,Ceramic_Hybrid,40,23,36,Assembly_M4,Grinding_M2,29,1,3,0,Medium,Normal,0,High
P0268,Assembly_M4,Overloaded,5,12,Yes,Night,Bearing_Steel_Chrome,79,9,10,Grinding_M2,Lathe_M1,14,1,3,2,Medium,Hot,0,Medium
P0262,Assembly_M4,Maintenance,2,14,Yes,Evening,Ceramic_Hybrid,27,28,16,Assembly_M4,Polishing_M3,17,1,2,,Low,Normal,0,Medium
P0131,Lathe_M1,Busy,4,29,Yes,Night,Ceramic_Hybrid,65,22,24,Packaging_Line,Grinding_M2,7,1,1,2,Low,Warm,0,Low
P0403,Grinding_M2,Maintenance,21,8,Yes,Morning,Bearing_Stainless,37,14,46,Assembly_M4,Polishing_M3,18,1,2,0,High,Normal,1,Medium
P0301,Assembly_M4,Maintenance,16,24,No,Evening,Bearing_Steel_Chrome,76,14,21,Polishing_M3,Grinding_M2,22,0,2,,High,Hot,1,High
P0041,Polishing_M3,Busy,3,37,No,Night,Bearing_Steel_Chrome,25,16,17,Grinding_M2,Assembly_M4,17,0,1,2,Low,Normal,0,Medium
P0060,Lathe_M1,Idle,23,12,No,Evening,Ceramic_Hybrid,74,28,49,Packaging_Line,Assembly_M4,23,0,0,,High,Hot,1,High
P0156,Polishing_M3,Maintenance,13,12,No,Morning,Bearing_Steel_Chrome,32,28,30,Polishing_M3,Lathe_M1,15,0,2,0,Medium,Normal,0,Medium
P0098,Lathe_M1,Busy,12,43,Yes,Morning,Bearing_Steel_Chrome,61,18,32,Packaging_Line,Grinding_M2,25,1,1,0,Medium,Warm,0,High
P0333,Grinding_M2,Maintenance,15,6,Yes,Morning,Bearing_Stainless,78,19,21,Packaging_Line,Grinding_M2,7,1,2,0,High,Hot,1,Low
P0243,Assembly_M4,Busy,12,36,Yes,Morning,Bearing_Steel_Chrome,74,15,34,Packaging_Line,Assembly_M4,18,1,1,0,Medium,Hot,0,Medium
P0242,Lathe_M1,Maintenance,12,25,Yes,Morning,Bearing_Stainless,54,22,52,Packaging_Line,Lathe_M1,23,1,2,0,Medium,Warm,0,High
P0171,Lathe_M1,Busy,16,44,No,Evening,Bearing_Stainless,43,21,19,Assembly_M4,Lathe_M1,9,0,1,,High,Normal,1,Low
P0250,Assembly_M4,Maintenance,19,14,No,Morning,Ceramic_Hybrid,68,22,27,Grinding_M2,Lathe_M1,20,0,2,0,High,Warm,1,High
P0217,Polishing_M3,Busy,0,13,No,Night,Bearing_Stainless,78,16,5,Packaging_Line,Lathe_M1,12,0,1,2,Low,Hot,0,Medium
P0254,Polishing_M3,Maintenance,2,15,No,Morning,Bearing_Steel_Chrome,58,17,13,Assembly_M4,Grinding_M2,15,0,2,0,Low,Warm,0,Medium
P0241,Polishing_M3,Maintenance,11,37,Yes,Night,Bearing_Steel_Chrome,69,15,12,Assembly_M4,Assembly_M4,8,1,2,2,Medium,Warm,0,Low
P0068,Polishing_M3,Maintenance,11,5,No,Night,Ceramic_Hybrid,67,9,46,Assembly_M4,Assembly_M4,19,0,2,2,Medium,Warm,0,Medium
P0410,Grinding_M2,Idle,10,43,No,Night,Ceramic_Hybrid,67,18,37,Grinding_M2,Assembly_M4,26,0,0,2,Medium,Warm,0,High
P0067,Grinding_M2,Idle,20,25,Yes,Night,Bearing_Stainless,64,24,10,Grinding_M2,Assembly_M4,22,1,0,2,High,Warm,1,High
P0483,Assembly_M4,Overloaded,17,42,Yes,Morning,Ceramic_Hybrid,61,14,55,Grinding_M2,Lathe_M1,22,1,3,0,High,Warm,1,High
P0184,Polishing_M3,Overloaded,7,39,Yes,Morning,Ceramic_Hybrid,75,12,28,Grinding_M2,Lathe_M1,17,1,3,0,Medium,Hot,0,Medium
P0173,Assembly_M4,Busy,20,6,Yes,Morning,Ceramic_Hybrid,64,20,43,Polishing_M3,Assembly_M4,28,1,1,0,High,Warm,1,High
P0133,Polishing_M3,Overloaded,16,10,Yes,Night,Bearing_Stainless,43,25,42,Polishing_M3,Lathe_M1,28,1,3,2,High,Normal,1,High
P0362,Lathe_M1,Maintenance,1,42,No,Morning,Bearing_Steel_Chrome,79,6,55,Grinding_M2,Lathe_M1,20,0,2,0,Low,Hot,0,High
P0260,Lathe_M1,Idle,3,26,Yes,Morning,Bearing_Stainless,50,18,47,Polishing_M3,Polishing_M3,4,1,0,0,Low,Warm,0,Low
P0363,Assembly_M4,Maintenance,12,36,Yes,Morning,Ceramic_Hybrid,41,10,40,Assembly_M4,Polishing_M3,23,1,2,0,Medium,Normal,0,High
P0420,Grinding_M2,Busy,13,23,Yes,Evening,Bearing_Stainless,82,29,39,Grinding_M2,Grinding_M2,14,1,1,,Medium,Hot,0,Medium
P0428,Assembly_M4,Overloaded,7,32,No,Night,Bearing_Steel_Chrome,25,11,22,Grinding_M2,Polishing_M3,16,0,3,2,Medium,Normal,0,Medium
P0191,Assembly_M4,Overloaded,7,37,Yes,Morning,Ceramic_Hybrid,36,9,28,Packaging_Line,Grinding_M2,16,1,3,0,Medium,Normal,0,Medium
P0071,Assembly_M4,Maintenance,17,8,No,Evening,Ceramic_Hybrid,62,13,31,Assembly_M4,Lathe_M1,9,0,2,,High,Warm,1,Low
P0227,Grinding_M2,Busy,14,20,Yes,Morning,Bearing_Stainless,80,13,35,Assembly_M4,Assembly_M4,24,1,1,0,Medium,Hot,0,High
P0396,Grinding_M2,Maintenance,22,18,Yes,Evening,Bearing_Steel_Chrome,69,26,38,Polishing_M3,Lathe_M1,3,1,2,,High,Warm,1,Low
P0324,Polishing_M3,Maintenance,23,13,No,Night,Ceramic_Hybrid,50,21,44,Assembly_M4,Polishing_M3,10,0,2,2,High,Warm,1,Medium
P0466,Polishing_M3,Busy,18,7,No,Night,Ceramic_Hybrid,48,6,7,Polishing_M3,Assembly_M4,26,0,1,2,High,Normal,1,High
P0229,Grinding_M2,Maintenance,15,19,No,Night,Bearing_Stainless,59,13,45,Polishing_M3,Polishing_M3,21,0,2,2,High,Warm,1,High
P0044,Lathe_M1,Overloaded,11,30,No,Night,Ceramic_Hybrid,71,3,27,Polishing_M3,Polishing_M3,18,0,3,2,Medium,Hot,0,Medium
P0110,Lathe_M1,Overloaded,19,16,No,Night,Bearing_Steel_Chrome,47,5,27,Grinding_M2,Lathe_M1,16,0,3,2,High,Normal,1,Medium
P0456,Polishing_M3,Idle,22,5,No,Night,Bearing_Stainless,78,26,6,Grinding_M2,Lathe_M1,3,0,0,2,High,Hot,1,Low
P0431,Polishing_M3,Overloaded,20,29,No,Morning,Bearing_Steel_Chrome,44,18,56,Grinding_M2,Assembly_M4,22,0,3,0,High,Normal,1,High
P0153,Lathe_M1,Maintenance,20,37,No,Morning,Ceramic_Hybrid,76,7,19,Polishing_M3,Polishing_M3,26,0,2,0,High,Hot,1,High
P0154,Polishing_M3,Idle,13,19,No,Night,Ceramic_Hybrid,70,26,25,Polishing_M3,Lathe_M1,24,0,0,2,Medium,Hot,0,High
P0168,Grinding_M2,Overloaded,24,9,No,Morning,Bearing_Steel_Chrome,30,18,47,Packaging_Line,Assembly_M4,16,0,3,0,High,Normal,1,Medium
P0042,Lathe_M1,Busy,11,27,No,Morning,Bearing_Stainless,28,28,22,Polishing_M3,Assembly_M4,21,0,1,0,Medium,Normal,0,High
P0040,Polishing_M3,Maintenance,2,26,No,Evening,Ceramic_Hybrid,64,24,7,Packaging_Line,Assembly_M4,8,0,2,,Low,Warm,0,Low
P0226,Assembly_M4,Maintenance,17,14,Yes,Morning,Ceramic_Hybrid,49,21,53,Polishing_M3,Assembly_M4,8,1,2,0,High,Normal,1,Low
P0365,Assembly_M4,Idle,22,15,Yes,Night,Bearing_Steel_Chrome,29,27,49,Packaging_Line,Assembly_M4,21,1,0,2,High,Normal,1,High
P0017,Grinding_M2,Overloaded,22,41,Yes,Night,Bearing_Stainless,80,28,49,Grinding_M2,Lathe_M1,6,1,3,2,High,Hot,1,Low
P0190,Polishing_M3,Busy,4,13,Yes,Morning,Bearing_Stainless,83,17,6,Assembly_M4,Polishing_M3,1,1,1,0,Low,Hot,0,Low
P0156,Polishing_M3,Maintenance,7,34,Yes,Morning,Bearing_Steel_Chrome,35,29,48,Packaging_Line,Lathe_M1,12,1,2,0,Medium,Normal,0,Medium
P0480,Polishing_M3,Overloaded,6,30,Yes,Morning,Ceramic_Hybrid,37,28,12,Packaging_Line,Lathe_M1,29,1,3,0,Medium,Normal,0,High
P0063,Polishing_M3,Busy,21,32,Yes,Evening,Bearing_Stainless,82,10,43,Assembly_M4,Assembly_M4,26,1,1,,High,Hot,1,High
P0461,Polishing_M3,Maintenance,20,38,No,Night,Ceramic_Hybrid,79,21,29,Polishing_M3,Grinding_M2,12,0,2,2,High,Hot,1,Medium
P0259,Assembly_M4,Maintenance,0,26,No,Morning,Ceramic_Hybrid,64,6,51,Assembly_M4,Lathe_M1,1,0,2,0,Low,Warm,0,Low
P0410,Assembly_M4,Maintenance,0,25,Yes,Evening,Bearing_Stainless,39,18,26,Grinding_M2,Assembly_M4,6,1,2,,Low,Normal,0,Low
P0377,Polishing_M3,Busy,2,20,Yes,Night,Bearing_Steel_Chrome,32,16,21,Assembly_M4,Lathe_M1,17,1,1,2,Low,Normal,0,Medium
P0330,Lathe_M1,Idle,21,30,Yes,Night,Ceramic_Hybrid,37,18,42,Polishing_M3,Assembly_M4,17,1,0,2,High,Normal,1,Medium
P0258,Lathe_M1,Busy,15,18,Yes,Morning,Bearing_Stainless,69,7,39,Polishing_M3,Grinding_M2,14,1,1,0,High,Warm,1,Medium
P0425,Assembly_M4,Busy,13,12,No,Evening,Ceramic_Hybrid,39,23,31,Grinding_M2,Assembly_M4,13,0,1,,Medium,Normal,0,Medium
P0442,Lathe_M1,Overloaded,16,35,No,Morning,Bearing_Stainless,77,25,39,Grinding_M2,Polishing_M3,28,0,3,0,High,Hot,1,High
P0196,Polishing_M3,Busy,5,9,Yes,Morning,Ceramic_Hybrid,46,27,53,Polishing_M3,Polishing_M3,23,1,1,0,Medium,Normal,0,High
P0074,Grinding_M2,Overloaded,24,38,Yes,Morning,Bearing_Stainless,50,16,9,Packaging_Line,Grinding_M2,26,1,3,0,High,Warm,1,High
P0031,Polishing_M3,Idle,19,10,Yes,Night,Bearing_Steel_Chrome,30,28,54,Assembly_M4,Assembly_M4,18,1,0,2,High,Normal,1,Medium
P0051,Polishing_M3,Idle,3,21,No,Evening,Bearing_Stainless,81,15,18,Packaging_Line,Lathe_M1,13,0,0,,Low,Hot,0,Medium
P0027,Grinding_M2,Idle,6,19,Yes,Evening,Ceramic_Hybrid,43,12,51,Packaging_Line,Lathe_M1,12,1,0,,Medium,Normal,0,Medium
P0138,Lathe_M1,Overloaded,2,21,No,Night,Bearing_Stainless,59,20,24,Grinding_M2,Assembly_M4,4,0,3,2,Low,Warm,0,Low
P0015,Assembly_M4,Idle,2,36,Yes,Evening,Ceramic_Hybrid,82,17,48,Grinding_M2,Grinding_M2,8,1,0,,Low,Hot,0,Low
P0391,Grinding_M2,Overloaded,23,21,No,Evening,Bearing_Steel_Chrome,31,12,54,Polishing_M3,Grinding_M2,1,0,3,,High,Normal,1,Low
P0192,Grinding_M2,Idle,2,36,No,Night,Bearing_Stainless,60,14,10,Grinding_M2,Lathe_M1,26,0,0,2,Low,Warm,0,High
P0417,Assembly_M4,Overloaded,13,41,Yes,Morning,Bearing_Steel_Chrome,72,16,51,Packaging_Line,Polishing_M3,4,1,3,0,Medium,Hot,0,Low
P0307,Polishing_M3,Maintenance,7,20,No,Night,Bearing_Steel_Chrome,52,17,8,Assembly_M4,Lathe_M1,13,0,2,2,Medium,Warm,0,Medium
P0083,Lathe_M1,Overloaded,12,6,Yes,Evening,Ceramic_Hybrid,55,4,58,Grinding_M2,Grinding_M2,8,1,3,,Medium,Warm,0,Low
P0372,Polishing_M3,Maintenance,23,19,Yes,Night,Ceramic_Hybrid,67,10,43,Assembly_M4,Polishing_M3,13,1,2,2,High,Warm,1,Medium
P0326,Polishing_M3,Maintenance,1,12,No,Morning,Ceramic_Hybrid,31,25,48,Assembly_M4,Polishing_M3,19,0,2,0,Low,Normal,0,Medium
P0108,Assembly_M4,Overloaded,6,20,Yes,Night,Bearing_Steel_Chrome,59,11,42,Grinding_M2,Assembly_M4,18,1,3,2,Medium,Warm,0,Medium
P0003,Lathe_M1,Idle,17,9,No,Night,Ceramic_Hybrid,77,8,38,Packaging_Line,Assembly_M4,11,0,0,2,High,Hot,1,Medium
P0276,Lathe_M1,Busy,12,27,Yes,Night,Bearing_Stainless,29,7,50,Grinding_M2,Polishing_M3,12,1,1,2,Medium,Normal,0,Medium
P0498,Assembly_M4,Overloaded,3,33,No,Morning,Ceramic_Hybrid,47,7,36,Grinding_M2,Lathe_M1,10,0,3,0,Low,Normal,0,Medium
P0237,Polishing_M3,Idle,17,19,No,Morning,Bearing_Steel_Chrome,64,27,36,Grinding_M2,Polishing_M3,9,0,0,0,High,Warm,1,Low
P0349,Polishing_M3,Idle,4,14,Yes,Night,Ceramic_Hybrid,44,7,52,Assembly_M4,Grinding_M2,24,1,0,2,Low,Normal,0,High
P0120,Assembly_M4,Overloaded,2,15,Yes,Evening,Bearing_Stainless,67,18,36,Polishing_M3,Lathe_M1,4,1,3,,Low,Warm,0,Low
P0101,Assembly_M4,Busy,3,21,No,Night,Ceramic_Hybrid,65,20,9,Packaging_Line,Grinding_M2,22,0,1,2,Low,Warm,0,High
P0283,Grinding_M2,Idle,23,10,Yes,Night,Bearing_Steel_Chrome,59,23,5,Grinding_M2,Grinding_M2,20,1,0,2,High,Warm,1,High
P0133,Grinding_M2,Overloaded,21,15,Yes,Night,Bearing_Steel_Chrome,37,28,46,Assembly_M4,Assembly_M4,3,1,3,2,High,Normal,1,Low
P0002,Assembly_M4,Busy,8,16,No,Evening,Bearing_Stainless,47,15,37,Assembly_M4,Lathe_M1,18,0,1,,Medium,Normal,0,Medium
P0349,Assembly_M4,Maintenance,16,13,No,Night,Bearing_Steel_Chrome,47,11,23,Polishing_M3,Lathe_M1,29,0,2,2,High,Normal,1,High
P0143,Assembly_M4,Maintenance,14,9,No,Morning,Bearing_Stainless,71,21,27,Polishing_M3,Polishing_M3,25,0,2,0,Medium,Hot,0,High
P0042,Lathe_M1,Idle,1,29,No,Morning,Bearing_Steel_Chrome,34,15,46,Polishing_M3,Grinding_M2,25,0,0,0,Low,Normal,0,High
P0169,Polishing_M3,Busy,13,34,Yes,Morning,Bearing_Stainless,79,10,29,Packaging_Line,Lathe_M1,14,1,1,0,Medium,Hot,0,Medium
P0304,Polishing_M3,Overloaded,2,38,Yes,Morning,Bearing_Stainless,34,4,15,Polishing_M3,Polishing_M3,11,1,3,0,Low,Normal,0,Medium
P0427,Lathe_M1,Overloaded,20,25,Yes,Morning,Ceramic_Hybrid,46,14,11,Packaging_Line,Lathe_M1,23,1,3,0,High,Normal,1,High
P0321,Assembly_M4,Busy,16,6,Yes,Morning,Bearing_Steel_Chrome,36,26,46,Packaging_Line,Polishing_M3,18,1,1,0,High,Normal,1,Medium
P0456,Lathe_M1,Idle,21,15,Yes,Evening,Bearing_Steel_Chrome,40,18,55,Assembly_M4,Assembly_M4,18,1,0,,High,Normal,1,Medium
P0034,Lathe_M1,Busy,2,30,Yes,Evening,Bearing_Stainless,40,7,48,Packaging_Line,Lathe_M1,11,1,1,,Low,Normal,0,Medium
P0317,Assembly_M4,Idle,14,16,Yes,Evening,Bearing_Stainless,84,14,8,Packaging_Line,Assembly_M4,7,1,0,,Medium,Hot,0,Low
P0451,Lathe_M1,Overloaded,21,6,Yes,Evening,Ceramic_Hybrid,50,28,31,Assembly_M4,Grinding_M2,27,1,3,,High,Warm,1,High
P0056,Lathe_M1,Busy,14,12,Yes,Night,Bearing_Steel_Chrome,31,16,59,Polishing_M3,Polishing_M3,14,1,1,2,Medium,Normal,0,Medium
P0182,Assembly_M4,Maintenance,7,16,No,Morning,Bearing_Steel_Chrome,37,12,21,Polishing_M3,Lathe_M1,29,0,2,0,Medium,Normal,0,High
P0031,Grinding_M2,Overloaded,16,40,No,Night,Ceramic_Hybrid,45,9,9,Assembly_M4,Polishing_M3,26,0,3,2,High,Normal,1,High
P0299,Grinding_M2,Idle,15,40,No,Evening,Ceramic_Hybrid,52,23,33,Assembly_M4,Polishing_M3,15,0,0,,High,Warm,1,Medium
P0189,Lathe_M1,Idle,11,41,Yes,Morning,Ceramic_Hybrid,54,24,20,Grinding_M2,Assembly_M4,14,1,0,0,Medium,Warm,0,Medium
P0177,Grinding_M2,Idle,9,11,Yes,Morning,Bearing_Stainless,69,21,41,Polishing_M3,Assembly_M4,29,1,0,0,Medium,Warm,0,High
P0356,Assembly_M4,Overloaded,2,19,No,Night,Bearing_Stainless,60,16,50,Packaging_Line,Polishing_M3,20,0,3,2,Low,Warm,0,High
P0084,Lathe_M1,Maintenance,18,17,Yes,Evening,Bearing_Steel_Chrome,66,22,41,Grinding_M2,Grinding_M2,27,1,2,,High,Warm,1,High
P0355,Grinding_M2,Maintenance,22,33,Yes,Morning,Bearing_Stainless,44,26,10,Assembly_M4,Assembly_M4,4,1,2,0,High,Normal,1,Low
P0106,Assembly_M4,Idle,1,26,Yes,Evening,Bearing_Steel_Chrome,56,17,22,Grinding_M2,Polishing_M3,5,1,0,,Low,Warm,0,Low
P0016,Lathe_M1,Idle,21,40,No,Evening,Bearing_Steel_Chrome,54,14,23,Assembly_M4,Lathe_M1,23,0,0,,High,Warm,1,High
P0500,Lathe_M1,Idle,1,17,Yes,Evening,Bearing_Steel_Chrome,67,23,33,Polishing_M3,Polishing_M3,4,1,0,,Low,Warm,0,Low
P0369,Grinding_M2,Overloaded,21,40,Yes,Morning,Bearing_Steel_Chrome,33,8,55,Grinding_M2,Grinding_M2,19,1,3,0,High,Normal,1,Medium
P0432,Polishing_M3,Busy,5,10,Yes,Night,Bearing_Steel_Chrome,76,16,19,Packaging_Line,Lathe_M1,25,1,1,2,Medium,Hot,0,High
P0174,Grinding_M2,Overloaded,19,13,No,Morning,Bearing_Stainless,56,5,54,Assembly_M4,Grinding_M2,18,0,3,0,High,Warm,1,Medium
P0482,Assembly_M4,Busy,4,24,Yes,Morning,Bearing_Steel_Chrome,47,12,41,Polishing_M3,Grinding_M2,22,1,1,0,Low,Normal,0,High
P0273,Assembly_M4,Overloaded,3,33,No,Night,Bearing_Stainless,68,3,17,Polishing_M3,Lathe_M1,10,0,3,2,Low,Warm,0,Medium
P0391,Grinding_M2,Overloaded,8,35,Yes,Evening,Bearing_Steel_Chrome,31,5,23,Grinding_M2,Polishing_M3,10,1,3,,Medium,Normal,0,Medium
P0447,Grinding_M2,Maintenance,2,25,Yes,Night,Bearing_Steel_Chrome,55,20,35,Packaging_Line,Lathe_M1,21,1,2,2,Low,Warm,0,High
P0086,Assembly_M4,Overloaded,1,14,No,Night,Bearing_Stainless,26,3,28,Polishing_M3,Polishing_M3,17,0,3,2,Low,Normal,0,Medium
P0365,Polishing_M3,Maintenance,15,20,No,Evening,Bearing_Stainless,70,8,57,Packaging_Line,Lathe_M1,11,0,2,,High,Hot,1,Medium
P0107,Grinding_M2,Idle,23,5,No,Morning,Bearing_Stainless,35,24,25,Polishing_M3,Polishing_M3,4,0,0,0,High,Normal,1,Low
P0218,Assembly_M4,Idle,6,30,No,Evening,Ceramic_Hybrid,71,19,16,Grinding_M2,Grinding_M2,17,0,0,,Medium,Hot,0,Medium
P0385,Lathe_M1,Overloaded,0,15,No,Night,Bearing_Stainless,52,2,51,Polishing_M3,Lathe_M1,28,0,3,2,Low,Warm,0,High
P0239,Polishing_M3,Maintenance,20,11,No,Evening,Bearing_Stainless,26,11,28,Packaging_Line,Polishing_M3,4,0,2,,High,Normal,1,Low
P0412,Assembly_M4,Overloaded,11,23,No,Evening,Bearing_Steel_Chrome,50,12,44,Polishing_M3,Assembly_M4,18,0,3,,Medium,Warm,0,Medium
P0120,Polishing_M3,Busy,10,15,No,Morning,Bearing_Stainless,69,4,16,Grinding_M2,Polishing_M3,3,0,1,0,Medium,Warm,0,Low
P0475,Grinding_M2,Busy,9,31,Yes,Morning,Bearing_Stainless,73,23,6,Grinding_M2,Grinding_M2,17,1,1,0,Medium,Hot,0,Medium
P0171,Grinding_M2,Overloaded,15,6,No,Evening,Ceramic_Hybrid,84,23,34,Assembly_M4,Grinding_M2,20,0,3,,High,Hot,1,High
P0362,Grinding_M2,Overloaded,5,32,Yes,Evening,Bearing_Stainless,49,11,46,Assembly_M4,Assembly_M4,8,1,3,,Medium,Normal,0,Low
P0485,Assembly_M4,Busy,0,17,No,Night,Ceramic_Hybrid,80,10,58,Polishing_M3,Assembly_M4,10,0,1,2,Low,Hot,0,Medium
P0117,Grinding_M2,Idle,14,41,No,Morning,Ceramic_Hybrid,78,17,49,Packaging_Line,Assembly_M4,22,0,0,0,Medium,Hot,0,High
P0175,Lathe_M1,Overloaded,24,24,Yes,Evening,Ceramic_Hybrid,74,12,31,Packaging_Line,Grinding_M2,9,1,3,,High,Hot,1,Low
P0225,Assembly_M4,Busy,15,38,No,Morning,Ceramic_Hybrid,56,27,29,Polishing_M3,Polishing_M3,2,0,1,0,High,Warm,1,Low
P0483,Lathe_M1,Maintenance,11,44,No,Evening,Bearing_Steel_Chrome,33,13,30,Packaging_Line,Assembly_M4,9,0,2,,Medium,Normal,0,Low
P0352,Assembly_M4,Overloaded,9,36,No,Night,Bearing_Steel_Chrome,81,3,52,Grinding_M2,Grinding_M2,20,0,3,2,Medium,Hot,0,High
P0079,Polishing_M3,Maintenance,6,6,No,Morning,Bearing_Stainless,25,20,40,Grinding_M2,Assembly_M4,24,0,2,0,Medium,Normal,0,High
P0097,Assembly_M4,Busy,21,31,No,Night,Bearing_Stainless,26,26,18,Assembly_M4,Lathe_M1,2,0,1,2,High,Normal,1,Low
P0088,Lathe_M1,Idle,14,16,Yes,Night,Ceramic_Hybrid,61,29,24,Packaging_Line,Lathe_M1,29,1,0,2,Medium,Warm,0,High
P0096,Grinding_M2,Busy,6,28,No,Evening,Bearing_Steel_Chrome,45,11,50,Polishing_M3,Polishing_M3,14,0,1,,Medium,Normal,0,Medium
P0338,Lathe_M1,Maintenance,4,22,Yes,Evening,Ceramic_Hybrid,48,15,38,Grinding_M2,Grinding_M2,26,1,2,,Low,Normal,0,High
P0168,Assembly_M4,Maintenance,11,26,Yes,Morning,Bearing_Steel_Chrome,80,7,40,Packaging_Line,Assembly_M4,13,1,2,0,Medium,Hot,0,Medium
P0381,Lathe_M1,Maintenance,3,26,Yes,Morning,Bearing_Steel_Chrome,38,17,40,Assembly_M4,Assembly_M4,24,1,2,0,Low,Normal,0,High
P0419,Assembly_M4,Idle,24,36,No,Night,Bearing_Steel_Chrome,57,14,40,Packaging_Line,Polishing_M3,20,0,0,2,High,Warm,1,High
P0104,Lathe_M1,Idle,17,42,No,Morning,Bearing_Stainless,27,24,36,Polishing_M3,Polishing_M3,13,0,0,0,High,Normal,1,Medium
P0467,Assembly_M4,Maintenance,15,9,No,Night,Bearing_Steel_Chrome,28,22,44,Grinding_M2,Polishing_M3,19,0,2,2,High,Normal,1,Medium
P0331,Assembly_M4,Overloaded,13,43,No,Evening,Ceramic_Hybrid,55,15,10,Polishing_M3,Assembly_M4,12,0,3,,Medium,Warm,0,Medium
P0128,Grinding_M2,Maintenance,15,21,No,Evening,Ceramic_Hybrid,69,24,18,Polishing_M3,Lathe_M1,29,0,2,,High,Warm,1,High
P0202,Lathe_M1,Idle,6,36,Yes,Evening,Ceramic_Hybrid,39,13,21,Assembly_M4,Lathe_M1,9,1,0,,Medium,Normal,0,Low
P0358,Grinding_M2,Maintenance,21,38,No,Night,Bearing_Steel_Chrome,29,14,31,Assembly_M4,Lathe_M1,20,0,2,2,High,Normal,1,High
P0387,Lathe_M1,Overloaded,22,44,No,Evening,Bearing_Steel_Chrome,83,15,19,Assembly_M4,Grinding_M2,11,0,3,,High,Hot,1,Medium
P0260,Lathe_M1,Maintenance,0,35,Yes,Morning,Ceramic_Hybrid,59,18,32,Packaging_Line,Assembly_M4,19,1,2,0,Low,Warm,0,Medium
P0176,Assembly_M4,Idle,13,27,No,Morning,Bearing_Steel_Chrome,56,9,17,Assembly_M4,Lathe_M1,27,0,0,0,Medium,Warm,0,High
P0364,Grinding_M2,Overloaded,19,39,No,Evening,Bearing_Stainless,29,10,33,Grinding_M2,Lathe_M1,6,0,3,,High,Normal,1,Low
P0281,Grinding_M2,Maintenance,24,35,Yes,Evening,Bearing_Stainless,46,3,49,Polishing_M3,Grinding_M2,5,1,2,,High,Normal,1,Low
P0430,Lathe_M1,Busy,24,12,Yes,Evening,Bearing_Steel_Chrome,79,2,24,Packaging_Line,Grinding_M2,12,1,1,,High,Hot,1,Medium
P0040,Lathe_M1,Overloaded,22,36,Yes,Evening,Bearing_Stainless,35,8,51,Polishing_M3,Grinding_M2,22,1,3,,High,Normal,1,High
P0366,Lathe_M1,Idle,23,15,No,Night,Bearing_Steel_Chrome,53,23,30,Grinding_M2,Assembly_M4,16,0,0,2,High,Warm,1,Medium
P0354,Polishing_M3,Maintenance,2,24,Yes,Night,Bearing_Steel_Chrome,70,4,5,Grinding_M2,Assembly_M4,26,1,2,2,Low,Hot,0,High
P0393,Grinding_M2,Idle,20,5,No,Morning,Bearing_Steel_Chrome,41,3,33,Grinding_M2,Lathe_M1,20,0,0,0,High,Normal,1,High
P0216,Lathe_M1,Busy,5,12,No,Morning,Ceramic_Hybrid,53,17,55,Grinding_M2,Grinding_M2,1,0,1,0,Medium,Warm,0,Low
P0491,Lathe_M1,Idle,2,39,Yes,Morning,Bearing_Stainless,29,28,48,Grinding_M2,Polishing_M3,12,1,0,0,Low,Normal,0,Medium
P0166,Grinding_M2,Idle,19,24,No,Evening,Bearing_Steel_Chrome,33,8,8,Polishing_M3,Grinding_M2,19,0,0,,High,Normal,1,Medium
P0055,Polishing_M3,Overloaded,21,23,Yes,Morning,Bearing_Stainless,62,28,49,Assembly_M4,Lathe_M1,11,1,3,0,High,Warm,1,Medium
P0200,Grinding_M2,Maintenance,12,17,Yes,Morning,Ceramic_Hybrid,84,26,26,Assembly_M4,Polishing_M3,28,1,2,0,Medium,Hot,0,High
P0023,Lathe_M1,Idle,19,26,No,Evening,Ceramic_Hybrid,67,20,12,Packaging_Line,Lathe_M1,20,0,0,,High,Warm,1,High
P0365,Grinding_M2,Overloaded,7,30,Yes,Night,Bearing_Stainless,72,20,30,Packaging_Line,Grinding_M2,23,1,3,2,Medium,Hot,0,High
P0171,Grinding_M2,Overloaded,10,17,No,Morning,Bearing_Stainless,52,10,24,Grinding_M2,Assembly_M4,24,0,3,0,Medium,Warm,0,High
P0196,Grinding_M2,Busy,18,43,Yes,Morning,Ceramic_Hybrid,75,13,19,Grinding_M2,Polishing_M3,23,1,1,0,High,Hot,1,High
P0122,Assembly_M4,Idle,13,15,Yes,Morning,Bearing_Steel_Chrome,50,11,31,Assembly_M4,Assembly_M4,11,1,0,0,Medium,Warm,0,Medium
P0152,Grinding_M2,Idle,5,38,No,Morning,Ceramic_Hybrid,67,20,10,Grinding_M2,Grinding_M2,14,0,0,0,Medium,Warm,0,Medium
P0473,Assembly_M4,Overloaded,19,42,Yes,Evening,Bearing_Stainless,73,11,32,Grinding_M2,Assembly_M4,1,1,3,,High,Hot,1,Low
P0332,Polishing_M3,Busy,2,44,Yes,Night,Bearing_Stainless,32,28,56,Assembly_M4,Grinding_M2,22,1,1,2,Low,Normal,0,High
P0106,Lathe_M1,Idle,14,11,Yes,Night,Bearing_Stainless,35,8,8,Assembly_M4,Grinding_M2,25,1,0,2,Medium,Normal,0,High
P0227,Lathe_M1,Busy,11,30,No,Morning,Bearing_Steel_Chrome,62,15,16,Grinding_M2,Grinding_M2,11,0,1,0,Medium,Warm,0,Medium
P0481,Grinding_M2,Idle,18,41,Yes,Morning,Ceramic_Hybrid,70,22,28,Polishing_M3,Grinding_M2,16,1,0,0,High,Hot,1,Medium
P0260,Lathe_M1,Maintenance,24,17,No,Evening,Bearing_Steel_Chrome,49,23,58,Polishing_M3,Grinding_M2,25,0,2,,High,Normal,1,High
P0218,Grinding_M2,Idle,19,8,No,Evening,Ceramic_Hybrid,35,18,11,Packaging_Line,Grinding_M2,14,0,0,,High,Normal,1,Medium
P0140,Assembly_M4,Busy,10,32,No,Evening,Bearing_Stainless,78,10,27,Polishing_M3,Assembly_M4,13,0,1,,Medium,Hot,0,Medium
P0226,Assembly_M4,Maintenance,22,32,Yes,Evening,Bearing_Steel_Chrome,67,16,30,Packaging_Line,Assembly_M4,25,1,2,,High,Warm,1,High
P0438,Lathe_M1,Overloaded,21,33,Yes,Night,Ceramic_Hybrid,43,2,40,Polishing_M3,Polishing_M3,14,1,3,2,High,Normal,1,Medium
P0195,Assembly_M4,Overloaded,13,39,No,Evening,Bearing_Stainless,54,29,21,Packaging_Line,Lathe_M1,3,0,3,,Medium,Warm,0,Low
P0171,Grinding_M2,Maintenance,15,34,Yes,Morning,Bearing_Steel_Chrome,76,14,19,Grinding_M2,Lathe_M1,14,1,2,0,High,Hot,1,Medium
P0442,Polishing_M3,Maintenance,23,29,No,Evening,Bearing_Stainless,75,7,46,Assembly_M4,Assembly_M4,27,0,2,,High,Hot,1,High
P0251,Polishing_M3,Busy,14,42,No,Morning,Bearing_Steel_Chrome,47,26,46,Packaging_Line,Grinding_M2,7,0,1,0,Medium,Normal,0,Low
P0100,Assembly_M4,Overloaded,21,21,No,Night,Ceramic_Hybrid,42,18,45,Packaging_Line,Polishing_M3,10,0,3,2,High,Normal,1,Medium
P0357,Lathe_M1,Maintenance,9,11,No,Night,Bearing_Steel_Chrome,72,19,42,Polishing_M3,Assembly_M4,27,0,2,2,Medium,Hot,0,High
P0018,Polishing_M3,Busy,19,37,Yes,Evening,Ceramic_Hybrid,25,13,57,Packaging_Line,Grinding_M2,28,1,1,,High,Normal,1,High
P0131,Grinding_M2,Idle,1,8,Yes,Morning,Bearing_Steel_Chrome,41,5,47,Packaging_Line,Assembly_M4,22,1,0,0,Low,Normal,0,High
P0362,Lathe_M1,Idle,3,5,No,Morning,Bearing_Stainless,31,19,13,Assembly_M4,Polishing_M3,29,0,0,0,Low,Normal,0,High
P0257,Assembly_M4,Overloaded,2,12,No,Night,Bearing_Steel_Chrome,48,20,40,Grinding_M2,Polishing_M3,18,0,3,2,Low,Normal,0,Medium
P0417,Grinding_M2,Overloaded,19,31,Yes,Night,Bearing_Stainless,56,15,22,Assembly_M4,Lathe_M1,28,1,3,2,High,Warm,1,High
P0087,Assembly_M4,Busy,15,39,Yes,Morning,Ceramic_Hybrid,71,28,35,Packaging_Line,Assembly_M4,4,1,1,0,High,Hot,1,Low
P0336,Polishing_M3,Maintenance,4,21,Yes,Morning,Bearing_Stainless,63,17,50,Polishing_M3,Grinding_M2,26,1,2,0,Low,Warm,0,High
P0102,Assembly_M4,Idle,15,43,Yes,Evening,Ceramic_Hybrid,65,5,34,Polishing_M3,Grinding_M2,22,1,0,,High,Warm,1,High
P0103,Lathe_M1,Idle,10,6,Yes,Evening,Bearing_Stainless,68,13,34,Packaging_Line,Lathe_M1,4,1,0,,Medium,Warm,0,Low
P0445,Grinding_M2,Busy,17,30,No,Morning,Bearing_Stainless,77,8,5,Grinding_M2,Polishing_M3,26,0,1,0,High,Hot,1,High
P0033,Polishing_M3,Busy,22,30,Yes,Evening,Bearing_Stainless,69,7,10,Grinding_M2,Lathe_M1,12,1,1,,High,Warm,1,Medium
P0032,Polishing_M3,Busy,7,28,Yes,Morning,Bearing_Steel_Chrome,46,20,41,Grinding_M2,Assembly_M4,18,1,1,0,Medium,Normal,0,Medium
P0309,Polishing_M3,Maintenance,4,34,No,Evening,Ceramic_Hybrid,81,11,37,Packaging_Line,Polishing_M3,10,0,2,,Low,Hot,0,Medium
P0190,Polishing_M3,Overloaded,4,16,Yes,Evening,Ceramic_Hybrid,78,28,43,Packaging_Line,Assembly_M4,9,1,3,,Low,Hot,0,Low
P0313,Lathe_M1,Overloaded,21,25,No,Morning,Bearing_Steel_Chrome,36,24,33,Packaging_Line,Assembly_M4,1,0,3,0,High,Normal,1,Low
P0372,Grinding_M2,Busy,10,19,Yes,Night,Bearing_Stainless,26,21,43,Polishing_M3,Polishing_M3,21,1,1,2,Medium,Normal,0,High
P0232,Assembly_M4,Maintenance,11,22,Yes,Morning,Ceramic_Hybrid,27,8,47,Assembly_M4,Lathe_M1,18,1,2,0,Medium,Normal,0,Medium
P0325,Polishing_M3,Busy,11,42,No,Night,Bearing_Stainless,61,27,37,Polishing_M3,Assembly_M4,12,0,1,2,Medium,Warm,0,Medium
P0205,Lathe_M1,Overloaded,10,8,No,Evening,Ceramic_Hybrid,83,19,8,Grinding_M2,Assembly_M4,17,0,3,,Medium,Hot,0,Medium
P0151,Grinding_M2,Idle,1,33,Yes,Morning,Bearing_Stainless,48,23,6,Grinding_M2,Polishing_M3,12,1,0,0,Low,Normal,0,Medium
P0427,Assembly_M4,Idle,5,29,No,Morning,Bearing_Stainless,79,26,25,Polishing_M3,Grinding_M2,23,0,0,0,Medium,Hot,0,High
P0109,Grinding_M2,Busy,15,35,Yes,Evening,Ceramic_Hybrid,38,8,32,Grinding_M2,Grinding_M2,28,1,1,,High,Normal,1,High
P0476,Polishing_M3,Maintenance,18,13,No,Morning,Ceramic_Hybrid,82,14,26,Assembly_M4,Assembly_M4,5,0,2,0,High,Hot,1,Low
P0488,Lathe_M1,Idle,22,9,No,Morning,Ceramic_Hybrid,66,22,36,Assembly_M4,Grinding_M2,27,0,0,0,High,Warm,1,High
P0478,Lathe_M1,Overloaded,9,43,No,Night,Ceramic_Hybrid,82,16,11,Packaging_Line,Assembly_M4,29,0,3,2,Medium,Hot,0,High
P0414,Grinding_M2,Idle,14,7,No,Morning,Bearing_Stainless,43,11,32,Grinding_M2,Lathe_M1,29,0,0,0,Medium,Normal,0,High
P0046,Polishing_M3,Idle,14,39,Yes,Night,Bearing_Stainless,30,13,51,Polishing_M3,Polishing_M3,6,1,0,2,Medium,Normal,0,Low
P0489,Assembly_M4,Busy,12,33,No,Morning,Ceramic_Hybrid,43,4,12,Polishing_M3,Assembly_M4,8,0,1,0,Medium,Normal,0,Low
P0217,Polishing_M3,Overloaded,22,24,Yes,Night,Ceramic_Hybrid,71,5,55,Polishing_M3,Lathe_M1,21,1,3,2,High,Hot,1,High
P0203,Lathe_M1,Maintenance,2,12,No,Morning,Bearing_Stainless,47,17,17,Polishing_M3,Assembly_M4,3,0,2,0,Low,Normal,0,Low
P0349,Assembly_M4,Idle,15,13,No,Morning,Ceramic_Hybrid,84,15,17,Grinding_M2,Polishing_M3,21,0,0,0,High,Hot,1,High
P0159,Lathe_M1,Overloaded,24,11,No,Night,Bearing_Steel_Chrome,39,8,42,Packaging_Line,Polishing_M3,2,0,3,2,High,Normal,1,Low
P0361,Assembly_M4,Busy,8,26,No,Morning,Ceramic_Hybrid,48,18,41,Polishing_M3,Grinding_M2,12,0,1,0,Medium,Normal,0,Medium
P0359,Lathe_M1,Idle,0,14,No,Night,Bearing_Stainless,67,17,50,Assembly_M4,Grinding_M2,8,0,0,2,Low,Warm,0,Low
P0012,Assembly_M4,Overloaded,23,29,No,Night,Bearing_Stainless,74,13,29,Assembly_M4,Assembly_M4,17,0,3,2,High,Hot,1,Medium
P0201,Lathe_M1,Overloaded,13,18,No,Night,Bearing_Steel_Chrome,65,5,27,Packaging_Line,Lathe_M1,11,0,3,2,Medium,Warm,0,Medium
P0068,Polishing_M3,Busy,5,9,No,Evening,Ceramic_Hybrid,67,26,22,Polishing_M3,Grinding_M2,13,0,1,,Medium,Warm,0,Medium
P0227,Assembly_M4,Overloaded,10,18,Yes,Morning,Bearing_Steel_Chrome,52,19,32,Polishing_M3,Lathe_M1,19,1,3,0,Medium,Warm,0,Medium
P0186,Lathe_M1,Idle,23,31,No,Evening,Ceramic_Hybrid,56,16,13,Polishing_M3,Lathe_M1,8,0,0,,High,Warm,1,Low
P0050,Polishing_M3,Maintenance,19,32,Yes,Morning,Bearing_Steel_Chrome,57,5,50,Assembly_M4,Assembly_M4,25,1,2,0,High,Warm,1,High
P0497,Grinding_M2,Maintenance,1,7,Yes,Morning,Bearing_Steel_Chrome,50,9,10,Polishing_M3,Assembly_M4,16,1,2,0,Low,Warm,0,Medium
P0251,Polishing_M3,Idle,23,43,No,Night,Ceramic_Hybrid,54,14,17,Grinding_M2,Assembly_M4,5,0,0,2,High,Warm,1,Low
P0443,Assembly_M4,Overloaded,24,24,No,Evening,Bearing_Steel_Chrome,78,19,51,Grinding_M2,Lathe_M1,18,0,3,,High,Hot,1,Medium
P0043,Lathe_M1,Maintenance,1,14,Yes,Morning,Ceramic_Hybrid,79,14,54,Packaging_Line,Polishing_M3,15,1,2,0,Low,Hot,0,Medium
P0356,Lathe_M1,Idle,11,17,No,Evening,Ceramic_Hybrid,74,16,59,Packaging_Line,Polishing_M3,11,0,0,,Medium,Hot,0,Medium
P0293,Grinding_M2,Busy,18,39,No,Morning,Ceramic_Hybrid,63,22,30,Polishing_M3,Assembly_M4,14,0,1,0,High,Warm,1,Medium
P0417,Lathe_M1,Maintenance,13,28,No,Morning,Ceramic_Hybrid,65,2,55,Grinding_M2,Grinding_M2,11,0,2,0,Medium,Warm,0,Medium
P0495,Lathe_M1,Idle,22,26,Yes,Morning,Ceramic_Hybrid,47,25,58,Packaging_Line,Polishing_M3,19,1,0,0,High,Normal,1,Medium
P0063,Lathe_M1,Idle,17,16,Yes,Night,Bearing_Steel_Chrome,79,29,32,Grinding_M2,Polishing_M3,28,1,0,2,High,Hot,1,High
P0436,Lathe_M1,Busy,0,23,Yes,Night,Bearing_Stainless,52,28,56,Assembly_M4,Grinding_M2,29,1,1,2,Low,Warm,0,High
P0217,Lathe_M1,Idle,16,41,No,Morning,Ceramic_Hybrid,50,4,38,Assembly_M4,Assembly_M4,3,0,0,0,High,Warm,1,Low
P0072,Assembly_M4,Overloaded,7,20,No,Night,Ceramic_Hybrid,62,14,27,Polishing_M3,Lathe_M1,28,0,3,2,Medium,Warm,0,High
P0340,Lathe_M1,Idle,21,26,Yes,Morning,Bearing_Steel_Chrome,40,29,52,Assembly_M4,Grinding_M2,3,1,0,0,High,Normal,1,Low
P0491,Grinding_M2,Idle,12,12,No,Evening,Bearing_Steel_Chrome,68,24,59,Packaging_Line,Lathe_M1,22,0,0,,Medium,Warm,0,High
P0282,Polishing_M3,Overloaded,20,30,No,Night,Bearing_Steel_Chrome,64,22,29,Packaging_Line,Assembly_M4,9,0,3,2,High,Warm,1,Low
P0043,Polishing_M3,Maintenance,0,10,Yes,Night,Bearing_Steel_Chrome,47,20,27,Grinding_M2,Polishing_M3,11,1,2,2,Low,Normal,0,Medium
P0325,Grinding_M2,Overloaded,10,27,Yes,Evening,Bearing_Steel_Chrome,56,14,47,Assembly_M4,Assembly_M4,18,1,3,,Medium,Warm,0,Medium
P0195,Lathe_M1,Idle,22,19,Yes,Evening,Bearing_Steel_Chrome,57,22,43,Grinding_M2,Assembly_M4,23,1,0,,High,Warm,1,High
P0034,Polishing_M3,Busy,12,22,No,Evening,Bearing_Stainless,48,20,51,Polishing_M3,Grinding_M2,8,0,1,,Medium,Normal,0,Low
P0141,Lathe_M1,Busy,18,11,No,Morning,Bearing_Stainless,74,17,24,Grinding_M2,Lathe_M1,27,0,1,0,High,Hot,1,High
P0090,Polishing_M3,Maintenance,5,31,Yes,Night,Bearing_Stainless,33,22,49,Assembly_M4,Polishing_M3,25,1,2,2,Medium,Normal,0,High
P0312,Lathe_M1,Busy,20,30,Yes,Evening,Bearing_Stainless,64,17,49,Polishing_M3,Polishing_M3,13,1,1,,High,Warm,1,Medium
P0413,Assembly_M4,Maintenance,16,27,Yes,Evening,Bearing_Steel_Chrome,44,6,58,Polishing_M3,Grinding_M2,21,1,2,,High,Normal,1,High
P0074,Assembly_M4,Overloaded,16,32,Yes,Night,Ceramic_Hybrid,65,3,29,Assembly_M4,Grinding_M2,26,1,3,2,High,Warm,1,High
P0348,Assembly_M4,Maintenance,17,10,Yes,Evening,Bearing_Stainless,35,26,42,Packaging_Line,Polishing_M3,6,1,2,,High,Normal,1,Low
P0142,Assembly_M4,Idle,12,15,No,Night,Bearing_Steel_Chrome,38,3,44,Assembly_M4,Assembly_M4,3,0,0,2,Medium,Normal,0,Low
P0395,Polishing_M3,Busy,22,39,Yes,Morning,Ceramic_Hybrid,57,25,23,Polishing_M3,Lathe_M1,18,1,1,0,High,Warm,1,Medium
P0085,Lathe_M1,Busy,16,28,No,Night,Bearing_Stainless,69,4,5,Grinding_M2,Assembly_M4,4,0,1,2,High,Warm,1,Low
P0347,Grinding_M2,Maintenance,24,38,No,Night,Ceramic_Hybrid,49,17,38,Grinding_M2,Assembly_M4,29,0,2,2,High,Normal,1,High
P0008,Grinding_M2,Busy,18,27,No,Night,Ceramic_Hybrid,43,26,20,Assembly_M4,Grinding_M2,22,0,1,2,High,Normal,1,High
P0379,Lathe_M1,Maintenance,18,13,Yes,Night,Ceramic_Hybrid,25,11,23,Polishing_M3,Grinding_M2,1,1,2,2,High,Normal,1,Low
P0039,Polishing_M3,Idle,1,20,No,Morning,Bearing_Stainless,68,9,59,Packaging_Line,Assembly_M4,18,0,0,0,Low,Warm,0,Medium
P0088,Polishing_M3,Busy,1,29,No,Night,Bearing_Steel_Chrome,69,7,25,Grinding_M2,Polishing_M3,26,0,1,2,Low,Warm,0,High
P0154,Assembly_M4,Overloaded,5,36,No,Morning,Bearing_Steel_Chrome,65,17,47,Packaging_Line,Grinding_M2,7,0,3,0,Medium,Warm,0,Low
P0473,Polishing_M3,Busy,9,14,No,Night,Bearing_Stainless,54,26,56,Grinding_M2,Polishing_M3,18,0,1,2,Medium,Warm,0,Medium
P0004,Assembly_M4,Overloaded,23,13,No,Evening,Bearing_Steel_Chrome,55,16,8,Grinding_M2,Polishing_M3,8,0,3,,High,Warm,1,Low
P0456,Grinding_M2,Maintenance,8,13,No,Morning,Bearing_Steel_Chrome,50,5,21,Packaging_Line,Assembly_M4,16,0,2,0,Medium,Warm,0,Medium
P0102,Lathe_M1,Idle,14,39,No,Morning,Bearing_Stainless,81,21,9,Grinding_M2,Grinding_M2,23,0,0,0,Medium,Hot,0,High
P0394,Polishing_M3,Idle,4,24,No,Evening,Bearing_Stainless,39,19,51,Assembly_M4,Polishing_M3,2,0,0,,Low,Normal,0,Low
P0220,Grinding_M2,Overloaded,12,8,Yes,Evening,Ceramic_Hybrid,66,14,14,Packaging_Line,Grinding_M2,29,1,3,,Medium,Warm,0,High
P0072,Polishing_M3,Maintenance,8,12,Yes,Evening,Ceramic_Hybrid,27,17,50,Polishing_M3,Lathe_M1,9,1,2,,Medium,Normal,0,Low
P0098,Polishing_M3,Busy,20,15,Yes,Evening,Bearing_Stainless,59,6,46,Assembly_M4,Lathe_M1,13,1,1,,High,Warm,1,Medium
P0083,Grinding_M2,Maintenance,3,17,No,Morning,Bearing_Stainless,36,6,14,Packaging_Line,Assembly_M4,28,0,2,0,Low,Normal,0,High
P0410,Grinding_M2,Overloaded,23,13,No,Night,Ceramic_Hybrid,76,8,6,Packaging_Line,Grinding_M2,22,0,3,2,High,Hot,1,High
P0057,Lathe_M1,Busy,23,27,Yes,Morning,Bearing_Stainless,63,9,43,Grinding_M2,Grinding_M2,21,1,1,0,High,Warm,1,High
P0027,Polishing_M3,Maintenance,22,33,Yes,Evening,Bearing_Stainless,38,27,55,Assembly_M4,Polishing_M3,5,1,2,,High,Normal,1,Low
P0249,Lathe_M1,Maintenance,22,35,Yes,Night,Bearing_Steel_Chrome,49,19,24,Polishing_M3,Grinding_M2,12,1,2,2,High,Normal,1,Medium
P0144,Lathe_M1,Overloaded,22,21,Yes,Night,Bearing_Stainless,69,3,29,Polishing_M3,Assembly_M4,13,1,3,2,High,Warm,1,Medium
P0362,Lathe_M1,Idle,6,32,Yes,Night,Ceramic_Hybrid,66,24,10,Polishing_M3,Grinding_M2,3,1,0,2,Medium,Warm,0,Low
P0062,Grinding_M2,Maintenance,2,22,Yes,Evening,Bearing_Steel_Chrome,35,23,24,Polishing_M3,Assembly_M4,5,1,2,,Low,Normal,0,Low
P0010,Grinding_M2,Busy,18,26,Yes,Evening,Bearing_Stainless,83,29,23,Assembly_M4,Grinding_M2,15,1,1,,High,Hot,1,Medium
P0114,Polishing_M3,Maintenance,15,28,No,Morning,Ceramic_Hybrid,65,5,19,Packaging_Line,Lathe_M1,25,0,2,0,High,Warm,1,High
P0156,Lathe_M1,Overloaded,11,39,No,Evening,Bearing_Stainless,79,15,53,Packaging_Line,Grinding_M2,19,0,3,,Medium,Hot,0,Medium
P0164,Lathe_M1,Idle,5,40,Yes,Morning,Bearing_Steel_Chrome,31,20,53,Assembly_M4,Grinding_M2,25,1,0,0,Medium,Normal,0,High
P0147,Assembly_M4,Overloaded,15,44,Yes,Evening,Bearing_Steel_Chrome,75,9,22,Assembly_M4,Assembly_M4,28,1,3,,High,Hot,1,High
P0187,Polishing_M3,Overloaded,15,23,Yes,Morning,Ceramic_Hybrid,66,18,49,Grinding_M2,Grinding_M2,13,1,3,0,High,Warm,1,Medium
P0170,Polishing_M3,Overloaded,6,31,No,Morning,Ceramic_Hybrid,34,3,40,Assembly_M4,Grinding_M2,25,0,3,0,Medium,Normal,0,High
P0300,Assembly_M4,Busy,5,28,Yes,Morning,Ceramic_Hybrid,42,24,10,Grinding_M2,Lathe_M1,29,1,1,0,Medium,Normal,0,High
P0301,Grinding_M2,Idle,24,21,No,Morning,Bearing_Steel_Chrome,70,25,15,Assembly_M4,Polishing_M3,26,0,0,0,High,Hot,1,High
P0372,Assembly_M4,Idle,18,38,Yes,Morning,Bearing_Steel_Chrome,52,4,15,Polishing_M3,Assembly_M4,6,1,0,0,High,Warm,1,Low
P0282,Polishing_M3,Overloaded,13,30,No,Evening,Ceramic_Hybrid,72,22,58,Grinding_M2,Assembly_M4,24,0,3,,Medium,Hot,0,High
P0035,Assembly_M4,Maintenance,6,34,Yes,Morning,Ceramic_Hybrid,83,9,55,Assembly_M4,Grinding_M2,20,1,2,0,Medium,Hot,0,High
P0149,Lathe_M1,Busy,15,36,Yes,Night,Bearing_Stainless,46,28,11,Packaging_Line,Lathe_M1,9,1,1,2,High,Normal,1,Low
P0085,Assembly_M4,Maintenance,12,5,No,Evening,Ceramic_Hybrid,53,9,58,Assembly_M4,Grinding_M2,4,0,2,,Medium,Warm,0,Low
P0095,Lathe_M1,Idle,2,7,Yes,Night,Ceramic_Hybrid,78,14,44,Grinding_M2,Assembly_M4,7,1,0,2,Low,Hot,0,Low
P0258,Polishing_M3,Overloaded,0,31,Yes,Evening,Ceramic_Hybrid,40,7,11,Assembly_M4,Lathe_M1,12,1,3,,Low,Normal,0,Medium
P0088,Grinding_M2,Busy,22,15,Yes,Evening,Bearing_Steel_Chrome,66,22,37,Polishing_M3,Polishing_M3,18,1,1,,High,Warm,1,Medium
P0475,Grinding_M2,Overloaded,3,41,Yes,Night,Bearing_Steel_Chrome,65,28,21,Polishing_M3,Lathe_M1,3,1,3,2,Low,Warm,0,Low
P0001,Polishing_M3,Overloaded,15,9,No,Morning,Ceramic_Hybrid,72,4,56,Assembly_M4,Grinding_M2,15,0,3,0,High,Hot,1,Medium
P0210,Polishing_M3,Overloaded,2,18,Yes,Night,Bearing_Steel_Chrome,72,18,28,Assembly_M4,Grinding_M2,20,1,3,2,Low,Hot,0,High
P0375,Polishing_M3,Idle,22,22,No,Morning,Ceramic_Hybrid,74,23,18,Grinding_M2,Assembly_M4,18,0,0,0,High,Hot,1,Medium
P0485,Polishing_M3,Idle,14,19,No,Morning,Bearing_Stainless,30,28,19,Assembly_M4,Grinding_M2,18,0,0,0,Medium,Normal,0,Medium
P0298,Assembly_M4,Idle,3,12,No,Morning,Ceramic_Hybrid,39,4,51,Packaging_Line,Polishing_M3,13,0,0,0,Low,Normal,0,Medium
P0076,Assembly_M4,Busy,8,38,No,Morning,Bearing_Stainless,48,9,36,Polishing_M3,Grinding_M2,29,0,1,0,Medium,Normal,0,High
P0097,Assembly_M4,Idle,19,17,No,Morning,Bearing_Stainless,25,3,19,Polishing_M3,Grinding_M2,12,0,0,0,High,Normal,1,Medium
P0419,Assembly_M4,Idle,13,33,Yes,Morning,Bearing_Steel_Chrome,58,19,58,Packaging_Line,Grinding_M2,7,1,0,0,Medium,Warm,0,Low
P0233,Assembly_M4,Busy,22,35,Yes,Night,Bearing_Steel_Chrome,49,7,18,Grinding_M2,Assembly_M4,8,1,1,2,High,Normal,1,Low
P0197,Lathe_M1,Busy,21,6,Yes,Night,Bearing_Steel_Chrome,41,6,18,Polishing_M3,Grinding_M2,25,1,1,2,High,Normal,1,High
P0395,Lathe_M1,Overloaded,23,34,Yes,Night,Ceramic_Hybrid,53,21,25,Grinding_M2,Lathe_M1,29,1,3,2,High,Warm,1,High
P0491,Lathe_M1,Overloaded,20,26,Yes,Morning,Bearing_Steel_Chrome,59,6,20,Packaging_Line,Assembly_M4,18,1,3,0,High,Warm,1,Medium
P0418,Grinding_M2,Overloaded,16,21,No,Evening,Bearing_Steel_Chrome,40,27,59,Polishing_M3,Lathe_M1,2,0,3,,High,Normal,1,Low
P0279,Polishing_M3,Busy,3,25,Yes,Morning,Bearing_Steel_Chrome,63,3,34,Assembly_M4,Lathe_M1,6,1,1,0,Low,Warm,0,Low
P0262,Assembly_M4,Idle,16,43,Yes,Morning,Bearing_Steel_Chrome,49,6,9,Polishing_M3,Assembly_M4,20,1,0,0,High,Normal,1,High
P0198,Grinding_M2,Overloaded,15,41,No,Morning,Ceramic_Hybrid,64,10,9,Packaging_Line,Lathe_M1,10,0,3,0,High,Warm,1,Medium
P0252,Grinding_M2,Busy,24,6,Yes,Morning,Bearing_Stainless,33,12,40,Assembly_M4,Lathe_M1,22,1,1,0,High,Normal,1,High
P0316,Polishing_M3,Busy,21,26,No,Morning,Bearing_Steel_Chrome,58,24,33,Polishing_M3,Grinding_M2,6,0,1,0,High,Warm,1,Low
P0220,Polishing_M3,Idle,13,37,No,Morning,Ceramic_Hybrid,42,8,5,Assembly_M4,Polishing_M3,1,0,0,0,Medium,Normal,0,Low
P0179,Lathe_M1,Overloaded,0,28,No,Night,Bearing_Stainless,28,5,22,Assembly_M4,Lathe_M1,27,0,3,2,Low,Normal,0,High
P0404,Lathe_M1,Idle,10,36,Yes,Evening,Bearing_Steel_Chrome,57,29,46,Packaging_Line,Assembly_M4,9,1,0,,Medium,Warm,0,Low
P0370,Assembly_M4,Busy,22,40,Yes,Night,Bearing_Stainless,84,7,20,Assembly_M4,Grinding_M2,2,1,1,2,High,Hot,1,Low
P0047,Polishing_M3,Idle,22,28,Yes,Evening,Bearing_Stainless,80,18,17,Assembly_M4,Assembly_M4,24,1,0,,High,Hot,1,High
P0218,Assembly_M4,Maintenance,17,17,No,Morning,Ceramic_Hybrid,73,6,47,Polishing_M3,Assembly_M4,7,0,2,0,High,Hot,1,Low
P0215,Assembly_M4,Maintenance,9,21,Yes,Evening,Bearing_Steel_Chrome,39,19,27,Packaging_Line,Grinding_M2,22,1,2,,Medium,Normal,0,High
P0360,Lathe_M1,Idle,18,34,No,Morning,Bearing_Steel_Chrome,82,3,8,Grinding_M2,Polishing_M3,3,0,0,0,High,Hot,1,Low
P0286,Assembly_M4,Idle,6,22,Yes,Morning,Bearing_Stainless,66,8,44,Assembly_M4,Grinding_M2,6,1,0,0,Medium,Warm,0,Low
P0151,Assembly_M4,Idle,21,5,No,Morning,Bearing_Steel_Chrome,28,15,53,Polishing_M3,Lathe_M1,20,0,0,0,High,Normal,1,High
P0383,Grinding_M2,Busy,17,33,Yes,Evening,Ceramic_Hybrid,45,27,18,Grinding_M2,Assembly_M4,9,1,1,,High,Normal,1,Low
P0191,Lathe_M1,Busy,14,16,Yes,Evening,Ceramic_Hybrid,66,20,55,Polishing_M3,Lathe_M1,6,1,1,,Medium,Warm,0,Low
P0076,Polishing_M3,Idle,19,28,Yes,Morning,Bearing_Steel_Chrome,51,7,12,Grinding_M2,Assembly_M4,1,1,0,0,High,Warm,1,Low
P0077,Grinding_M2,Maintenance,21,28,Yes,Night,Ceramic_Hybrid,71,8,23,Assembly_M4,Assembly_M4,22,1,2,2,High,Hot,1,High
P0211,Polishing_M3,Maintenance,24,39,Yes,Evening,Bearing_Steel_Chrome,54,23,15,Polishing_M3,Lathe_M1,20,1,2,,High,Warm,1,High
P0452,Lathe_M1,Idle,18,38,Yes,Morning,Bearing_Stainless,25,17,22,Packaging_Line,Assembly_M4,23,1,0,0,High,Normal,1,High
P0284,Polishing_M3,Overloaded,16,42,Yes,Evening,Bearing_Steel_Chrome,38,24,29,Assembly_M4,Lathe_M1,15,1,3,,High,Normal,1,Medium
P0268,Assembly_M4,Idle,13,26,Yes,Evening,Ceramic_Hybrid,27,25,59,Grinding_M2,Grinding_M2,19,1,0,,Medium,Normal,0,Medium
P0201,Grinding_M2,Busy,24,38,No,Evening,Bearing_Stainless,59,19,5,Packaging_Line,Assembly_M4,20,0,1,,High,Warm,1,High
P0085,Lathe_M1,Overloaded,20,33,No,Morning,Bearing_Stainless,30,6,5,Grinding_M2,Lathe_M1,19,0,3,0,High,Normal,1,Medium
P0040,Polishing_M3,Overloaded,0,31,Yes,Morning,Bearing_Stainless,45,22,20,Polishing_M3,Lathe_M1,12,1,3,0,Low,Normal,0,Medium
P0034,Grinding_M2,Busy,21,44,No,Morning,Ceramic_Hybrid,50,17,32,Polishing_M3,Lathe_M1,1,0,1,0,High,Warm,1,Low
P0124,Polishing_M3,Busy,3,14,Yes,Night,Bearing_Stainless,67,18,27,Grinding_M2,Lathe_M1,7,1,1,2,Low,Warm,0,Low
P0162,Lathe_M1,Overloaded,11,11,Yes,Evening,Bearing_Stainless,68,16,38,Packaging_Line,Grinding_M2,14,1,3,,Medium,Warm,0,Medium
P0162,Assembly_M4,Overloaded,12,8,Yes,Night,Ceramic_Hybrid,38,15,20,Grinding_M2,Polishing_M3,7,1,3,2,Medium,Normal,0,Low
P0209,Lathe_M1,Idle,18,6,Yes,Night,Bearing_Stainless,34,19,21,Packaging_Line,Lathe_M1,5,1,0,2,High,Normal,1,Low
P0149,Grinding_M2,Idle,11,10,No,Morning,Ceramic_Hybrid,46,10,24,Grinding_M2,Grinding_M2,1,0,0,0,Medium,Normal,0,Low
P0453,Grinding_M2,Idle,21,10,Yes,Night,Ceramic_Hybrid,43,19,10,Assembly_M4,Assembly_M4,13,1,0,2,High,Normal,1,Medium
P0403,Grinding_M2,Overloaded,0,27,No,Evening,Ceramic_Hybrid,47,27,17,Packaging_Line,Lathe_M1,7,0,3,,Low,Normal,0,Low
P0457,Assembly_M4,Idle,14,31,Yes,Night,Ceramic_Hybrid,50,2,19,Grinding_M2,Grinding_M2,4,1,0,2,Medium,Warm,0,Low
P0291,Assembly_M4,Busy,12,31,Yes,Morning,Bearing_Stainless,81,6,6,Grinding_M2,Assembly_M4,23,1,1,0,Medium,Hot,0,High
P0049,Assembly_M4,Overloaded,0,20,Yes,Evening,Bearing_Steel_Chrome,47,7,59,Grinding_M2,Polishing_M3,16,1,3,,Low,Normal,0,Medium
P0296,Polishing_M3,Overloaded,13,33,Yes,Morning,Bearing_Steel_Chrome,50,4,19,Packaging_Line,Polishing_M3,3,1,3,0,Medium,Warm,0,Low
P0243,Polishing_M3,Maintenance,22,33,Yes,Morning,Ceramic_Hybrid,58,2,45,Packaging_Line,Lathe_M1,9,1,2,0,High,Warm,1,Low
P0187,Polishing_M3,Maintenance,22,11,No,Night,Ceramic_Hybrid,27,27,36,Polishing_M3,Assembly_M4,18,0,2,2,High,Normal,1,Medium
P0188,Polishing_M3,Overloaded,10,11,Yes,Night,Bearing_Stainless,65,2,18,Packaging_Line,Polishing_M3,20,1,3,2,Medium,Warm,0,High
P0450,Lathe_M1,Busy,5,43,Yes,Night,Ceramic_Hybrid,34,8,30,Grinding_M2,Grinding_M2,2,1,1,2,Medium,Normal,0,Low
P0437,Lathe_M1,Overloaded,3,25,No,Morning,Ceramic_Hybrid,84,18,37,Packaging_Line,Lathe_M1,10,0,3,0,Low,Hot,0,Medium
P0115,Assembly_M4,Maintenance,18,16,Yes,Evening,Bearing_Stainless,80,17,45,Packaging_Line,Assembly_M4,15,1,2,,High,Hot,1,Medium
P0056,Lathe_M1,Idle,16,6,Yes,Evening,Bearing_Stainless,60,19,11,Polishing_M3,Assembly_M4,13,1,0,,High,Warm,1,Medium
P0169,Lathe_M1,Overloaded,14,29,No,Night,Bearing_Stainless,47,29,26,Polishing_M3,Assembly_M4,26,0,3,2,Medium,Normal,0,High
P0059,Polishing_M3,Maintenance,0,15,Yes,Night,Bearing_Steel_Chrome,34,26,41,Packaging_Line,Grinding_M2,16,1,2,2,Low,Normal,0,Medium
P0328,Grinding_M2,Overloaded,10,42,Yes,Night,Bearing_Stainless,65,14,28,Grinding_M2,Polishing_M3,8,1,3,2,Medium,Warm,0,Low
P0405,Assembly_M4,Maintenance,13,37,Yes,Morning,Bearing_Steel_Chrome,41,25,41,Grinding_M2,Assembly_M4,25,1,2,0,Medium,Normal,0,High
P0139,Polishing_M3,Idle,1,36,Yes,Morning,Bearing_Steel_Chrome,81,29,28,Assembly_M4,Assembly_M4,9,1,0,0,Low,Hot,0,Low
P0042,Polishing_M3,Maintenance,3,21,No,Night,Bearing_Steel_Chrome,41,22,54,Assembly_M4,Grinding_M2,16,0,2,2,Low,Normal,0,Medium
P0426,Lathe_M1,Busy,7,15,No,Evening,Bearing_Stainless,45,22,22,Polishing_M3,Grinding_M2,23,0,1,,Medium,Normal,0,High
P0179,Assembly_M4,Maintenance,23,14,No,Night,Ceramic_Hybrid,69,18,22,Polishing_M3,Assembly_M4,10,0,2,2,High,Warm,1,Medium
P0182,Assembly_M4,Busy,15,24,Yes,Morning,Ceramic_Hybrid,61,14,22,Polishing_M3,Polishing_M3,17,1,1,0,High,Warm,1,Medium
P0341,Polishing_M3,Busy,8,18,Yes,Evening,Bearing_Steel_Chrome,73,5,22,Packaging_Line,Polishing_M3,27,1,1,,Medium,Hot,0,High
P0059,Assembly_M4,Overloaded,19,13,Yes,Evening,Bearing_Steel_Chrome,37,16,31,Packaging_Line,Lathe_M1,15,1,3,,High,Normal,1,Medium
P0019,Grinding_M2,Idle,4,23,No,Night,Ceramic_Hybrid,50,21,30,Polishing_M3,Assembly_M4,25,0,0,2,Low,Warm,0,High
P0111,Polishing_M3,Idle,13,32,Yes,Night,Ceramic_Hybrid,73,19,36,Grinding_M2,Polishing_M3,21,1,0,2,Medium,Hot,0,High
P0417,Polishing_M3,Busy,2,6,No,Evening,Ceramic_Hybrid,57,11,23,Grinding_M2,Assembly_M4,17,0,1,,Low,Warm,0,Medium
P0333,Assembly_M4,Maintenance,11,37,No,Evening,Bearing_Stainless,36,18,7,Packaging_Line,Polishing_M3,11,0,2,,Medium,Normal,0,Medium
P0059,Grinding_M2,Maintenance,16,30,No,Evening,Bearing_Steel_Chrome,59,9,56,Polishing_M3,Assembly_M4,4,0,2,,High,Warm,1,Low
P0196,Polishing_M3,Maintenance,20,11,No,Night,Ceramic_Hybrid,70,15,40,Grinding_M2,Lathe_M1,16,0,2,2,High,Hot,1,Medium
P0413,Lathe_M1,Busy,23,5,Yes,Night,Bearing_Stainless,73,26,14,Grinding_M2,Assembly_M4,22,1,1,2,High,Hot,1,High
P0384,Lathe_M1,Maintenance,15,20,Yes,Night,Bearing_Stainless,82,9,33,Packaging_Line,Grinding_M2,7,1,2,2,High,Hot,1,Low
P0115,Assembly_M4,Maintenance,5,20,Yes,Morning,Bearing_Stainless,44,17,11,Grinding_M2,Polishing_M3,9,1,2,0,Medium,Normal,0,Low
P0496,Assembly_M4,Maintenance,13,30,No,Morning,Bearing_Stainless,50,15,11,Polishing_M3,Polishing_M3,1,0,2,0,Medium,Warm,0,Low
P0138,Polishing_M3,Overloaded,24,24,No,Night,Bearing_Steel_Chrome,27,21,8,Grinding_M2,Assembly_M4,29,0,3,2,High,Normal,1,High
P0017,Lathe_M1,Busy,10,6,Yes,Evening,Ceramic_Hybrid,38,13,34,Assembly_M4,Polishing_M3,17,1,1,,Medium,Normal,0,Medium
P0088,Assembly_M4,Idle,11,30,No,Morning,Ceramic_Hybrid,68,2,17,Packaging_Line,Lathe_M1,14,0,0,0,Medium,Warm,0,Medium
P0411,Assembly_M4,Idle,23,38,No,Night,Bearing_Steel_Chrome,68,27,25,Packaging_Line,Polishing_M3,28,0,0,2,High,Warm,1,High
P0265,Grinding_M2,Maintenance,15,40,Yes,Morning,Ceramic_Hybrid,64,3,46,Polishing_M3,Lathe_M1,9,1,2,0,High,Warm,1,Low
P0324,Assembly_M4,Overloaded,22,19,Yes,Evening,Bearing_Steel_Chrome,37,24,21,Grinding_M2,Lathe_M1,16,1,3,,High,Normal,1,Medium
P0014,Assembly_M4,Busy,1,24,Yes,Morning,Ceramic_Hybrid,44,28,50,Grinding_M2,Assembly_M4,3,1,1,0,Low,Normal,0,Low
P0013,Grinding_M2,Maintenance,22,16,No,Morning,Bearing_Steel_Chrome,64,3,40,Polishing_M3,Polishing_M3,14,0,2,0,High,Warm,1,Medium
P0100,Grinding_M2,Maintenance,15,23,No,Night,Bearing_Steel_Chrome,58,13,50,Assembly_M4,Lathe_M1,6,0,2,2,High,Warm,1,Low
P0479,Grinding_M2,Busy,12,40,Yes,Morning,Bearing_Stainless,46,19,16,Grinding_M2,Lathe_M1,20,1,1,0,Medium,Normal,0,High
P0073,Polishing_M3,Overloaded,21,34,Yes,Morning,Bearing_Steel_Chrome,77,20,44,Packaging_Line,Polishing_M3,7,1,3,0,High,Hot,1,Low
P0468,Grinding_M2,Maintenance,15,23,Yes,Evening,Bearing_Steel_Chrome,30,21,31,Packaging_Line,Lathe_M1,21,1,2,,High,Normal,1,High
P0250,Lathe_M1,Idle,10,41,No,Evening,Bearing_Stainless,72,8,9,Packaging_Line,Grinding_M2,11,0,0,,Medium,Hot,0,Medium
P0093,Polishing_M3,Busy,14,7,Yes,Night,Ceramic_Hybrid,82,6,27,Grinding_M2,Lathe_M1,21,1,1,2,Medium,Hot,0,High
P0500,Polishing_M3,Overloaded,4,13,No,Night,Ceramic_Hybrid,39,4,33,Grinding_M2,Grinding_M2,6,0,3,2,Low,Normal,0,Low
P0268,Polishing_M3,Busy,16,30,Yes,Night,Bearing_Steel_Chrome,45,9,25,Grinding_M2,Grinding_M2,25,1,1,2,High,Normal,1,High
P0111,Polishing_M3,Busy,10,42,Yes,Morning,Bearing_Stainless,32,11,28,Polishing_M3,Grinding_M2,29,1,1,0,Medium,Normal,0,High
P0043,Grinding_M2,Overloaded,2,18,No,Evening,Bearing_Steel_Chrome,79,15,14,Grinding_M2,Polishing_M3,12,0,3,,Low,Hot,0,Medium
P0363,Polishing_M3,Maintenance,5,38,No,Evening,Ceramic_Hybrid,65,11,21,Packaging_Line,Grinding_M2,17,0,2,,Medium,Warm,0,Medium
P0129,Grinding_M2,Idle,2,35,No,Evening,Bearing_Steel_Chrome,75,2,16,Assembly_M4,Grinding_M2,7,0,0,,Low,Hot,0,Low
P0407,Grinding_M2,Maintenance,3,17,No,Evening,Bearing_Stainless,58,11,25,Assembly_M4,Polishing_M3,22,0,2,,Low,Warm,0,High
P0319,Lathe_M1,Maintenance,24,8,No,Morning,Ceramic_Hybrid,42,6,23,Assembly_M4,Polishing_M3,2,0,2,0,High,Normal,1,Low
P0460,Lathe_M1,Maintenance,11,21,Yes,Morning,Ceramic_Hybrid,34,3,10,Assembly_M4,Assembly_M4,8,1,2,0,Medium,Normal,0,Low
P0151,Polishing_M3,Maintenance,18,15,Yes,Morning,Bearing_Steel_Chrome,81,13,13,Assembly_M4,Assembly_M4,2,1,2,0,High,Hot,1,Low
P0405,Grinding_M2,Overloaded,7,15,Yes,Morning,Bearing_Steel_Chrome,84,22,40,Assembly_M4,Polishing_M3,10,1,3,0,Medium,Hot,0,Medium
P0075,Polishing_M3,Busy,20,24,Yes,Evening,Ceramic_Hybrid,72,9,40,Grinding_M2,Polishing_M3,29,1,1,,High,Hot,1,High
P0110,Assembly_M4,Overloaded,9,16,Yes,Night,Bearing_Steel_Chrome,38,17,58,Packaging_Line,Polishing_M3,18,1,3,2,Medium,Normal,0,Medium
P0309,Grinding_M2,Idle,20,26,Yes,Night,Bearing_Stainless,45,13,54,Grinding_M2,Assembly_M4,7,1,0,2,High,Normal,1,Low
P0350,Assembly_M4,Overloaded,19,28,No,Morning,Bearing_Steel_Chrome,47,8,13,Grinding_M2,Assembly_M4,1,0,3,0,High,Normal,1,Low
P0256,Lathe_M1,Overloaded,5,42,No,Morning,Bearing_Steel_Chrome,78,13,26,Packaging_Line,Grinding_M2,12,0,3,0,Medium,Hot,0,Medium
P0308,Polishing_M3,Maintenance,9,10,Yes,Night,Bearing_Steel_Chrome,41,20,54,Assembly_M4,Lathe_M1,6,1,2,2,Medium,Normal,0,Low
P0330,Lathe_M1,Maintenance,23,14,No,Morning,Bearing_Stainless,80,9,25,Grinding_M2,Lathe_M1,24,0,2,0,High,Hot,1,High
P0173,Lathe_M1,Busy,5,25,No,Morning,Bearing_Stainless,81,8,28,Assembly_M4,Polishing_M3,1,0,1,0,Medium,Hot,0,Low
P0163,Polishing_M3,Maintenance,17,32,Yes,Night,Bearing_Stainless,81,21,36,Packaging_Line,Lathe_M1,12,1,2,2,High,Hot,1,Medium
P0202,Polishing_M3,Maintenance,15,31,No,Night,Bearing_Steel_Chrome,34,15,56,Assembly_M4,Lathe_M1,10,0,2,2,High,Normal,1,Medium
P0015,Grinding_M2,Busy,9,30,Yes,Morning,Bearing_Steel_Chrome,49,12,27,Assembly_M4,Assembly_M4,2,1,1,0,Medium,Normal,0,Low
P0116,Grinding_M2,Busy,24,44,Yes,Night,Bearing_Stainless,47,8,44,Grinding_M2,Lathe_M1,1,1,1,2,High,Normal,1,Low
P0133,Lathe_M1,Busy,20,6,Yes,Evening,Bearing_Steel_Chrome,42,16,37,Assembly_M4,Polishing_M3,5,1,1,,High,Normal,1,Low
P0353,Assembly_M4,Overloaded,1,24,Yes,Morning,Ceramic_Hybrid,59,20,54,Packaging_Line,Lathe_M1,29,1,3,0,Low,Warm,0,High
P0065,Polishing_M3,Idle,21,22,No,Night,Bearing_Stainless,70,25,12,Grinding_M2,Grinding_M2,29,0,0,2,High,Hot,1,High
P0296,Assembly_M4,Maintenance,11,14,No,Evening,Ceramic_Hybrid,47,21,53,Packaging_Line,Grinding_M2,11,0,2,,Medium,Normal,0,Medium
P0048,Polishing_M3,Overloaded,1,30,Yes,Evening,Ceramic_Hybrid,60,2,51,Polishing_M3,Grinding_M2,13,1,3,,Low,Warm,0,Medium
P0356,Lathe_M1,Busy,7,29,No,Morning,Bearing_Steel_Chrome,28,11,23,Grinding_M2,Grinding_M2,18,0,1,0,Medium,Normal,0,Medium
P0240,Assembly_M4,Idle,4,34,No,Morning,Bearing_Stainless,43,27,27,Polishing_M3,Polishing_M3,27,0,0,0,Low,Normal,0,High
P0390,Polishing_M3,Maintenance,21,20,Yes,Night,Bearing_Steel_Chrome,25,13,28,Polishing_M3,Grinding_M2,2,1,2,2,High,Normal,1,Low
P0470,Polishing_M3,Maintenance,20,12,No,Night,Ceramic_Hybrid,42,26,52,Polishing_M3,Assembly_M4,5,0,2,2,High,Normal,1,Low
P0097,Lathe_M1,Overloaded,21,17,No,Morning,Ceramic_Hybrid,43,4,30,Assembly_M4,Lathe_M1,8,0,3,0,High,Normal,1,Low
P0076,Assembly_M4,Busy,11,6,Yes,Morning,Bearing_Steel_Chrome,35,13,32,Packaging_Line,Grinding_M2,18,1,1,0,Medium,Normal,0,Medium
P0137,Lathe_M1,Maintenance,12,41,No,Evening,Bearing_Stainless,46,13,6,Grinding_M2,Lathe_M1,5,0,2,,Medium,Normal,0,Low
P0182,Assembly_M4,Idle,6,30,Yes,Evening,Ceramic_Hybrid,50,25,16,Packaging_Line,Polishing_M3,16,1,0,,Medium,Warm,0,Medium
P0028,Assembly_M4,Overloaded,22,44,No,Morning,Bearing_Steel_Chrome,84,10,36,Packaging_Line,Assembly_M4,15,0,3,0,High,Hot,1,Medium
P0100,Polishing_M3,Idle,4,17,No,Morning,Ceramic_Hybrid,29,12,14,Assembly_M4,Assembly_M4,20,0,0,0,Low,Normal,0,High
P0266,Assembly_M4,Busy,12,19,Yes,Night,Bearing_Steel_Chrome,66,25,11,Grinding_M2,Grinding_M2,8,1,1,2,Medium,Warm,0,Low
P0059,Lathe_M1,Busy,2,19,No,Morning,Bearing_Steel_Chrome,72,5,25,Grinding_M2,Polishing_M3,6,0,1,0,Low,Hot,0,Low
P0116,Assembly_M4,Maintenance,0,8,No,Morning,Bearing_Steel_Chrome,35,13,30,Assembly_M4,Assembly_M4,29,0,2,0,Low,Normal,0,High
P0106,Grinding_M2,Idle,4,27,No,Night,Bearing_Stainless,53,22,52,Assembly_M4,Lathe_M1,13,0,0,2,Low,Warm,0,Medium
P0049,Grinding_M2,Maintenance,12,31,No,Night,Bearing_Steel_Chrome,63,9,17,Polishing_M3,Polishing_M3,23,0,2,2,Medium,Warm,0,High
P0349,Lathe_M1,Idle,15,34,Yes,Evening,Bearing_Stainless,28,9,20,Polishing_M3,Lathe_M1,21,1,0,,High,Normal,1,High
P0342,Assembly_M4,Maintenance,9,29,No,Morning,Bearing_Steel_Chrome,68,13,30,Assembly_M4,Lathe_M1,5,0,2,0,Medium,Warm,0,Low
P0088,Lathe_M1,Overloaded,15,37,No,Night,Bearing_Steel_Chrome,52,10,16,Packaging_Line,Grinding_M2,5,0,3,2,High,Warm,1,Low
P0242,Lathe_M1,Busy,21,32,Yes,Night,Ceramic_Hybrid,80,4,9,Assembly_M4,Grinding_M2,2,1,1,2,High,Hot,1,Low
P0269,Grinding_M2,Idle,13,38,Yes,Morning,Bearing_Stainless,37,8,46,Assembly_M4,Assembly_M4,13,1,0,0,Medium,Normal,0,Medium
P0252,Polishing_M3,Overloaded,15,18,No,Evening,Bearing_Stainless,35,11,42,Packaging_Line,Lathe_M1,4,0,3,,High,Normal,1,Low
P0424,Polishing_M3,Overloaded,20,37,No,Night,Ceramic_Hybrid,31,25,45,Packaging_Line,Lathe_M1,8,0,3,2,High,Normal,1,Low
P0139,Lathe_M1,Idle,4,14,No,Morning,Ceramic_Hybrid,67,26,19,Polishing_M3,Polishing_M3,6,0,0,0,Low,Warm,0,Low
P0255,Lathe_M1,Idle,14,9,No,Evening,Bearing_Steel_Chrome,53,20,58,Grinding_M2,Grinding_M2,19,0,0,,Medium,Warm,0,Medium
P0472,Assembly_M4,Busy,9,16,No,Night,Ceramic_Hybrid,78,5,35,Packaging_Line,Grinding_M2,18,0,1,2,Medium,Hot,0,Medium
P0136,Polishing_M3,Overloaded,15,44,No,Night,Bearing_Stainless,60,26,27,Assembly_M4,Polishing_M3,12,0,3,2,High,Warm,1,Medium
P0098,Lathe_M1,Overloaded,1,40,Yes,Evening,Bearing_Stainless,61,4,13,Assembly_M4,Polishing_M3,29,1,3,,Low,Warm,0,High
P0057,Lathe_M1,Maintenance,20,22,Yes,Evening,Ceramic_Hybrid,67,4,59,Polishing_M3,Polishing_M3,2,1,2,,High,Warm,1,Low
P0320,Grinding_M2,Overloaded,8,18,No,Evening,Bearing_Steel_Chrome,28,10,49,Assembly_M4,Lathe_M1,18,0,3,,Medium,Normal,0,Medium
P0233,Lathe_M1,Idle,14,32,No,Night,Bearing_Steel_Chrome,66,17,16,Grinding_M2,Assembly_M4,20,0,0,2,Medium,Warm,0,High
P0157,Lathe_M1,Maintenance,4,38,No,Night,Bearing_Steel_Chrome,66,2,43,Grinding_M2,Polishing_M3,26,0,2,2,Low,Warm,0,High
P0071,Polishing_M3,Overloaded,16,31,Yes,Morning,Ceramic_Hybrid,48,4,50,Assembly_M4,Grinding_M2,10,1,3,0,High,Normal,1,Medium
P0376,Grinding_M2,Maintenance,21,43,Yes,Evening,Bearing_Steel_Chrome,50,18,42,Grinding_M2,Assembly_M4,23,1,2,,High,Warm,1,High
P0478,Polishing_M3,Idle,21,8,No,Evening,Bearing_Stainless,73,28,13,Grinding_M2,Polishing_M3,4,0,0,,High,Hot,1,Low
P0472,Polishing_M3,Overloaded,6,27,Yes,Night,Bearing_Stainless,26,18,28,Assembly_M4,Grinding_M2,8,1,3,2,Medium,Normal,0,Low
P0350,Grinding_M2,Overloaded,22,35,Yes,Evening,Ceramic_Hybrid,71,16,44,Polishing_M3,Polishing_M3,16,1,3,,High,Hot,1,Medium
P0157,Lathe_M1,Overloaded,18,38,No,Night,Bearing_Steel_Chrome,79,25,53,Packaging_Line,Assembly_M4,28,0,3,2,High,Hot,1,High
P0050,Grinding_M2,Maintenance,15,17,No,Night,Ceramic_Hybrid,39,28,8,Assembly_M4,Assembly_M4,16,0,2,2,High,Normal,1,Medium
P0182,Assembly_M4,Maintenance,11,34,No,Evening,Bearing_Stainless,60,4,26,Grinding_M2,Lathe_M1,17,0,2,,Medium,Warm,0,Medium
P0491,Assembly_M4,Busy,21,16,Yes,Night,Bearing_Stainless,79,22,8,Polishing_M3,Polishing_M3,12,1,1,2,High,Hot,1,Medium
P0066,Polishing_M3,Busy,22,24,No,Morning,Bearing_Stainless,39,24,32,Grinding_M2,Assembly_M4,16,0,1,0,High,Normal,1,Medium
P0414,Assembly_M4,Busy,4,25,Yes,Morning,Bearing_Stainless,39,18,54,Grinding_M2,Polishing_M3,5,1,1,0,Low,Normal,0,Low
P0305,Lathe_M1,Overloaded,12,23,No,Night,Bearing_Stainless,54,14,22,Grinding_M2,Lathe_M1,14,0,3,2,Medium,Warm,0,Medium
P0380,Lathe_M1,Idle,3,40,Yes,Night,Ceramic_Hybrid,44,21,23,Packaging_Line,Grinding_M2,13,1,0,2,Low,Normal,0,Medium
P0115,Grinding_M2,Overloaded,11,11,No,Night,Bearing_Steel_Chrome,81,13,57,Packaging_Line,Grinding_M2,4,0,3,2,Medium,Hot,0,Low
P0059,Lathe_M1,Busy,1,6,Yes,Night,Bearing_Steel_Chrome,29,24,14,Grinding_M2,Grinding_M2,10,1,1,2,Low,Normal,0,Medium
P0105,Lathe_M1,Maintenance,8,17,Yes,Night,Bearing_Stainless,63,6,14,Packaging_Line,Lathe_M1,10,1,2,2,Medium,Warm,0,Medium
P0475,Lathe_M1,Overloaded,5,31,No,Evening,Bearing_Steel_Chrome,84,20,25,Polishing_M3,Polishing_M3,8,0,3,,Medium,Hot,0,Low
P0421,Assembly_M4,Busy,0,32,No,Morning,Ceramic_Hybrid,73,8,18,Grinding_M2,Grinding_M2,21,0,1,0,Low,Hot,0,High
P0073,Grinding_M2,Idle,20,13,Yes,Evening,Bearing_Stainless,41,6,35,Assembly_M4,Polishing_M3,20,1,0,,High,Normal,1,High
P0342,Lathe_M1,Maintenance,7,42,No,Night,Bearing_Stainless,67,20,40,Packaging_Line,Assembly_M4,18,0,2,2,Medium,Warm,0,Medium
P0358,Lathe_M1,Maintenance,0,17,No,Evening,Bearing_Steel_Chrome,38,25,37,Grinding_M2,Polishing_M3,29,0,2,,Low,Normal,0,High
P0235,Lathe_M1,Maintenance,10,40,Yes,Night,Bearing_Stainless,82,13,14,Grinding_M2,Assembly_M4,6,1,2,2,Medium,Hot,0,Low
P0022,Polishing_M3,Idle,24,5,No,Night,Bearing_Stainless,31,27,31,Assembly_M4,Lathe_M1,21,0,0,2,High,Normal,1,High
P0082,Polishing_M3,Idle,15,27,No,Night,Ceramic_Hybrid,76,21,42,Packaging_Line,Lathe_M1,22,0,0,2,High,Hot,1,High
P0090,Grinding_M2,Overloaded,24,32,No,Evening,Ceramic_Hybrid,29,25,25,Polishing_M3,Polishing_M3,18,0,3,,High,Normal,1,Medium
P0402,Polishing_M3,Maintenance,14,10,Yes,Night,Bearing_Stainless,81,20,37,Packaging_Line,Assembly_M4,1,1,2,2,Medium,Hot,0,Low
P0311,Grinding_M2,Overloaded,12,7,Yes,Night,Bearing_Stainless,66,22,39,Assembly_M4,Assembly_M4,9,1,3,2,Medium,Warm,0,Low
P0035,Lathe_M1,Busy,7,7,Yes,Morning,Bearing_Steel_Chrome,49,14,42,Grinding_M2,Assembly_M4,13,1,1,0,Medium,Normal,0,Medium
P0479,Assembly_M4,Overloaded,22,24,Yes,Night,Bearing_Steel_Chrome,76,13,49,Grinding_M2,Grinding_M2,2,1,3,2,High,Hot,1,Low
P0373,Assembly_M4,Maintenance,20,27,Yes,Morning,Ceramic_Hybrid,30,20,57,Assembly_M4,Lathe_M1,13,1,2,0,High,Normal,1,Medium
P0020,Lathe_M1,Maintenance,16,27,No,Night,Ceramic_Hybrid,33,18,6,Grinding_M2,Grinding_M2,19,0,2,2,High,Normal,1,Medium
P0165,Lathe_M1,Maintenance,18,11,No,Morning,Ceramic_Hybrid,78,11,46,Polishing_M3,Grinding_M2,27,0,2,0,High,Hot,1,High
P0130,Assembly_M4,Maintenance,19,13,No,Morning,Bearing_Steel_Chrome,41,28,51,Polishing_M3,Assembly_M4,2,0,2,0,High,Normal,1,Low
P0417,Grinding_M2,Busy,3,23,Yes,Night,Ceramic_Hybrid,41,6,43,Grinding_M2,Grinding_M2,18,1,1,2,Low,Normal,0,Medium
P0018,Grinding_M2,Busy,20,11,No,Evening,Ceramic_Hybrid,41,8,40,Grinding_M2,Polishing_M3,8,0,1,,High,Normal,1,Low
P0095,Assembly_M4,Idle,12,8,Yes,Night,Bearing_Stainless,62,26,9,Assembly_M4,Polishing_M3,12,1,0,2,Medium,Warm,0,Medium
P0317,Grinding_M2,Busy,3,28,No,Evening,Ceramic_Hybrid,53,10,8,Packaging_Line,Lathe_M1,19,0,1,,Low,Warm,0,Medium
P0292,Lathe_M1,Idle,23,18,No,Morning,Bearing_Steel_Chrome,29,19,46,Packaging_Line,Grinding_M2,25,0,0,0,High,Normal,1,High
P0027,Polishing_M3,Busy,18,16,Yes,Evening,Bearing_Stainless,42,18,34,Packaging_Line,Polishing_M3,24,1,1,,High,Normal,1,High
P0035,Grinding_M2,Overloaded,10,39,Yes,Night,Ceramic_Hybrid,47,18,5,Polishing_M3,Polishing_M3,15,1,3,2,Medium,Normal,0,Medium
P0205,Lathe_M1,Busy,8,19,No,Evening,Ceramic_Hybrid,52,25,39,Grinding_M2,Lathe_M1,22,0,1,,Medium,Warm,0,High
P0174,Assembly_M4,Overloaded,18,16,Yes,Evening,Bearing_Steel_Chrome,44,2,25,Polishing_M3,Grinding_M2,17,1,3,,High,Normal,1,Medium
P0281,Polishing_M3,Busy,12,5,Yes,Evening,Bearing_Steel_Chrome,34,16,36,Grinding_M2,Polishing_M3,7,1,1,,Medium,Normal,0,Low
P0037,Assembly_M4,Busy,21,22,No,Morning,Bearing_Stainless,72,15,36,Grinding_M2,Lathe_M1,27,0,1,0,High,Hot,1,High
P0019,Assembly_M4,Idle,17,43,No,Evening,Bearing_Stainless,73,19,48,Assembly_M4,Grinding_M2,8,0,0,,High,Hot,1,Low
P0011,Lathe_M1,Busy,21,35,Yes,Night,Ceramic_Hybrid,58,8,40,Packaging_Line,Lathe_M1,18,1,1,2,High,Warm,1,Medium
P0283,Assembly_M4,Busy,5,13,No,Evening,Ceramic_Hybrid,83,10,50,Polishing_M3,Assembly_M4,8,0,1,,Medium,Hot,0,Low
P0360,Assembly_M4,Idle,18,39,Yes,Evening,Bearing_Steel_Chrome,42,6,18,Assembly_M4,Polishing_M3,28,1,0,,High,Normal,1,High
P0100,Polishing_M3,Maintenance,3,43,Yes,Morning,Bearing_Steel_Chrome,44,26,32,Grinding_M2,Lathe_M1,12,1,2,0,Low,Normal,0,Medium
P0117,Assembly_M4,Busy,1,18,Yes,Night,Bearing_Steel_Chrome,46,24,52,Grinding_M2,Lathe_M1,20,1,1,2,Low,Normal,0,High
P0030,Grinding_M2,Maintenance,5,8,Yes,Evening,Bearing_Steel_Chrome,39,25,29,Assembly_M4,Polishing_M3,1,1,2,,Medium,Normal,0,Low
P0309,Grinding_M2,Overloaded,6,35,Yes,Night,Bearing_Stainless,36,11,9,Packaging_Line,Lathe_M1,12,1,3,2,Medium,Normal,0,Medium
P0337,Lathe_M1,Busy,17,42,No,Night,Bearing_Steel_Chrome,84,13,43,Packaging_Line,Polishing_M3,18,0,1,2,High,Hot,1,Medium
P0460,Grinding_M2,Maintenance,1,14,No,Evening,Ceramic_Hybrid,39,13,21,Assembly_M4,Grinding_M2,4,0,2,,Low,Normal,0,Low
P0270,Polishing_M3,Overloaded,6,35,Yes,Morning,Bearing_Stainless,75,29,59,Packaging_Line,Assembly_M4,7,1,3,0,Medium,Hot,0,Low
P0144,Lathe_M1,Idle,22,38,Yes,Night,Bearing_Steel_Chrome,30,19,42,Assembly_M4,Grinding_M2,13,1,0,2,High,Normal,1,Medium
P0063,Polishing_M3,Idle,18,38,Yes,Morning,Ceramic_Hybrid,68,16,18,Packaging_Line,Assembly_M4,6,1,0,0,High,Warm,1,Low
P0488,Lathe_M1,Busy,17,41,No,Morning,Bearing_Stainless,74,4,7,Assembly_M4,Assembly_M4,22,0,1,0,High,Hot,1,High
P0154,Lathe_M1,Busy,21,14,No,Night,Bearing_Stainless,75,4,16,Packaging_Line,Lathe_M1,29,0,1,2,High,Hot,1,High
P0442,Assembly_M4,Maintenance,15,21,No,Morning,Bearing_Steel_Chrome,31,14,6,Polishing_M3,Assembly_M4,4,0,2,0,High,Normal,1,Low
P0095,Assembly_M4,Busy,9,43,No,Morning,Ceramic_Hybrid,48,18,56,Assembly_M4,Lathe_M1,6,0,1,0,Medium,Normal,0,Low
P0466,Polishing_M3,Overloaded,18,9,Yes,Morning,Bearing_Stainless,56,11,13,Packaging_Line,Assembly_M4,27,1,3,0,High,Warm,1,High
P0401,Lathe_M1,Busy,12,23,No,Night,Ceramic_Hybrid,45,25,42,Assembly_M4,Assembly_M4,4,0,1,2,Medium,Normal,0,Low
P0218,Polishing_M3,Idle,23,39,No,Evening,Ceramic_Hybrid,27,5,41,Polishing_M3,Grinding_M2,8,0,0,,High,Normal,1,Low
P0465,Lathe_M1,Overloaded,15,39,No,Morning,Bearing_Steel_Chrome,55,25,48,Assembly_M4,Polishing_M3,25,0,3,0,High,Warm,1,High
P0293,Assembly_M4,Busy,7,17,No,Evening,Bearing_Stainless,28,15,18,Assembly_M4,Lathe_M1,13,0,1,,Medium,Normal,0,Medium
P0064,Polishing_M3,Overloaded,5,21,No,Morning,Bearing_Stainless,60,9,53,Packaging_Line,Lathe_M1,3,0,3,0,Medium,Warm,0,Low
P0226,Lathe_M1,Maintenance,16,6,Yes,Evening,Bearing_Stainless,81,14,56,Polishing_M3,Assembly_M4,2,1,2,,High,Hot,1,Low
P0030,Lathe_M1,Overloaded,19,32,No,Morning,Bearing_Stainless,67,28,30,Polishing_M3,Polishing_M3,22,0,3,0,High,Warm,1,High
P0393,Polishing_M3,Overloaded,14,7,No,Morning,Bearing_Steel_Chrome,59,29,16,Polishing_M3,Grinding_M2,24,0,3,0,Medium,Warm,0,High
P0447,Lathe_M1,Idle,4,24,Yes,Night,Bearing_Steel_Chrome,63,8,17,Polishing_M3,Assembly_M4,9,1,0,2,Low,Warm,0,Low
P0297,Polishing_M3,Busy,24,16,Yes,Morning,Ceramic_Hybrid,37,25,14,Assembly_M4,Polishing_M3,1,1,1,0,High,Normal,1,Low
P0009,Polishing_M3,Busy,24,44,Yes,Evening,Bearing_Steel_Chrome,78,17,49,Grinding_M2,Assembly_M4,3,1,1,,High,Hot,1,Low
P0058,Lathe_M1,Idle,2,9,Yes,Evening,Ceramic_Hybrid,50,12,11,Assembly_M4,Assembly_M4,21,1,0,,Low,Warm,0,High
P0037,Assembly_M4,Overloaded,23,14,Yes,Morning,Bearing_Stainless,66,21,38,Assembly_M4,Polishing_M3,3,1,3,0,High,Warm,1,Low
P0500,Assembly_M4,Overloaded,7,35,No,Evening,Ceramic_Hybrid,35,14,11,Grinding_M2,Grinding_M2,13,0,3,,Medium,Normal,0,Medium
P0189,Lathe_M1,Overloaded,1,10,Yes,Night,Bearing_Steel_Chrome,65,21,38,Grinding_M2,Grinding_M2,18,1,3,2,Low,Warm,0,Medium
P0414,Polishing_M3,Overloaded,15,29,Yes,Evening,Ceramic_Hybrid,36,8,43,Grinding_M2,Grinding_M2,17,1,3,,High,Normal,1,Medium
P0196,Lathe_M1,Busy,12,15,Yes,Night,Ceramic_Hybrid,30,24,31,Packaging_Line,Lathe_M1,14,1,1,2,Medium,Normal,0,Medium
P0434,Lathe_M1,Maintenance,5,42,No,Evening,Bearing_Stainless,26,23,24,Polishing_M3,Polishing_M3,25,0,2,,Medium,Normal,0,High
P0467,Grinding_M2,Overloaded,14,33,Yes,Evening,Bearing_Steel_Chrome,32,6,53,Packaging_Line,Polishing_M3,20,1,3,,Medium,Normal,0,High
P0384,Lathe_M1,Idle,0,26,No,Night,Bearing_Stainless,74,16,9,Assembly_M4,Lathe_M1,7,0,0,2,Low,Hot,0,Low
P0181,Lathe_M1,Overloaded,17,42,No,Night,Bearing_Steel_Chrome,78,22,41,Packaging_Line,Assembly_M4,19,0,3,2,High,Hot,1,Medium
P0118,Grinding_M2,Idle,9,19,No,Night,Ceramic_Hybrid,66,28,52,Polishing_M3,Polishing_M3,12,0,0,2,Medium,Warm,0,Medium
P0408,Polishing_M3,Overloaded,17,27,No,Morning,Bearing_Steel_Chrome,57,17,58,Packaging_Line,Assembly_M4,6,0,3,0,High,Warm,1,Low
P0259,Grinding_M2,Maintenance,2,38,Yes,Morning,Bearing_Stainless,52,3,34,Grinding_M2,Grinding_M2,13,1,2,0,Low,Warm,0,Medium
P0062,Assembly_M4,Overloaded,8,20,No,Night,Bearing_Steel_Chrome,83,6,59,Polishing_M3,Lathe_M1,28,0,3,2,Medium,Hot,0,High
P0427,Assembly_M4,Busy,20,43,Yes,Morning,Bearing_Steel_Chrome,69,21,28,Packaging_Line,Assembly_M4,29,1,1,0,High,Warm,1,High
P0182,Grinding_M2,Maintenance,12,31,Yes,Night,Bearing_Stainless,50,8,46,Grinding_M2,Polishing_M3,15,1,2,2,Medium,Warm,0,Medium
P0460,Polishing_M3,Busy,20,42,Yes,Morning,Ceramic_Hybrid,29,24,32,Assembly_M4,Assembly_M4,2,1,1,0,High,Normal,1,Low
P0467,Assembly_M4,Maintenance,20,19,No,Evening,Bearing_Stainless,56,27,52,Polishing_M3,Grinding_M2,19,0,2,,High,Warm,1,Medium
P0371,Lathe_M1,Idle,8,33,Yes,Night,Ceramic_Hybrid,78,27,55,Assembly_M4,Assembly_M4,7,1,0,2,Medium,Hot,0,Low
P0195,Polishing_M3,Maintenance,3,7,Yes,Night,Ceramic_Hybrid,80,21,15,Assembly_M4,Lathe_M1,1,1,2,2,Low,Hot,0,Low
P0119,Polishing_M3,Maintenance,5,15,No,Morning,Ceramic_Hybrid,51,2,25,Packaging_Line,Polishing_M3,7,0,2,0,Medium,Warm,0,Low
P0166,Assembly_M4,Overloaded,5,6,Yes,Morning,Bearing_Steel_Chrome,51,5,15,Polishing_M3,Assembly_M4,15,1,3,0,Medium,Warm,0,Medium
P0266,Polishing_M3,Overloaded,17,5,Yes,Evening,Bearing_Stainless,59,4,35,Polishing_M3,Lathe_M1,28,1,3,,High,Warm,1,High
P0148,Polishing_M3,Maintenance,6,5,No,Morning,Bearing_Steel_Chrome,49,12,42,Assembly_M4,Polishing_M3,20,0,2,0,Medium,Normal,0,High
P0311,Lathe_M1,Idle,2,6,No,Morning,Bearing_Steel_Chrome,42,13,14,Polishing_M3,Grinding_M2,5,0,0,0,Low,Normal,0,Low
P0015,Lathe_M1,Idle,8,6,Yes,Evening,Bearing_Steel_Chrome,58,29,42,Assembly_M4,Grinding_M2,29,1,0,,Medium,Warm,0,High
P0145,Assembly_M4,Maintenance,9,16,Yes,Evening,Bearing_Stainless,60,23,25,Grinding_M2,Lathe_M1,17,1,2,,Medium,Warm,0,Medium
P0228,Assembly_M4,Maintenance,14,10,No,Morning,Bearing_Steel_Chrome,72,18,7,Assembly_M4,Lathe_M1,10,0,2,0,Medium,Hot,0,Medium
P0496,Polishing_M3,Busy,4,30,Yes,Night,Bearing_Steel_Chrome,45,14,30,Assembly_M4,Grinding_M2,6,1,1,2,Low,Normal,0,Low
P0260,Polishing_M3,Overloaded,11,30,No,Night,Ceramic_Hybrid,32,6,19,Grinding_M2,Polishing_M3,27,0,3,2,Medium,Normal,0,High
P0457,Lathe_M1,Maintenance,15,5,Yes,Night,Ceramic_Hybrid,40,6,7,Assembly_M4,Grinding_M2,20,1,2,2,High,Normal,1,High
P0431,Lathe_M1,Busy,14,35,Yes,Morning,Ceramic_Hybrid,37,25,20,Packaging_Line,Grinding_M2,23,1,1,0,Medium,Normal,0,High
P0345,Grinding_M2,Overloaded,10,25,No,Morning,Bearing_Stainless,26,23,31,Polishing_M3,Assembly_M4,6,0,3,0,Medium,Normal,0,Low
P0145,Grinding_M2,Idle,5,29,Yes,Night,Ceramic_Hybrid,35,9,12,Polishing_M3,Lathe_M1,1,1,0,2,Medium,Normal,0,Low
P0223,Lathe_M1,Maintenance,20,11,Yes,Night,Bearing_Steel_Chrome,62,22,12,Grinding_M2,Assembly_M4,19,1,2,2,High,Warm,1,Medium
P0353,Polishing_M3,Maintenance,21,25,Yes,Night,Bearing_Stainless,80,21,12,Packaging_Line,Grinding_M2,26,1,2,2,High,Hot,1,High
P0450,Polishing_M3,Idle,13,35,No,Night,Bearing_Stainless,74,26,33,Packaging_Line,Assembly_M4,16,0,0,2,Medium,Hot,0,Medium
P0307,Polishing_M3,Maintenance,8,19,No,Morning,Bearing_Steel_Chrome,54,27,14,Grinding_M2,Polishing_M3,29,0,2,0,Medium,Warm,0,High
P0215,Assembly_M4,Overloaded,21,20,Yes,Night,Bearing_Stainless,60,21,49,Grinding_M2,Grinding_M2,22,1,3,2,High,Warm,1,High
P0238,Polishing_M3,Busy,4,26,No,Night,Bearing_Stainless,31,24,45,Polishing_M3,Assembly_M4,8,0,1,2,Low,Normal,0,Low
P0431,Assembly_M4,Maintenance,15,42,Yes,Morning,Bearing_Stainless,52,17,42,Assembly_M4,Grinding_M2,14,1,2,0,High,Warm,1,Medium
P0456,Assembly_M4,Busy,20,37,No,Evening,Ceramic_Hybrid,81,10,31,Assembly_M4,Assembly_M4,24,0,1,,High,Hot,1,High
P0201,Assembly_M4,Maintenance,12,30,No,Evening,Bearing_Steel_Chrome,53,20,53,Assembly_M4,Assembly_M4,11,0,2,,Medium,Warm,0,Medium
P0373,Grinding_M2,Overloaded,7,27,Yes,Evening,Bearing_Stainless,53,6,46,Packaging_Line,Grinding_M2,7,1,3,,Medium,Warm,0,Low
P0294,Grinding_M2,Idle,9,40,Yes,Night,Ceramic_Hybrid,65,28,50,Assembly_M4,Grinding_M2,2,1,0,2,Medium,Warm,0,Low
P0310,Lathe_M1,Busy,24,13,No,Morning,Ceramic_Hybrid,77,28,5,Assembly_M4,Polishing_M3,23,0,1,0,High,Hot,1,High
P0393,Lathe_M1,Busy,9,29,Yes,Evening,Ceramic_Hybrid,78,4,10,Polishing_M3,Grinding_M2,29,1,1,,Medium,Hot,0,High
P0430,Assembly_M4,Idle,5,6,No,Morning,Bearing_Stainless,82,27,22,Assembly_M4,Assembly_M4,23,0,0,0,Medium,Hot,0,High
P0111,Grinding_M2,Busy,1,16,Yes,Morning,Ceramic_Hybrid,46,6,24,Grinding_M2,Assembly_M4,7,1,1,0,Low,Normal,0,Low
P0406,Assembly_M4,Busy,23,24,Yes,Evening,Bearing_Stainless,25,2,21,Grinding_M2,Grinding_M2,27,1,1,,High,Normal,1,High
P0324,Grinding_M2,Busy,0,34,No,Night,Bearing_Steel_Chrome,65,16,7,Packaging_Line,Assembly_M4,14,0,1,2,Low,Warm,0,Medium
P0068,Polishing_M3,Busy,22,15,Yes,Morning,Ceramic_Hybrid,48,23,48,Packaging_Line,Lathe_M1,13,1,1,0,High,Normal,1,Medium
P0008,Grinding_M2,Busy,12,5,No,Morning,Ceramic_Hybrid,48,11,39,Assembly_M4,Polishing_M3,24,0,1,0,Medium,Normal,0,High
P0218,Lathe_M1,Overloaded,3,20,No,Evening,Bearing_Steel_Chrome,64,17,21,Grinding_M2,Polishing_M3,19,0,3,,Low,Warm,0,Medium
P0497,Assembly_M4,Maintenance,21,19,No,Evening,Bearing_Steel_Chrome,40,16,38,Polishing_M3,Assembly_M4,11,0,2,,High,Normal,1,Medium
P0288,Polishing_M3,Maintenance,0,19,No,Night,Ceramic_Hybrid,50,20,8,Polishing_M3,Assembly_M4,11,0,2,2,Low,Warm,0,Medium
P0009,Assembly_M4,Maintenance,4,39,No,Night,Ceramic_Hybrid,37,11,15,Grinding_M2,Assembly_M4,18,0,2,2,Low,Normal,0,Medium
P0115,Lathe_M1,Maintenance,1,43,Yes,Evening,Bearing_Stainless,65,11,54,Packaging_Line,Lathe_M1,23,1,2,,Low,Warm,0,High
P0330,Polishing_M3,Overloaded,6,43,Yes,Night,Bearing_Steel_Chrome,27,13,11,Grinding_M2,Grinding_M2,17,1,3,2,Medium,Normal,0,Medium
P0107,Assembly_M4,Idle,0,41,Yes,Morning,Bearing_Stainless,72,16,6,Packaging_Line,Grinding_M2,9,1,0,0,Low,Hot,0,Low
P0031,Assembly_M4,Overloaded,6,36,No,Evening,Ceramic_Hybrid,28,21,54,Assembly_M4,Grinding_M2,21,0,3,,Medium,Normal,0,High
P0019,Polishing_M3,Maintenance,3,36,Yes,Evening,Ceramic_Hybrid,52,14,5,Polishing_M3,Assembly_M4,28,1,2,,Low,Warm,0,High
P0280,Assembly_M4,Overloaded,23,39,Yes,Evening,Bearing_Stainless,72,23,40,Packaging_Line,Lathe_M1,25,1,3,,High,Hot,1,High
P0472,Lathe_M1,Maintenance,22,29,Yes,Evening,Bearing_Steel_Chrome,40,27,23,Grinding_M2,Grinding_M2,1,1,2,,High,Normal,1,Low
P0267,Lathe_M1,Idle,4,26,Yes,Evening,Bearing_Steel_Chrome,48,12,49,Grinding_M2,Assembly_M4,20,1,0,,Low,Normal,0,High
P0254,Grinding_M2,Maintenance,4,40,Yes,Night,Ceramic_Hybrid,60,5,40,Packaging_Line,Assembly_M4,20,1,2,2,Low,Warm,0,High
P0005,Polishing_M3,Busy,20,22,No,Evening,Ceramic_Hybrid,74,17,45,Assembly_M4,Polishing_M3,18,0,1,,High,Hot,1,Medium
P0315,Polishing_M3,Idle,21,6,Yes,Evening,Ceramic_Hybrid,45,5,48,Polishing_M3,Polishing_M3,7,1,0,,High,Normal,1,Low
P0266,Polishing_M3,Maintenance,14,43,No,Morning,Bearing_Stainless,53,23,30,Polishing_M3,Grinding_M2,21,0,2,0,Medium,Warm,0,High
P0269,Assembly_M4,Busy,16,20,No,Evening,Bearing_Steel_Chrome,84,20,13,Polishing_M3,Assembly_M4,14,0,1,,High,Hot,1,Medium
P0035,Lathe_M1,Overloaded,16,41,Yes,Morning,Ceramic_Hybrid,26,21,52,Grinding_M2,Assembly_M4,14,1,3,0,High,Normal,1,Medium
P0170,Lathe_M1,Busy,13,37,No,Night,Bearing_Steel_Chrome,59,27,43,Grinding_M2,Polishing_M3,26,0,1,2,Medium,Warm,0,High
P0326,Grinding_M2,Overloaded,14,24,Yes,Morning,Bearing_Stainless,26,20,45,Assembly_M4,Assembly_M4,19,1,3,0,Medium,Normal,0,Medium
P0300,Polishing_M3,Overloaded,4,22,No,Evening,Ceramic_Hybrid,40,5,16,Polishing_M3,Lathe_M1,29,0,3,,Low,Normal,0,High
P0304,Grinding_M2,Busy,6,18,Yes,Evening,Bearing_Steel_Chrome,79,13,39,Assembly_M4,Lathe_M1,5,1,1,,Medium,Hot,0,Low
P0065,Assembly_M4,Overloaded,16,36,No,Night,Ceramic_Hybrid,34,12,21,Packaging_Line,Grinding_M2,5,0,3,2,High,Normal,1,Low
P0087,Lathe_M1,Idle,12,13,Yes,Morning,Ceramic_Hybrid,73,2,40,Polishing_M3,Grinding_M2,4,1,0,0,Medium,Hot,0,Low
P0085,Assembly_M4,Busy,17,13,No,Morning,Bearing_Steel_Chrome,81,19,18,Polishing_M3,Assembly_M4,25,0,1,0,High,Hot,1,High
P0218,Assembly_M4,Overloaded,14,10,No,Night,Bearing_Steel_Chrome,80,11,33,Polishing_M3,Assembly_M4,15,0,3,2,Medium,Hot,0,Medium
P0194,Assembly_M4,Maintenance,3,22,No,Evening,Ceramic_Hybrid,74,26,53,Assembly_M4,Lathe_M1,12,0,2,,Low,Hot,0,Medium
P0453,Grinding_M2,Idle,6,20,No,Night,Bearing_Steel_Chrome,35,15,7,Packaging_Line,Assembly_M4,19,0,0,2,Medium,Normal,0,Medium
P0251,Polishing_M3,Busy,17,42,No,Night,Bearing_Stainless,69,11,22,Polishing_M3,Lathe_M1,26,0,1,2,High,Warm,1,High
P0444,Polishing_M3,Maintenance,19,29,No,Night,Bearing_Stainless,81,7,17,Polishing_M3,Grinding_M2,4,0,2,2,High,Hot,1,Low
P0196,Polishing_M3,Idle,22,18,Yes,Morning,Bearing_Stainless,57,29,56,Assembly_M4,Grinding_M2,5,1,0,0,High,Warm,1,Low
P0003,Polishing_M3,Overloaded,7,38,Yes,Evening,Bearing_Stainless,68,6,58,Grinding_M2,Polishing_M3,5,1,3,,Medium,Warm,0,Low
P0018,Polishing_M3,Maintenance,12,13,No,Morning,Ceramic_Hybrid,66,2,7,Assembly_M4,Polishing_M3,18,0,2,0,Medium,Warm,0,Medium
P0321,Lathe_M1,Busy,11,33,No,Night,Ceramic_Hybrid,27,27,34,Packaging_Line,Assembly_M4,9,0,1,2,Medium,Normal,0,Low
P0089,Assembly_M4,Busy,1,7,Yes,Evening,Bearing_Steel_Chrome,70,5,29,Polishing_M3,Grinding_M2,19,1,1,,Low,Hot,0,Medium
P0446,Grinding_M2,Busy,12,43,No,Morning,Bearing_Steel_Chrome,68,4,59,Packaging_Line,Lathe_M1,23,0,1,0,Medium,Warm,0,High
P0161,Lathe_M1,Overloaded,8,6,Yes,Night,Ceramic_Hybrid,78,10,48,Grinding_M2,Polishing_M3,12,1,3,2,Medium,Hot,0,Medium
P0429,Polishing_M3,Idle,14,6,No,Night,Bearing_Steel_Chrome,56,19,17,Packaging_Line,Assembly_M4,14,0,0,2,Medium,Warm,0,Medium
P0429,Lathe_M1,Busy,4,14,Yes,Night,Bearing_Steel_Chrome,80,12,29,Assembly_M4,Lathe_M1,2,1,1,2,Low,Hot,0,Low
P0089,Assembly_M4,Busy,4,34,No,Night,Bearing_Steel_Chrome,31,7,58,Packaging_Line,Grinding_M2,23,0,1,2,Low,Normal,0,High
P0326,Lathe_M1,Overloaded,2,17,No,Night,Bearing_Stainless,27,27,28,Grinding_M2,Polishing_M3,21,0,3,2,Low,Normal,0,High
P0239,Lathe_M1,Maintenance,5,16,Yes,Morning,Bearing_Steel_Chrome,73,5,6,Polishing_M3,Lathe_M1,11,1,2,0,Medium,Hot,0,Medium
P0096,Polishing_M3,Busy,6,38,Yes,Morning,Bearing_Steel_Chrome,50,19,25,Assembly_M4,Assembly_M4,4,1,1,0,Medium,Warm,0,Low
P0042,Grinding_M2,Overloaded,7,26,Yes,Night,Ceramic_Hybrid,77,28,34,Polishing_M3,Polishing_M3,18,1,3,2,Medium,Hot,0,Medium
P0028,Assembly_M4,Overloaded,10,34,Yes,Evening,Bearing_Steel_Chrome,32,3,51,Assembly_M4,Assembly_M4,9,1,3,,Medium,Normal,0,Low
P0116,Grinding_M2,Overloaded,18,24,Yes,Morning,Bearing_Stainless,64,26,23,Assembly_M4,Assembly_M4,5,1,3,0,High,Warm,1,Low
P0136,Lathe_M1,Maintenance,10,19,No,Night,Bearing_Stainless,32,20,27,Assembly_M4,Assembly_M4,27,0,2,2,Medium,Normal,0,High
P0425,Grinding_M2,Busy,7,36,No,Morning,Ceramic_Hybrid,50,28,23,Polishing_M3,Assembly_M4,18,0,1,0,Medium,Warm,0,Medium
P0178,Polishing_M3,Idle,9,33,No,Night,Ceramic_Hybrid,63,29,45,Assembly_M4,Lathe_M1,1,0,0,2,Medium,Warm,0,Low
P0263,Grinding_M2,Overloaded,18,41,Yes,Evening,Bearing_Stainless,43,2,51,Grinding_M2,Lathe_M1,16,1,3,,High,Normal,1,Medium
P0265,Grinding_M2,Maintenance,22,11,Yes,Evening,Ceramic_Hybrid,50,13,12,Assembly_M4,Polishing_M3,5,1,2,,High,Warm,1,Low
P0289,Assembly_M4,Busy,9,32,No,Night,Bearing_Steel_Chrome,77,6,53,Assembly_M4,Lathe_M1,26,0,1,2,Medium,Hot,0,High
P0082,Assembly_M4,Maintenance,4,26,No,Evening,Ceramic_Hybrid,39,14,32,Grinding_M2,Grinding_M2,1,0,2,,Low,Normal,0,Low
P0468,Polishing_M3,Overloaded,10,27,Yes,Evening,Ceramic_Hybrid,57,12,22,Polishing_M3,Lathe_M1,18,1,3,,Medium,Warm,0,Medium
P0225,Assembly_M4,Maintenance,20,34,No,Evening,Bearing_Steel_Chrome,50,17,17,Assembly_M4,Polishing_M3,7,0,2,,High,Warm,1,Low
P0308,Polishing_M3,Maintenance,0,30,No,Evening,Bearing_Steel_Chrome,72,2,53,Polishing_M3,Lathe_M1,6,0,2,,Low,Hot,0,Low
P0216,Assembly_M4,Overloaded,1,10,No,Night,Bearing_Steel_Chrome,70,19,42,Polishing_M3,Grinding_M2,10,0,3,2,Low,Hot,0,Medium
P0473,Polishing_M3,Idle,23,22,Yes,Morning,Ceramic_Hybrid,51,10,12,Assembly_M4,Lathe_M1,28,1,0,0,High,Warm,1,High
P0497,Lathe_M1,Overloaded,9,21,Yes,Evening,Bearing_Stainless,79,27,10,Packaging_Line,Grinding_M2,14,1,3,,Medium,Hot,0,Medium
P0236,Lathe_M1,Idle,21,10,Yes,Morning,Bearing_Stainless,50,8,16,Assembly_M4,Lathe_M1,3,1,0,0,High,Warm,1,Low
P0095,Grinding_M2,Idle,13,26,No,Morning,Ceramic_Hybrid,75,24,52,Polishing_M3,Grinding_M2,7,0,0,0,Medium,Hot,0,Low
P0351,Polishing_M3,Busy,7,29,No,Morning,Bearing_Stainless,37,22,45,Grinding_M2,Assembly_M4,10,0,1,0,Medium,Normal,0,Medium
P0282,Assembly_M4,Idle,20,13,No,Night,Bearing_Stainless,39,21,6,Packaging_Line,Grinding_M2,25,0,0,2,High,Normal,1,High
P0391,Lathe_M1,Maintenance,12,38,Yes,Evening,Bearing_Steel_Chrome,75,27,38,Packaging_Line,Polishing_M3,3,1,2,,Medium,Hot,0,Low
P0460,Polishing_M3,Maintenance,5,7,No,Night,Bearing_Steel_Chrome,66,25,10,Assembly_M4,Assembly_M4,23,0,2,2,Medium,Warm,0,High
P0343,Lathe_M1,Idle,15,23,Yes,Morning,Bearing_Stainless,27,19,43,Assembly_M4,Polishing_M3,9,1,0,0,High,Normal,1,Low
P0257,Lathe_M1,Maintenance,19,16,Yes,Night,Bearing_Steel_Chrome,29,4,15,Polishing_M3,Assembly_M4,25,1,2,2,High,Normal,1,High
P0097,Lathe_M1,Idle,3,9,No,Evening,Bearing_Steel_Chrome,25,28,32,Assembly_M4,Assembly_M4,29,0,0,,Low,Normal,0,High
P0335,Grinding_M2,Maintenance,17,16,Yes,Evening,Bearing_Stainless,37,10,6,Packaging_Line,Assembly_M4,5,1,2,,High,Normal,1,Low
P0018,Polishing_M3,Maintenance,12,20,Yes,Morning,Bearing_Stainless,72,25,39,Grinding_M2,Assembly_M4,22,1,2,0,Medium,Hot,0,High
P0413,Lathe_M1,Overloaded,3,15,Yes,Night,Bearing_Stainless,79,27,50,Grinding_M2,Grinding_M2,29,1,3,2,Low,Hot,0,High
P0164,Grinding_M2,Maintenance,2,19,No,Morning,Bearing_Stainless,84,11,45,Packaging_Line,Assembly_M4,11,0,2,0,Low,Hot,0,Medium
P0395,Lathe_M1,Overloaded,15,14,No,Evening,Ceramic_Hybrid,73,20,6,Grinding_M2,Assembly_M4,24,0,3,,High,Hot,1,High
P0258,Polishing_M3,Maintenance,22,6,No,Night,Bearing_Stainless,62,20,44,Grinding_M2,Grinding_M2,26,0,2,2,High,Warm,1,High
P0218,Assembly_M4,Busy,2,18,Yes,Morning,Bearing_Stainless,49,17,5,Assembly_M4,Grinding_M2,21,1,1,0,Low,Normal,0,High
P0264,Assembly_M4,Maintenance,2,30,Yes,Evening,Bearing_Stainless,42,10,42,Grinding_M2,Lathe_M1,23,1,2,,Low,Normal,0,High
P0445,Assembly_M4,Maintenance,20,5,No,Morning,Ceramic_Hybrid,45,28,46,Assembly_M4,Polishing_M3,27,0,2,0,High,Normal,1,High
P0218,Polishing_M3,Overloaded,5,40,Yes,Night,Bearing_Stainless,52,14,21,Polishing_M3,Polishing_M3,27,1,3,2,Medium,Warm,0,High
P0183,Assembly_M4,Busy,7,7,No,Evening,Bearing_Stainless,36,8,16,Grinding_M2,Lathe_M1,2,0,1,,Medium,Normal,0,Low
P0183,Lathe_M1,Maintenance,23,26,Yes,Morning,Bearing_Steel_Chrome,47,6,13,Grinding_M2,Grinding_M2,21,1,2,0,High,Normal,1,High
P0373,Grinding_M2,Maintenance,10,9,No,Evening,Bearing_Stainless,59,28,53,Packaging_Line,Grinding_M2,2,0,2,,Medium,Warm,0,Low
P0471,Assembly_M4,Busy,23,35,Yes,Evening,Bearing_Stainless,57,8,34,Grinding_M2,Grinding_M2,14,1,1,,High,Warm,1,Medium
P0312,Lathe_M1,Maintenance,4,32,Yes,Evening,Ceramic_Hybrid,84,12,27,Assembly_M4,Assembly_M4,25,1,2,,Low,Hot,0,High
P0206,Lathe_M1,Idle,1,44,No,Night,Ceramic_Hybrid,65,28,39,Grinding_M2,Assembly_M4,2,0,0,2,Low,Warm,0,Low
P0495,Lathe_M1,Idle,6,41,No,Evening,Ceramic_Hybrid,45,27,9,Polishing_M3,Lathe_M1,20,0,0,,Medium,Normal,0,High
P0192,Assembly_M4,Idle,12,25,No,Evening,Ceramic_Hybrid,53,21,42,Polishing_M3,Polishing_M3,20,0,0,,Medium,Warm,0,High
P0257,Lathe_M1,Maintenance,17,29,Yes,Night,Bearing_Stainless,26,26,36,Assembly_M4,Lathe_M1,26,1,2,2,High,Normal,1,High
P0209,Grinding_M2,Busy,5,7,No,Night,Bearing_Steel_Chrome,57,2,55,Assembly_M4,Polishing_M3,5,0,1,2,Medium,Warm,0,Low
P0237,Polishing_M3,Busy,12,23,Yes,Morning,Bearing_Steel_Chrome,36,17,29,Assembly_M4,Grinding_M2,25,1,1,0,Medium,Normal,0,High
P0033,Polishing_M3,Maintenance,18,39,No,Night,Ceramic_Hybrid,36,6,38,Assembly_M4,Assembly_M4,22,0,2,2,High,Normal,1,High
P0244,Lathe_M1,Overloaded,6,17,No,Evening,Bearing_Stainless,81,16,58,Packaging_Line,Grinding_M2,3,0,3,,Medium,Hot,0,Low
P0237,Assembly_M4,Idle,20,24,Yes,Night,Bearing_Stainless,55,6,28,Assembly_M4,Assembly_M4,8,1,0,2,High,Warm,1,Low
P0017,Lathe_M1,Maintenance,21,37,No,Morning,Bearing_Steel_Chrome,32,25,54,Assembly_M4,Polishing_M3,20,0,2,0,High,Normal,1,High
P0150,Polishing_M3,Maintenance,15,16,No,Morning,Bearing_Steel_Chrome,37,14,46,Polishing_M3,Polishing_M3,7,0,2,0,High,Normal,1,Low
P0290,Assembly_M4,Maintenance,24,36,Yes,Evening,Ceramic_Hybrid,48,17,51,Packaging_Line,Grinding_M2,12,1,2,,High,Normal,1,Medium
P0193,Grinding_M2,Maintenance,8,44,Yes,Morning,Bearing_Stainless,74,24,54,Polishing_M3,Grinding_M2,13,1,2,0,Medium,Hot,0,Medium
P0057,Polishing_M3,Idle,17,19,Yes,Night,Bearing_Stainless,60,18,9,Packaging_Line,Polishing_M3,22,1,0,2,High,Warm,1,High
P0385,Grinding_M2,Maintenance,15,14,No,Evening,Bearing_Stainless,48,19,53,Grinding_M2,Polishing_M3,18,0,2,,High,Normal,1,Medium
P0258,Assembly_M4,Idle,6,8,No,Evening,Bearing_Stainless,50,6,59,Assembly_M4,Assembly_M4,16,0,0,,Medium,Warm,0,Medium
P0081,Grinding_M2,Maintenance,2,30,No,Morning,Ceramic_Hybrid,42,24,57,Assembly_M4,Assembly_M4,14,0,2,0,Low,Normal,0,Medium
P0336,Grinding_M2,Busy,14,37,No,Night,Ceramic_Hybrid,49,22,21,Packaging_Line,Assembly_M4,23,0,1,2,Medium,Normal,0,High
P0211,Grinding_M2,Busy,24,21,Yes,Morning,Ceramic_Hybrid,82,15,33,Grinding_M2,Assembly_M4,20,1,1,0,High,Hot,1,High
P0485,Lathe_M1,Overloaded,18,43,Yes,Morning,Ceramic_Hybrid,80,14,22,Packaging_Line,Lathe_M1,23,1,3,0,High,Hot,1,High
P0488,Polishing_M3,Busy,13,37,No,Night,Ceramic_Hybrid,63,9,22,Polishing_M3,Grinding_M2,9,0,1,2,Medium,Warm,0,Low
P0235,Polishing_M3,Idle,0,36,Yes,Evening,Ceramic_Hybrid,78,18,23,Polishing_M3,Polishing_M3,27,1,0,,Low,Hot,0,High
P0068,Polishing_M3,Busy,5,39,Yes,Morning,Ceramic_Hybrid,80,6,38,Packaging_Line,Assembly_M4,20,1,1,0,Medium,Hot,0,High
P0126,Assembly_M4,Idle,24,8,Yes,Evening,Ceramic_Hybrid,34,11,28,Grinding_M2,Polishing_M3,21,1,0,,High,Normal,1,High
P0447,Grinding_M2,Idle,10,31,No,Night,Bearing_Steel_Chrome,40,27,34,Grinding_M2,Lathe_M1,17,0,0,2,Medium,Normal,0,Medium
P0350,Assembly_M4,Maintenance,15,11,No,Morning,Bearing_Stainless,40,4,20,Assembly_M4,Lathe_M1,8,0,2,0,High,Normal,1,Low
P0367,Lathe_M1,Maintenance,11,39,No,Night,Bearing_Steel_Chrome,73,22,54,Assembly_M4,Assembly_M4,11,0,2,2,Medium,Hot,0,Medium
P0425,Lathe_M1,Overloaded,3,21,No,Night,Ceramic_Hybrid,56,10,10,Packaging_Line,Assembly_M4,24,0,3,2,Low,Warm,0,High
P0404,Lathe_M1,Busy,19,29,Yes,Evening,Ceramic_Hybrid,26,10,32,Grinding_M2,Grinding_M2,21,1,1,,High,Normal,1,High
P0188,Assembly_M4,Overloaded,5,7,Yes,Morning,Bearing_Stainless,44,7,43,Polishing_M3,Polishing_M3,1,1,3,0,Medium,Normal,0,Low
P0050,Polishing_M3,Busy,22,5,No,Night,Bearing_Stainless,61,7,49,Polishing_M3,Polishing_M3,2,0,1,2,High,Warm,1,Low
P0176,Polishing_M3,Maintenance,14,19,No,Evening,Ceramic_Hybrid,69,27,18,Assembly_M4,Polishing_M3,26,0,2,,Medium,Warm,0,High
P0305,Lathe_M1,Idle,21,11,Yes,Night,Bearing_Stainless,70,27,35,Grinding_M2,Grinding_M2,24,1,0,2,High,Hot,1,High
P0451,Polishing_M3,Overloaded,9,36,No,Evening,Ceramic_Hybrid,41,15,44,Polishing_M3,Polishing_M3,4,0,3,,Medium,Normal,0,Low
P0244,Assembly_M4,Overloaded,15,28,Yes,Night,Ceramic_Hybrid,69,23,31,Polishing_M3,Grinding_M2,25,1,3,2,High,Warm,1,High
P0312,Polishing_M3,Maintenance,19,22,No,Night,Bearing_Steel_Chrome,70,19,41,Grinding_M2,Grinding_M2,26,0,2,2,High,Hot,1,High
P0299,Polishing_M3,Idle,8,39,Yes,Evening,Bearing_Stainless,32,21,58,Packaging_Line,Assembly_M4,10,1,0,,Medium,Normal,0,Medium
P0317,Grinding_M2,Overloaded,21,23,Yes,Night,Ceramic_Hybrid,54,22,32,Assembly_M4,Polishing_M3,3,1,3,2,High,Warm,1,Low
P0194,Assembly_M4,Idle,10,15,No,Morning,Bearing_Stainless,55,18,52,Packaging_Line,Lathe_M1,7,0,0,0,Medium,Warm,0,Low
P0343,Lathe_M1,Overloaded,3,34,Yes,Evening,Bearing_Steel_Chrome,47,20,16,Polishing_M3,Grinding_M2,15,1,3,,Low,Normal,0,Medium
P0143,Lathe_M1,Idle,10,41,No,Evening,Bearing_Stainless,61,16,33,Grinding_M2,Grinding_M2,18,0,0,,Medium,Warm,0,Medium
P0380,Grinding_M2,Overloaded,10,30,Yes,Evening,Ceramic_Hybrid,68,3,24,Grinding_M2,Polishing_M3,15,1,3,,Medium,Warm,0,Medium
P0260,Lathe_M1,Overloaded,19,8,Yes,Morning,Bearing_Stainless,46,19,42,Polishing_M3,Grinding_M2,23,1,3,0,High,Normal,1,High
P0132,Grinding_M2,Idle,18,15,Yes,Night,Ceramic_Hybrid,52,25,6,Packaging_Line,Grinding_M2,27,1,0,2,High,Warm,1,High
P0021,Polishing_M3,Overloaded,7,33,Yes,Night,Bearing_Steel_Chrome,35,6,22,Grinding_M2,Grinding_M2,23,1,3,2,Medium,Normal,0,High
P0268,Polishing_M3,Busy,17,18,Yes,Morning,Bearing_Steel_Chrome,78,11,39,Packaging_Line,Assembly_M4,9,1,1,0,High,Hot,1,Low
P0051,Lathe_M1,Overloaded,2,15,Yes,Morning,Bearing_Stainless,68,13,7,Grinding_M2,Assembly_M4,21,1,3,0,Low,Warm,0,High
P0043,Assembly_M4,Idle,6,18,Yes,Night,Ceramic_Hybrid,80,29,15,Polishing_M3,Assembly_M4,7,1,0,2,Medium,Hot,0,Low
P0154,Lathe_M1,Maintenance,24,25,Yes,Night,Bearing_Stainless,34,12,19,Polishing_M3,Assembly_M4,19,1,2,2,High,Normal,1,Medium
P0001,Polishing_M3,Maintenance,15,26,No,Evening,Ceramic_Hybrid,45,29,56,Polishing_M3,Polishing_M3,12,0,2,,High,Normal,1,Medium
P0260,Assembly_M4,Overloaded,17,27,No,Evening,Ceramic_Hybrid,37,6,8,Polishing_M3,Polishing_M3,28,0,3,,High,Normal,1,High
P0141,Polishing_M3,Maintenance,13,12,Yes,Morning,Bearing_Stainless,33,26,55,Grinding_M2,Polishing_M3,3,1,2,0,Medium,Normal,0,Low
P0458,Assembly_M4,Maintenance,4,25,Yes,Morning,Bearing_Steel_Chrome,82,19,37,Packaging_Line,Polishing_M3,8,1,2,0,Low,Hot,0,Low
P0049,Assembly_M4,Overloaded,18,21,Yes,Morning,Bearing_Steel_Chrome,67,3,10,Polishing_M3,Grinding_M2,22,1,3,0,High,Warm,1,High
P0158,Polishing_M3,Overloaded,13,7,No,Morning,Ceramic_Hybrid,36,5,16,Assembly_M4,Grinding_M2,13,0,3,0,Medium,Normal,0,Medium
P0293,Grinding_M2,Overloaded,1,6,Yes,Morning,Bearing_Stainless,39,24,33,Polishing_M3,Grinding_M2,17,1,3,0,Low,Normal,0,Medium
P0313,Grinding_M2,Overloaded,6,34,No,Night,Ceramic_Hybrid,52,15,48,Packaging_Line,Polishing_M3,17,0,3,2,Medium,Warm,0,Medium
P0118,Polishing_M3,Maintenance,13,10,No,Evening,Bearing_Steel_Chrome,75,25,10,Assembly_M4,Polishing_M3,27,0,2,,Medium,Hot,0,High
P0373,Polishing_M3,Overloaded,17,28,No,Evening,Bearing_Stainless,61,25,28,Packaging_Line,Assembly_M4,6,0,3,,High,Warm,1,Low
P0003,Assembly_M4,Busy,1,44,No,Evening,Ceramic_Hybrid,71,16,15,Polishing_M3,Assembly_M4,22,0,1,,Low,Hot,0,High
P0393,Polishing_M3,Busy,21,28,Yes,Morning,Ceramic_Hybrid,25,19,48,Assembly_M4,Polishing_M3,12,1,1,0,High,Normal,1,Medium
P0427,Polishing_M3,Busy,24,32,No,Evening,Bearing_Stainless,64,29,11,Assembly_M4,Grinding_M2,23,0,1,,High,Warm,1,High
P0409,Grinding_M2,Maintenance,20,38,No,Morning,Bearing_Steel_Chrome,35,23,46,Polishing_M3,Grinding_M2,3,0,2,0,High,Normal,1,Low
P0167,Assembly_M4,Maintenance,19,33,Yes,Night,Bearing_Stainless,66,29,22,Packaging_Line,Grinding_M2,14,1,2,2,High,Warm,1,Medium
P0144,Assembly_M4,Busy,17,32,Yes,Morning,Ceramic_Hybrid,48,9,46,Assembly_M4,Polishing_M3,22,1,1,0,High,Normal,1,High
P0276,Polishing_M3,Maintenance,12,12,No,Morning,Bearing_Stainless,28,28,40,Polishing_M3,Lathe_M1,5,0,2,0,Medium,Normal,0,Low
P0167,Assembly_M4,Idle,0,38,Yes,Night,Bearing_Stainless,54,9,43,Polishing_M3,Lathe_M1,15,1,0,2,Low,Warm,0,Medium
P0225,Grinding_M2,Overloaded,24,41,No,Night,Ceramic_Hybrid,58,8,44,Assembly_M4,Lathe_M1,28,0,3,2,High,Warm,1,High
P0072,Lathe_M1,Overloaded,6,43,No,Evening,Ceramic_Hybrid,52,15,57,Polishing_M3,Grinding_M2,18,0,3,,Medium,Warm,0,Medium
P0165,Assembly_M4,Idle,5,8,No,Evening,Bearing_Stainless,66,19,48,Polishing_M3,Polishing_M3,16,0,0,,Medium,Warm,0,Medium
P0131,Lathe_M1,Idle,24,11,Yes,Night,Bearing_Stainless,62,29,9,Packaging_Line,Assembly_M4,3,1,0,2,High,Warm,1,Low
P0413,Assembly_M4,Busy,11,35,Yes,Night,Bearing_Stainless,71,11,24,Grinding_M2,Assembly_M4,19,1,1,2,Medium,Hot,0,Medium
P0017,Polishing_M3,Maintenance,15,15,No,Night,Bearing_Stainless,64,4,27,Grinding_M2,Lathe_M1,7,0,2,2,High,Warm,1,Low
P0290,Lathe_M1,Busy,22,11,Yes,Night,Bearing_Steel_Chrome,70,3,46,Packaging_Line,Grinding_M2,19,1,1,2,High,Hot,1,Medium
P0385,Lathe_M1,Maintenance,8,22,No,Evening,Bearing_Stainless,65,17,49,Polishing_M3,Polishing_M3,10,0,2,,Medium,Warm,0,Medium
P0038,Grinding_M2,Overloaded,24,18,No,Night,Ceramic_Hybrid,68,26,23,Packaging_Line,Lathe_M1,7,0,3,2,High,Warm,1,Low
P0206,Polishing_M3,Busy,22,19,No,Morning,Bearing_Steel_Chrome,40,28,44,Polishing_M3,Polishing_M3,10,0,1,0,High,Normal,1,Medium
P0219,Grinding_M2,Overloaded,3,23,Yes,Night,Ceramic_Hybrid,52,22,51,Assembly_M4,Assembly_M4,14,1,3,2,Low,Warm,0,Medium
P0335,Grinding_M2,Overloaded,0,14,Yes,Morning,Bearing_Steel_Chrome,43,23,7,Polishing_M3,Polishing_M3,5,1,3,0,Low,Normal,0,Low
P0093,Lathe_M1,Busy,8,22,Yes,Morning,Ceramic_Hybrid,35,17,6,Assembly_M4,Lathe_M1,12,1,1,0,Medium,Normal,0,Medium
P0168,Polishing_M3,Idle,21,10,Yes,Morning,Bearing_Stainless,67,28,44,Polishing_M3,Assembly_M4,12,1,0,0,High,Warm,1,Medium
P0139,Grinding_M2,Idle,1,13,No,Morning,Bearing_Steel_Chrome,71,3,33,Packaging_Line,Lathe_M1,1,0,0,0,Low,Hot,0,Low
P0428,Assembly_M4,Busy,9,38,No,Night,Ceramic_Hybrid,68,24,12,Polishing_M3,Assembly_M4,5,0,1,2,Medium,Warm,0,Low
P0026,Assembly_M4,Maintenance,21,37,No,Morning,Bearing_Steel_Chrome,71,7,48,Packaging_Line,Lathe_M1,8,0,2,0,High,Hot,1,Low
P0048,Grinding_M2,Busy,12,23,Yes,Morning,Bearing_Steel_Chrome,56,28,5,Packaging_Line,Polishing_M3,11,1,1,0,Medium,Warm,0,Medium
P0384,Polishing_M3,Maintenance,19,37,Yes,Morning,Bearing_Steel_Chrome,64,6,21,Assembly_M4,Assembly_M4,8,1,2,0,High,Warm,1,Low
P0131,Lathe_M1,Maintenance,24,38,Yes,Morning,Bearing_Stainless,33,25,27,Packaging_Line,Assembly_M4,3,1,2,0,High,Normal,1,Low
P0493,Lathe_M1,Overloaded,17,11,No,Evening,Bearing_Steel_Chrome,39,22,58,Packaging_Line,Polishing_M3,20,0,3,,High,Normal,1,High
P0118,Lathe_M1,Maintenance,17,29,No,Morning,Bearing_Stainless,27,29,59,Assembly_M4,Lathe_M1,14,0,2,0,High,Normal,1,Medium
P0073,Grinding_M2,Idle,23,38,Yes,Morning,Ceramic_Hybrid,70,23,15,Polishing_M3,Grinding_M2,16,1,0,0,High,Hot,1,Medium
P0356,Assembly_M4,Busy,7,43,Yes,Night,Bearing_Steel_Chrome,67,4,53,Assembly_M4,Polishing_M3,14,1,1,2,Medium,Warm,0,Medium
P0317,Assembly_M4,Idle,5,12,No,Morning,Bearing_Steel_Chrome,78,6,31,Polishing_M3,Grinding_M2,28,0,0,0,Medium,Hot,0,High
P0187,Lathe_M1,Idle,7,38,Yes,Evening,Bearing_Steel_Chrome,56,16,48,Assembly_M4,Assembly_M4,17,1,0,,Medium,Warm,0,Medium
P0321,Polishing_M3,Overloaded,0,20,No,Morning,Bearing_Steel_Chrome,53,10,37,Assembly_M4,Lathe_M1,28,0,3,0,Low,Warm,0,High
P0456,Assembly_M4,Busy,16,33,Yes,Evening,Bearing_Steel_Chrome,37,22,25,Packaging_Line,Grinding_M2,5,1,1,,High,Normal,1,Low
P0081,Lathe_M1,Busy,9,10,No,Morning,Bearing_Steel_Chrome,80,20,17,Packaging_Line,Lathe_M1,1,0,1,0,Medium,Hot,0,Low
P0058,Assembly_M4,Maintenance,19,12,No,Night,Bearing_Stainless,34,10,53,Polishing_M3,Lathe_M1,9,0,2,2,High,Normal,1,Low
P0160,Assembly_M4,Maintenance,2,15,No,Morning,Bearing_Stainless,36,11,29,Assembly_M4,Lathe_M1,17,0,2,0,Low,Normal,0,Medium
P0245,Assembly_M4,Idle,16,29,Yes,Morning,Ceramic_Hybrid,35,23,40,Polishing_M3,Grinding_M2,7,1,0,0,High,Normal,1,Low
P0116,Lathe_M1,Busy,20,30,No,Evening,Ceramic_Hybrid,38,8,44,Grinding_M2,Grinding_M2,1,0,1,,High,Normal,1,Low
P0116,Polishing_M3,Idle,23,8,No,Evening,Ceramic_Hybrid,54,13,39,Packaging_Line,Polishing_M3,13,0,0,,High,Warm,1,Medium
P0390,Grinding_M2,Overloaded,19,35,No,Evening,Ceramic_Hybrid,62,12,27,Polishing_M3,Lathe_M1,4,0,3,,High,Warm,1,Low
P0383,Assembly_M4,Busy,19,20,Yes,Morning,Bearing_Steel_Chrome,31,23,33,Polishing_M3,Lathe_M1,11,1,1,0,High,Normal,1,Medium
P0428,Grinding_M2,Idle,23,37,No,Evening,Bearing_Steel_Chrome,82,28,43,Packaging_Line,Assembly_M4,12,0,0,,High,Hot,1,Medium
P0440,Polishing_M3,Idle,6,43,No,Evening,Bearing_Steel_Chrome,66,17,30,Packaging_Line,Polishing_M3,8,0,0,,Medium,Warm,0,Low
P0280,Assembly_M4,Busy,8,38,No,Night,Ceramic_Hybrid,69,14,59,Assembly_M4,Polishing_M3,23,0,1,2,Medium,Warm,0,High
P0457,Grinding_M2,Overloaded,3,29,No,Evening,Ceramic_Hybrid,48,13,21,Packaging_Line,Lathe_M1,2,0,3,,Low,Normal,0,Low
P0343,Polishing_M3,Overloaded,12,35,Yes,Evening,Bearing_Stainless,53,19,32,Grinding_M2,Grinding_M2,28,1,3,,Medium,Warm,0,High
P0049,Grinding_M2,Maintenance,14,35,Yes,Morning,Ceramic_Hybrid,64,16,37,Assembly_M4,Grinding_M2,20,1,2,0,Medium,Warm,0,High
P0448,Polishing_M3,Overloaded,9,16,No,Evening,Ceramic_Hybrid,61,10,27,Grinding_M2,Grinding_M2,8,0,3,,Medium,Warm,0,Low
P0204,Grinding_M2,Idle,15,18,Yes,Morning,Bearing_Steel_Chrome,51,26,17,Assembly_M4,Grinding_M2,23,1,0,0,High,Warm,1,High
P0289,Lathe_M1,Overloaded,20,35,Yes,Night,Ceramic_Hybrid,61,17,47,Polishing_M3,Polishing_M3,22,1,3,2,High,Warm,1,High
P0082,Lathe_M1,Idle,4,17,Yes,Night,Bearing_Steel_Chrome,52,12,29,Packaging_Line,Grinding_M2,19,1,0,2,Low,Warm,0,Medium
P0143,Lathe_M1,Maintenance,2,43,No,Evening,Ceramic_Hybrid,31,7,36,Packaging_Line,Assembly_M4,3,0,2,,Low,Normal,0,Low
P0240,Polishing_M3,Idle,12,43,No,Morning,Bearing_Steel_Chrome,61,24,54,Assembly_M4,Polishing_M3,22,0,0,0,Medium,Warm,0,High
P0107,Lathe_M1,Busy,7,21,No,Morning,Bearing_Steel_Chrome,76,28,37,Packaging_Line,Grinding_M2,14,0,1,0,Medium,Hot,0,Medium
P0392,Grinding_M2,Maintenance,16,16,Yes,Night,Bearing_Stainless,72,15,31,Packaging_Line,Grinding_M2,16,1,2,2,High,Hot,1,Medium
P0128,Polishing_M3,Busy,7,27,Yes,Evening,Bearing_Steel_Chrome,84,11,53,Packaging_Line,Lathe_M1,27,1,1,,Medium,Hot,0,High
P0372,Grinding_M2,Idle,17,24,No,Morning,Ceramic_Hybrid,40,18,20,Assembly_M4,Polishing_M3,19,0,0,0,High,Normal,1,Medium
P0006,Lathe_M1,Overloaded,23,12,Yes,Night,Ceramic_Hybrid,62,7,57,Packaging_Line,Grinding_M2,29,1,3,2,High,Warm,1,High
P0339,Assembly_M4,Overloaded,8,40,Yes,Night,Ceramic_Hybrid,50,13,16,Packaging_Line,Grinding_M2,23,1,3,2,Medium,Warm,0,High
P0037,Polishing_M3,Overloaded,16,19,Yes,Evening,Bearing_Stainless,33,8,46,Grinding_M2,Assembly_M4,16,1,3,,High,Normal,1,Medium
P0219,Grinding_M2,Maintenance,11,36,No,Morning,Ceramic_Hybrid,49,8,22,Grinding_M2,Lathe_M1,15,0,2,0,Medium,Normal,0,Medium
P0375,Polishing_M3,Idle,5,39,No,Night,Bearing_Stainless,58,7,58,Packaging_Line,Lathe_M1,25,0,0,2,Medium,Warm,0,High
P0327,Lathe_M1,Overloaded,4,22,No,Evening,Ceramic_Hybrid,40,9,29,Assembly_M4,Assembly_M4,26,0,3,,Low,Normal,0,High
P0342,Polishing_M3,Overloaded,19,26,Yes,Morning,Bearing_Steel_Chrome,55,12,14,Packaging_Line,Grinding_M2,24,1,3,0,High,Warm,1,High
P0300,Assembly_M4,Idle,24,16,No,Night,Bearing_Stainless,77,29,10,Grinding_M2,Assembly_M4,27,0,0,2,High,Hot,1,High
P0288,Assembly_M4,Maintenance,19,9,Yes,Night,Bearing_Steel_Chrome,47,10,33,Grinding_M2,Lathe_M1,16,1,2,2,High,Normal,1,Medium
P0061,Grinding_M2,Overloaded,21,26,No,Evening,Ceramic_Hybrid,32,28,24,Grinding_M2,Polishing_M3,19,0,3,,High,Normal,1,Medium
P0332,Assembly_M4,Maintenance,13,43,Yes,Evening,Ceramic_Hybrid,61,19,38,Packaging_Line,Lathe_M1,11,1,2,,Medium,Warm,0,Medium
P0111,Grinding_M2,Busy,21,44,No,Morning,Bearing_Stainless,57,28,58,Packaging_Line,Lathe_M1,12,0,1,0,High,Warm,1,Medium
P0374,Assembly_M4,Overloaded,1,11,No,Night,Bearing_Stainless,82,18,58,Assembly_M4,Grinding_M2,23,0,3,2,Low,Hot,0,High
P0142,Assembly_M4,Busy,13,11,No,Evening,Ceramic_Hybrid,78,26,7,Assembly_M4,Grinding_M2,27,0,1,,Medium,Hot,0,High
P0108,Polishing_M3,Maintenance,5,24,No,Morning,Bearing_Stainless,58,18,48,Grinding_M2,Polishing_M3,12,0,2,0,Medium,Warm,0,Medium
P0181,Grinding_M2,Overloaded,16,14,No,Morning,Ceramic_Hybrid,59,21,22,Grinding_M2,Assembly_M4,13,0,3,0,High,Warm,1,Medium
P0161,Assembly_M4,Idle,11,31,No,Morning,Bearing_Stainless,83,28,53,Packaging_Line,Polishing_M3,4,0,0,0,Medium,Hot,0,Low
P0173,Assembly_M4,Overloaded,22,36,Yes,Morning,Bearing_Stainless,34,12,42,Grinding_M2,Lathe_M1,6,1,3,0,High,Normal,1,Low
P0098,Polishing_M3,Overloaded,8,38,Yes,Evening,Ceramic_Hybrid,60,6,21,Grinding_M2,Grinding_M2,8,1,3,,Medium,Warm,0,Low
P0048,Lathe_M1,Maintenance,7,16,No,Morning,Ceramic_Hybrid,45,9,23,Assembly_M4,Polishing_M3,3,0,2,0,Medium,Normal,0,Low
P0204,Grinding_M2,Maintenance,17,23,Yes,Night,Bearing_Stainless,71,7,20,Grinding_M2,Polishing_M3,8,1,2,2,High,Hot,1,Low
P0116,Assembly_M4,Busy,15,22,Yes,Night,Bearing_Steel_Chrome,76,17,47,Assembly_M4,Lathe_M1,7,1,1,2,High,Hot,1,Low
P0254,Grinding_M2,Idle,16,16,Yes,Morning,Bearing_Stainless,69,11,11,Polishing_M3,Grinding_M2,14,1,0,0,High,Warm,1,Medium
P0007,Polishing_M3,Idle,22,5,Yes,Night,Bearing_Stainless,73,5,25,Packaging_Line,Assembly_M4,5,1,0,2,High,Hot,1,Low
P0285,Grinding_M2,Maintenance,19,28,Yes,Night,Ceramic_Hybrid,79,26,11,Packaging_Line,Assembly_M4,10,1,2,2,High,Hot,1,Medium
P0383,Polishing_M3,Overloaded,16,33,No,Evening,Bearing_Stainless,54,8,37,Assembly_M4,Grinding_M2,7,0,3,,High,Warm,1,Low
P0164,Polishing_M3,Busy,23,15,Yes,Evening,Ceramic_Hybrid,33,13,39,Polishing_M3,Grinding_M2,4,1,1,,High,Normal,1,Low
P0050,Assembly_M4,Overloaded,3,32,Yes,Night,Bearing_Steel_Chrome,81,14,27,Assembly_M4,Grinding_M2,19,1,3,2,Low,Hot,0,Medium
P0239,Polishing_M3,Busy,9,41,No,Night,Bearing_Stainless,63,25,20,Packaging_Line,Assembly_M4,1,0,1,2,Medium,Warm,0,Low
P0034,Grinding_M2,Busy,11,38,No,Night,Ceramic_Hybrid,31,12,35,Grinding_M2,Polishing_M3,29,0,1,2,Medium,Normal,0,High
P0245,Grinding_M2,Busy,12,35,No,Morning,Ceramic_Hybrid,26,8,19,Assembly_M4,Polishing_M3,25,0,1,0,Medium,Normal,0,High
P0486,Lathe_M1,Maintenance,10,38,No,Night,Bearing_Steel_Chrome,63,5,15,Packaging_Line,Grinding_M2,29,0,2,2,Medium,Warm,0,High
P0339,Assembly_M4,Overloaded,1,20,No,Evening,Bearing_Steel_Chrome,63,14,41,Packaging_Line,Grinding_M2,17,0,3,,Low,Warm,0,Medium
P0393,Polishing_M3,Busy,20,23,Yes,Night,Bearing_Stainless,31,7,12,Grinding_M2,Lathe_M1,13,1,1,2,High,Normal,1,Medium
P0315,Lathe_M1,Maintenance,4,6,Yes,Night,Bearing_Steel_Chrome,65,12,28,Polishing_M3,Grinding_M2,6,1,2,2,Low,Warm,0,Low
P0428,Grinding_M2,Busy,6,43,No,Night,Bearing_Steel_Chrome,43,7,47,Assembly_M4,Lathe_M1,29,0,1,2,Medium,Normal,0,High
P0049,Assembly_M4,Maintenance,10,43,No,Evening,Ceramic_Hybrid,26,20,8,Packaging_Line,Grinding_M2,26,0,2,,Medium,Normal,0,High
P0434,Polishing_M3,Idle,5,41,Yes,Evening,Bearing_Stainless,52,8,13,Polishing_M3,Assembly_M4,25,1,0,,Medium,Warm,0,High
P0451,Polishing_M3,Maintenance,0,5,Yes,Morning,Bearing_Stainless,75,7,22,Packaging_Line,Grinding_M2,10,1,2,0,Low,Hot,0,Medium
P0117,Polishing_M3,Busy,10,37,No,Evening,Bearing_Steel_Chrome,25,14,41,Assembly_M4,Lathe_M1,20,0,1,,Medium,Normal,0,High
P0451,Lathe_M1,Busy,0,7,No,Morning,Bearing_Steel_Chrome,42,10,18,Grinding_M2,Lathe_M1,27,0,1,0,Low,Normal,0,High
P0003,Polishing_M3,Maintenance,16,33,No,Morning,Ceramic_Hybrid,60,6,30,Assembly_M4,Lathe_M1,21,0,2,0,High,Warm,1,High
P0490,Grinding_M2,Idle,16,26,No,Morning,Ceramic_Hybrid,49,3,59,Polishing_M3,Polishing_M3,22,0,0,0,High,Normal,1,High
P0050,Grinding_M2,Overloaded,4,8,Yes,Evening,Ceramic_Hybrid,60,7,56,Polishing_M3,Grinding_M2,21,1,3,,Low,Warm,0,High
P0417,Assembly_M4,Busy,12,41,Yes,Night,Bearing_Steel_Chrome,79,26,30,Assembly_M4,Polishing_M3,23,1,1,2,Medium,Hot,0,High
P0056,Polishing_M3,Idle,6,24,Yes,Morning,Bearing_Stainless,57,15,40,Polishing_M3,Grinding_M2,17,1,0,0,Medium,Warm,0,Medium
P0314,Polishing_M3,Maintenance,20,20,No,Evening,Bearing_Steel_Chrome,70,17,24,Grinding_M2,Polishing_M3,29,0,2,,High,Hot,1,High
P0127,Polishing_M3,Idle,7,28,Yes,Evening,Bearing_Steel_Chrome,27,26,23,Packaging_Line,Lathe_M1,1,1,0,,Medium,Normal,0,Low
P0184,Lathe_M1,Maintenance,1,19,Yes,Night,Bearing_Steel_Chrome,46,29,14,Assembly_M4,Assembly_M4,18,1,2,2,Low,Normal,0,Medium
P0388,Grinding_M2,Overloaded,21,31,No,Morning,Bearing_Stainless,37,2,9,Polishing_M3,Polishing_M3,26,0,3,0,High,Normal,1,High
P0484,Assembly_M4,Maintenance,12,31,No,Evening,Bearing_Steel_Chrome,81,15,28,Packaging_Line,Lathe_M1,3,0,2,,Medium,Hot,0,Low
P0252,Lathe_M1,Overloaded,14,34,No,Night,Bearing_Stainless,59,17,18,Assembly_M4,Assembly_M4,12,0,3,2,Medium,Warm,0,Medium
P0403,Polishing_M3,Busy,11,33,Yes,Morning,Bearing_Steel_Chrome,67,18,44,Assembly_M4,Grinding_M2,17,1,1,0,Medium,Warm,0,Medium
P0329,Polishing_M3,Busy,20,27,Yes,Morning,Bearing_Stainless,44,12,38,Packaging_Line,Grinding_M2,10,1,1,0,High,Normal,1,Medium
P0181,Lathe_M1,Maintenance,9,10,Yes,Night,Bearing_Stainless,60,25,16,Grinding_M2,Grinding_M2,11,1,2,2,Medium,Warm,0,Medium
P0051,Assembly_M4,Idle,22,27,Yes,Night,Bearing_Stainless,51,27,49,Grinding_M2,Grinding_M2,5,1,0,2,High,Warm,1,Low
P0254,Grinding_M2,Busy,5,5,Yes,Evening,Bearing_Steel_Chrome,30,19,26,Grinding_M2,Polishing_M3,9,1,1,,Medium,Normal,0,Low
P0003,Grinding_M2,Overloaded,23,29,Yes,Evening,Bearing_Steel_Chrome,39,27,12,Assembly_M4,Assembly_M4,19,1,3,,High,Normal,1,Medium
P0023,Grinding_M2,Idle,23,42,Yes,Night,Ceramic_Hybrid,30,23,39,Assembly_M4,Assembly_M4,10,1,0,2,High,Normal,1,Medium
P0349,Polishing_M3,Idle,0,40,No,Evening,Ceramic_Hybrid,82,13,42,Grinding_M2,Assembly_M4,11,0,0,,Low,Hot,0,Medium
P0422,Assembly_M4,Maintenance,11,43,No,Morning,Bearing_Stainless,31,12,40,Assembly_M4,Lathe_M1,20,0,2,0,Medium,Normal,0,High
P0321,Assembly_M4,Busy,0,17,No,Morning,Ceramic_Hybrid,42,10,28,Polishing_M3,Lathe_M1,9,0,1,0,Low,Normal,0,Low
P0327,Lathe_M1,Busy,22,14,Yes,Evening,Bearing_Steel_Chrome,84,3,42,Polishing_M3,Polishing_M3,15,1,1,,High,Hot,1,Medium
P0086,Polishing_M3,Maintenance,2,35,No,Night,Bearing_Stainless,30,4,15,Assembly_M4,Polishing_M3,15,0,2,2,Low,Normal,0,Medium
P0056,Lathe_M1,Maintenance,12,32,Yes,Morning,Ceramic_Hybrid,34,7,51,Packaging_Line,Grinding_M2,25,1,2,0,Medium,Normal,0,High
P0066,Lathe_M1,Maintenance,17,11,No,Morning,Bearing_Steel_Chrome,39,19,22,Polishing_M3,Lathe_M1,20,0,2,0,High,Normal,1,High
P0427,Assembly_M4,Idle,8,28,Yes,Night,Bearing_Steel_Chrome,26,9,24,Polishing_M3,Assembly_M4,2,1,0,2,Medium,Normal,0,Low
P0316,Polishing_M3,Maintenance,10,30,Yes,Evening,Ceramic_Hybrid,31,7,34,Grinding_M2,Grinding_M2,10,1,2,,Medium,Normal,0,Medium
P0394,Grinding_M2,Overloaded,4,15,Yes,Night,Bearing_Steel_Chrome,25,3,5,Polishing_M3,Polishing_M3,19,1,3,2,Low,Normal,0,Medium
P0441,Polishing_M3,Idle,1,25,No,Evening,Bearing_Steel_Chrome,44,24,25,Grinding_M2,Assembly_M4,24,0,0,,Low,Normal,0,High
P0195,Grinding_M2,Overloaded,3,16,Yes,Morning,Bearing_Steel_Chrome,46,21,22,Polishing_M3,Polishing_M3,1,1,3,0,Low,Normal,0,Low
P0337,Assembly_M4,Busy,0,28,No,Morning,Bearing_Steel_Chrome,38,5,9,Assembly_M4,Grinding_M2,11,0,1,0,Low,Normal,0,Medium
P0074,Polishing_M3,Busy,23,35,Yes,Night,Bearing_Steel_Chrome,79,14,20,Packaging_Line,Lathe_M1,24,1,1,2,High,Hot,1,High
P0317,Grinding_M2,Overloaded,12,28,No,Morning,Bearing_Steel_Chrome,78,27,6,Grinding_M2,Grinding_M2,16,0,3,0,Medium,Hot,0,Medium
P0004,Assembly_M4,Busy,5,5,Yes,Evening,Ceramic_Hybrid,73,12,55,Grinding_M2,Grinding_M2,3,1,1,,Medium,Hot,0,Low
P0391,Lathe_M1,Busy,10,33,Yes,Night,Bearing_Stainless,61,18,58,Packaging_Line,Polishing_M3,7,1,1,2,Medium,Warm,0,Low
P0352,Assembly_M4,Maintenance,9,32,Yes,Night,Bearing_Stainless,53,12,7,Assembly_M4,Polishing_M3,20,1,2,2,Medium,Warm,0,High
P0326,Assembly_M4,Maintenance,9,18,Yes,Evening,Ceramic_Hybrid,36,16,46,Assembly_M4,Grinding_M2,10,1,2,,Medium,Normal,0,Medium
P0074,Polishing_M3,Idle,18,5,No,Evening,Bearing_Steel_Chrome,80,27,46,Assembly_M4,Lathe_M1,2,0,0,,High,Hot,1,Low
P0222,Polishing_M3,Idle,16,34,Yes,Evening,Bearing_Stainless,80,8,11,Polishing_M3,Assembly_M4,20,1,0,,High,Hot,1,High
P0065,Polishing_M3,Idle,8,26,No,Evening,Bearing_Stainless,58,15,53,Packaging_Line,Assembly_M4,1,0,0,,Medium,Warm,0,Low
P0228,Assembly_M4,Maintenance,8,24,No,Evening,Bearing_Stainless,77,20,40,Packaging_Line,Grinding_M2,28,0,2,,Medium,Hot,0,High
P0371,Grinding_M2,Idle,7,8,Yes,Night,Bearing_Steel_Chrome,33,10,26,Polishing_M3,Polishing_M3,18,1,0,2,Medium,Normal,0,Medium
P0461,Assembly_M4,Maintenance,11,43,No,Night,Bearing_Stainless,33,7,23,Polishing_M3,Assembly_M4,16,0,2,2,Medium,Normal,0,Medium
P0073,Assembly_M4,Busy,14,11,No,Evening,Ceramic_Hybrid,40,6,20,Packaging_Line,Lathe_M1,1,0,1,,Medium,Normal,0,Low
P0103,Grinding_M2,Overloaded,18,41,Yes,Night,Bearing_Stainless,63,20,58,Packaging_Line,Grinding_M2,5,1,3,2,High,Warm,1,Low
P0483,Assembly_M4,Busy,16,30,Yes,Evening,Ceramic_Hybrid,46,9,37,Polishing_M3,Polishing_M3,2,1,1,,High,Normal,1,Low
P0382,Grinding_M2,Maintenance,14,24,Yes,Morning,Bearing_Stainless,84,19,47,Assembly_M4,Assembly_M4,25,1,2,0,Medium,Hot,0,High
P0126,Grinding_M2,Maintenance,9,28,No,Night,Ceramic_Hybrid,80,5,41,Grinding_M2,Lathe_M1,4,0,2,2,Medium,Hot,0,Low
P0403,Lathe_M1,Busy,12,29,Yes,Morning,Bearing_Steel_Chrome,37,19,28,Assembly_M4,Lathe_M1,2,1,1,0,Medium,Normal,0,Low
P0161,Polishing_M3,Idle,15,37,Yes,Morning,Bearing_Stainless,82,20,13,Grinding_M2,Polishing_M3,28,1,0,0,High,Hot,1,High
P0320,Polishing_M3,Maintenance,2,43,No,Evening,Ceramic_Hybrid,34,2,46,Polishing_M3,Polishing_M3,21,0,2,,Low,Normal,0,High
P0156,Lathe_M1,Idle,8,19,Yes,Morning,Bearing_Stainless,59,26,9,Grinding_M2,Assembly_M4,9,1,0,0,Medium,Warm,0,Low
P0082,Assembly_M4,Overloaded,21,27,Yes,Morning,Ceramic_Hybrid,31,25,27,Polishing_M3,Assembly_M4,12,1,3,0,High,Normal,1,Medium
P0050,Lathe_M1,Idle,24,31,No,Evening,Bearing_Stainless,65,7,59,Packaging_Line,Grinding_M2,2,0,0,,High,Warm,1,Low
P0393,Lathe_M1,Overloaded,8,37,No,Night,Ceramic_Hybrid,75,29,10,Polishing_M3,Assembly_M4,5,0,3,2,Medium,Hot,0,Low
P0458,Lathe_M1,Maintenance,1,33,No,Evening,Bearing_Steel_Chrome,82,15,40,Assembly_M4,Lathe_M1,4,0,2,,Low,Hot,0,Low
P0091,Grinding_M2,Overloaded,20,19,No,Morning,Bearing_Steel_Chrome,32,27,40,Polishing_M3,Polishing_M3,16,0,3,0,High,Normal,1,Medium
P0150,Lathe_M1,Overloaded,20,32,No,Morning,Ceramic_Hybrid,28,17,26,Packaging_Line,Grinding_M2,12,0,3,0,High,Normal,1,Medium
P0187,Polishing_M3,Idle,15,44,No,Night,Bearing_Steel_Chrome,62,11,41,Packaging_Line,Polishing_M3,29,0,0,2,High,Warm,1,High
P0464,Grinding_M2,Busy,17,14,Yes,Night,Bearing_Stainless,66,8,22,Assembly_M4,Assembly_M4,1,1,1,2,High,Warm,1,Low
P0222,Polishing_M3,Busy,6,25,No,Night,Ceramic_Hybrid,25,16,8,Packaging_Line,Lathe_M1,28,0,1,2,Medium,Normal,0,High
P0171,Lathe_M1,Idle,19,14,Yes,Night,Ceramic_Hybrid,47,10,38,Grinding_M2,Polishing_M3,28,1,0,2,High,Normal,1,High
P0195,Grinding_M2,Maintenance,13,37,No,Evening,Bearing_Steel_Chrome,58,8,14,Assembly_M4,Assembly_M4,22,0,2,,Medium,Warm,0,High
P0172,Polishing_M3,Maintenance,19,5,No,Night,Bearing_Stainless,37,2,9,Polishing_M3,Polishing_M3,16,0,2,2,High,Normal,1,Medium
P0369,Polishing_M3,Idle,14,32,No,Evening,Bearing_Stainless,55,24,52,Grinding_M2,Assembly_M4,13,0,0,,Medium,Warm,0,Medium
P0471,Lathe_M1,Overloaded,10,21,Yes,Morning,Bearing_Steel_Chrome,73,3,17,Grinding_M2,Grinding_M2,14,1,3,0,Medium,Hot,0,Medium
P0039,Grinding_M2,Overloaded,10,32,Yes,Morning,Ceramic_Hybrid,66,4,35,Polishing_M3,Lathe_M1,17,1,3,0,Medium,Warm,0,Medium
P0443,Lathe_M1,Busy,14,13,Yes,Night,Bearing_Stainless,34,9,25,Grinding_M2,Grinding_M2,13,1,1,2,Medium,Normal,0,Medium
P0299,Assembly_M4,Overloaded,17,9,Yes,Night,Bearing_Steel_Chrome,30,18,15,Grinding_M2,Grinding_M2,20,1,3,2,High,Normal,1,High
P0103,Lathe_M1,Idle,15,13,Yes,Night,Bearing_Steel_Chrome,26,6,5,Grinding_M2,Assembly_M4,4,1,0,2,High,Normal,1,Low
P0406,Grinding_M2,Idle,3,29,Yes,Night,Bearing_Steel_Chrome,27,10,26,Packaging_Line,Polishing_M3,23,1,0,2,Low,Normal,0,High
P0321,Grinding_M2,Maintenance,11,14,Yes,Night,Bearing_Stainless,58,12,14,Polishing_M3,Assembly_M4,22,1,2,2,Medium,Warm,0,High
P0148,Lathe_M1,Maintenance,5,6,Yes,Night,Bearing_Steel_Chrome,54,3,36,Grinding_M2,Grinding_M2,10,1,2,2,Medium,Warm,0,Medium
P0499,Grinding_M2,Overloaded,15,16,Yes,Night,Ceramic_Hybrid,25,22,12,Polishing_M3,Lathe_M1,16,1,3,2,High,Normal,1,Medium
P0360,Lathe_M1,Idle,17,17,Yes,Evening,Bearing_Steel_Chrome,39,22,48,Polishing_M3,Assembly_M4,8,1,0,,High,Normal,1,Low
P0326,Polishing_M3,Maintenance,9,9,No,Morning,Bearing_Stainless,74,20,51,Assembly_M4,Polishing_M3,6,0,2,0,Medium,Hot,0,Low
P0377,Grinding_M2,Busy,10,24,No,Evening,Bearing_Steel_Chrome,44,22,22,Grinding_M2,Lathe_M1,25,0,1,,Medium,Normal,0,High
P0033,Assembly_M4,Overloaded,17,14,Yes,Night,Bearing_Stainless,58,27,34,Grinding_M2,Assembly_M4,9,1,3,2,High,Warm,1,Low
P0007,Lathe_M1,Overloaded,13,35,No,Night,Ceramic_Hybrid,66,24,8,Grinding_M2,Polishing_M3,29,0,3,2,Medium,Warm,0,High
P0373,Polishing_M3,Maintenance,5,18,No,Night,Bearing_Stainless,28,27,51,Assembly_M4,Assembly_M4,16,0,2,2,Medium,Normal,0,Medium
P0154,Assembly_M4,Overloaded,6,21,Yes,Morning,Ceramic_Hybrid,43,20,53,Polishing_M3,Lathe_M1,6,1,3,0,Medium,Normal,0,Low
P0354,Polishing_M3,Maintenance,10,20,No,Evening,Bearing_Stainless,54,26,44,Packaging_Line,Assembly_M4,11,0,2,,Medium,Warm,0,Medium
P0445,Assembly_M4,Maintenance,6,30,Yes,Morning,Ceramic_Hybrid,80,23,29,Packaging_Line,Assembly_M4,19,1,2,0,Medium,Hot,0,Medium
P0487,Lathe_M1,Idle,9,40,No,Evening,Ceramic_Hybrid,47,16,17,Polishing_M3,Assembly_M4,25,0,0,,Medium,Normal,0,High
P0188,Lathe_M1,Maintenance,1,6,Yes,Morning,Ceramic_Hybrid,40,10,32,Polishing_M3,Grinding_M2,13,1,2,0,Low,Normal,0,Medium
P0049,Lathe_M1,Maintenance,2,17,No,Morning,Bearing_Stainless,55,22,36,Assembly_M4,Grinding_M2,22,0,2,0,Low,Warm,0,High
P0012,Assembly_M4,Maintenance,1,12,Yes,Evening,Ceramic_Hybrid,83,10,52,Assembly_M4,Grinding_M2,2,1,2,,Low,Hot,0,Low
P0098,Assembly_M4,Maintenance,5,36,No,Evening,Bearing_Steel_Chrome,78,9,32,Packaging_Line,Lathe_M1,5,0,2,,Medium,Hot,0,Low
P0181,Lathe_M1,Busy,8,5,No,Night,Bearing_Stainless,65,11,59,Assembly_M4,Grinding_M2,4,0,1,2,Medium,Warm,0,Low
P0121,Assembly_M4,Idle,2,14,No,Evening,Bearing_Steel_Chrome,71,12,18,Assembly_M4,Grinding_M2,6,0,0,,Low,Hot,0,Low
P0174,Polishing_M3,Maintenance,11,21,Yes,Night,Bearing_Steel_Chrome,40,4,6,Assembly_M4,Polishing_M3,11,1,2,2,Medium,Normal,0,Medium
P0372,Polishing_M3,Idle,8,7,No,Night,Bearing_Stainless,53,19,24,Grinding_M2,Lathe_M1,15,0,0,2,Medium,Warm,0,Medium
P0229,Polishing_M3,Maintenance,13,38,Yes,Morning,Bearing_Stainless,73,23,35,Polishing_M3,Polishing_M3,26,1,2,0,Medium,Hot,0,High
P0325,Assembly_M4,Overloaded,7,22,No,Night,Bearing_Stainless,54,26,23,Polishing_M3,Grinding_M2,8,0,3,2,Medium,Warm,0,Low
P0495,Polishing_M3,Idle,7,35,Yes,Morning,Bearing_Stainless,27,4,48,Packaging_Line,Lathe_M1,22,1,0,0,Medium,Normal,0,High
P0161,Lathe_M1,Maintenance,16,40,Yes,Night,Bearing_Stainless,41,15,55,Grinding_M2,Assembly_M4,9,1,2,2,High,Normal,1,Low
P0237,Polishing_M3,Busy,20,16,No,Evening,Bearing_Steel_Chrome,61,12,24,Assembly_M4,Grinding_M2,3,0,1,,High,Warm,1,Low
P0187,Lathe_M1,Maintenance,20,15,Yes,Morning,Ceramic_Hybrid,76,9,8,Grinding_M2,Polishing_M3,27,1,2,0,High,Hot,1,High
P0183,Assembly_M4,Idle,11,44,No,Evening,Bearing_Stainless,62,16,34,Assembly_M4,Grinding_M2,12,0,0,,Medium,Warm,0,Medium
P0422,Grinding_M2,Busy,15,31,No,Night,Bearing_Steel_Chrome,45,21,24,Polishing_M3,Polishing_M3,28,0,1,2,High,Normal,1,High
P0128,Assembly_M4,Maintenance,3,15,Yes,Evening,Bearing_Stainless,37,10,8,Polishing_M3,Grinding_M2,12,1,2,,Low,Normal,0,Medium
P0152,Lathe_M1,Busy,8,17,No,Morning,Bearing_Stainless,72,27,42,Packaging_Line,Grinding_M2,10,0,1,0,Medium,Hot,0,Medium
P0229,Assembly_M4,Idle,12,43,No,Evening,Bearing_Steel_Chrome,52,27,23,Assembly_M4,Assembly_M4,24,0,0,,Medium,Warm,0,High
P0142,Grinding_M2,Maintenance,18,17,No,Morning,Ceramic_Hybrid,37,27,32,Polishing_M3,Polishing_M3,21,0,2,0,High,Normal,1,High
P0490,Lathe_M1,Busy,1,14,Yes,Evening,Ceramic_Hybrid,46,14,13,Packaging_Line,Polishing_M3,1,1,1,,Low,Normal,0,Low
P0073,Polishing_M3,Maintenance,13,24,Yes,Night,Bearing_Stainless,39,2,21,Assembly_M4,Assembly_M4,24,1,2,2,Medium,Normal,0,High
P0092,Polishing_M3,Busy,12,20,No,Evening,Ceramic_Hybrid,26,18,36,Grinding_M2,Lathe_M1,11,0,1,,Medium,Normal,0,Medium
P0371,Grinding_M2,Maintenance,7,7,Yes,Morning,Bearing_Steel_Chrome,36,21,20,Polishing_M3,Lathe_M1,14,1,2,0,Medium,Normal,0,Medium
P0268,Grinding_M2,Idle,15,37,Yes,Evening,Bearing_Stainless,54,28,16,Assembly_M4,Lathe_M1,15,1,0,,High,Warm,1,Medium
P0212,Polishing_M3,Busy,17,32,No,Evening,Ceramic_Hybrid,47,15,34,Grinding_M2,Assembly_M4,1,0,1,,High,Normal,1,Low
P0329,Assembly_M4,Idle,12,19,Yes,Morning,Bearing_Stainless,31,16,56,Polishing_M3,Lathe_M1,10,1,0,0,Medium,Normal,0,Medium
P0391,Polishing_M3,Idle,13,42,Yes,Morning,Ceramic_Hybrid,70,25,58,Grinding_M2,Lathe_M1,12,1,0,0,Medium,Hot,0,Medium
P0330,Grinding_M2,Maintenance,10,33,Yes,Morning,Bearing_Steel_Chrome,55,26,56,Polishing_M3,Grinding_M2,22,1,2,0,Medium,Warm,0,High
P0489,Grinding_M2,Overloaded,23,23,No,Evening,Ceramic_Hybrid,26,23,24,Packaging_Line,Lathe_M1,1,0,3,,High,Normal,1,Low
P0262,Polishing_M3,Maintenance,7,29,Yes,Night,Ceramic_Hybrid,70,10,38,Packaging_Line,Lathe_M1,25,1,2,2,Medium,Hot,0,High
P0021,Grinding_M2,Busy,22,9,Yes,Morning,Ceramic_Hybrid,79,26,12,Packaging_Line,Lathe_M1,16,1,1,0,High,Hot,1,Medium
P0179,Lathe_M1,Overloaded,21,19,Yes,Evening,Bearing_Steel_Chrome,25,23,7,Polishing_M3,Lathe_M1,6,1,3,,High,Normal,1,Low
P0469,Polishing_M3,Overloaded,21,18,No,Night,Bearing_Stainless,60,19,51,Polishing_M3,Grinding_M2,9,0,3,2,High,Warm,1,Low
P0387,Polishing_M3,Overloaded,17,7,Yes,Evening,Bearing_Stainless,34,18,43,Packaging_Line,Lathe_M1,15,1,3,,High,Normal,1,Medium
P0334,Polishing_M3,Maintenance,0,31,Yes,Evening,Ceramic_Hybrid,81,28,15,Packaging_Line,Grinding_M2,17,1,2,,Low,Hot,0,Medium
P0095,Lathe_M1,Busy,4,11,No,Morning,Ceramic_Hybrid,43,26,33,Polishing_M3,Grinding_M2,15,0,1,0,Low,Normal,0,Medium
P0389,Polishing_M3,Idle,2,41,No,Evening,Bearing_Stainless,79,13,34,Grinding_M2,Grinding_M2,20,0,0,,Low,Hot,0,High
P0291,Polishing_M3,Idle,4,7,Yes,Evening,Bearing_Steel_Chrome,33,27,45,Polishing_M3,Grinding_M2,7,1,0,,Low,Normal,0,Low
P0441,Polishing_M3,Idle,1,27,No,Night,Bearing_Stainless,47,28,25,Assembly_M4,Assembly_M4,16,0,0,2,Low,Normal,0,Medium
P0201,Grinding_M2,Maintenance,8,17,No,Night,Ceramic_Hybrid,52,28,55,Assembly_M4,Grinding_M2,20,0,2,2,Medium,Warm,0,High
P0040,Lathe_M1,Busy,16,42,Yes,Night,Bearing_Steel_Chrome,60,2,22,Grinding_M2,Polishing_M3,19,1,1,2,High,Warm,1,Medium
P0477,Lathe_M1,Overloaded,8,17,No,Evening,Ceramic_Hybrid,64,24,49,Polishing_M3,Lathe_M1,15,0,3,,Medium,Warm,0,Medium
P0028,Polishing_M3,Idle,10,8,Yes,Evening,Ceramic_Hybrid,57,25,40,Assembly_M4,Lathe_M1,19,1,0,,Medium,Warm,0,Medium
P0144,Assembly_M4,Busy,8,14,No,Morning,Bearing_Steel_Chrome,60,21,45,Assembly_M4,Grinding_M2,13,0,1,0,Medium,Warm,0,Medium
P0135,Assembly_M4,Idle,11,15,Yes,Night,Ceramic_Hybrid,36,19,34,Grinding_M2,Assembly_M4,12,1,0,2,Medium,Normal,0,Medium
P0090,Lathe_M1,Busy,15,41,Yes,Night,Bearing_Steel_Chrome,44,26,16,Packaging_Line,Polishing_M3,21,1,1,2,High,Normal,1,High
P0139,Lathe_M1,Maintenance,24,15,Yes,Night,Ceramic_Hybrid,33,19,29,Polishing_M3,Grinding_M2,3,1,2,2,High,Normal,1,Low
P0034,Assembly_M4,Maintenance,19,36,Yes,Morning,Bearing_Stainless,73,15,5,Packaging_Line,Assembly_M4,17,1,2,0,High,Hot,1,Medium
P0212,Grinding_M2,Busy,24,12,Yes,Night,Bearing_Steel_Chrome,29,6,45,Assembly_M4,Polishing_M3,3,1,1,2,High,Normal,1,Low
P0369,Assembly_M4,Idle,18,27,No,Morning,Ceramic_Hybrid,33,23,34,Assembly_M4,Grinding_M2,18,0,0,0,High,Normal,1,Medium
P0121,Assembly_M4,Busy,15,37,Yes,Night,Bearing_Stainless,26,15,50,Packaging_Line,Grinding_M2,1,1,1,2,High,Normal,1,Low
P0367,Lathe_M1,Overloaded,24,20,No,Morning,Ceramic_Hybrid,39,27,51,Assembly_M4,Assembly_M4,12,0,3,0,High,Normal,1,Medium
P0421,Assembly_M4,Idle,15,18,No,Night,Bearing_Stainless,53,25,51,Polishing_M3,Polishing_M3,23,0,0,2,High,Warm,1,High
P0377,Polishing_M3,Maintenance,14,23,Yes,Night,Bearing_Stainless,32,3,6,Assembly_M4,Assembly_M4,27,1,2,2,Medium,Normal,0,High
P0178,Polishing_M3,Idle,9,39,No,Night,Ceramic_Hybrid,47,18,12,Packaging_Line,Polishing_M3,28,0,0,2,Medium,Normal,0,High
P0493,Assembly_M4,Busy,22,8,No,Morning,Bearing_Stainless,38,22,46,Assembly_M4,Assembly_M4,29,0,1,0,High,Normal,1,High
P0231,Grinding_M2,Busy,0,8,No,Night,Ceramic_Hybrid,56,2,53,Polishing_M3,Polishing_M3,26,0,1,2,Low,Warm,0,High
P0277,Grinding_M2,Idle,16,43,Yes,Night,Bearing_Stainless,47,21,19,Grinding_M2,Assembly_M4,13,1,0,2,High,Normal,1,Medium
P0451,Lathe_M1,Busy,1,23,Yes,Night,Bearing_Steel_Chrome,48,14,28,Assembly_M4,Grinding_M2,11,1,1,2,Low,Normal,0,Medium
P0379,Grinding_M2,Overloaded,21,19,No,Morning,Bearing_Stainless,34,10,31,Assembly_M4,Assembly_M4,28,0,3,0,High,Normal,1,High
P0268,Assembly_M4,Idle,8,32,No,Night,Bearing_Stainless,25,18,35,Grinding_M2,Grinding_M2,12,0,0,2,Medium,Normal,0,Medium
P0328,Assembly_M4,Idle,9,41,Yes,Night,Bearing_Steel_Chrome,53,19,51,Grinding_M2,Assembly_M4,6,1,0,2,Medium,Warm,0,Low
P0074,Lathe_M1,Overloaded,6,10,Yes,Evening,Bearing_Stainless,64,13,57,Polishing_M3,Lathe_M1,14,1,3,,Medium,Warm,0,Medium
P0488,Grinding_M2,Busy,11,14,Yes,Morning,Bearing_Stainless,78,21,19,Grinding_M2,Grinding_M2,7,1,1,0,Medium,Hot,0,Low
P0096,Lathe_M1,Busy,8,14,No,Evening,Bearing_Steel_Chrome,34,17,43,Packaging_Line,Polishing_M3,28,0,1,,Medium,Normal,0,High
P0339,Assembly_M4,Busy,4,7,No,Evening,Bearing_Stainless,74,12,19,Assembly_M4,Grinding_M2,21,0,1,,Low,Hot,0,High
P0156,Assembly_M4,Maintenance,19,41,Yes,Night,Bearing_Stainless,80,13,8,Grinding_M2,Assembly_M4,15,1,2,2,High,Hot,1,Medium
P0164,Polishing_M3,Busy,8,43,No,Night,Bearing_Stainless,66,29,27,Packaging_Line,Lathe_M1,13,0,1,2,Medium,Warm,0,Medium
P0217,Polishing_M3,Maintenance,7,26,Yes,Evening,Bearing_Steel_Chrome,48,20,30,Packaging_Line,Lathe_M1,1,1,2,,Medium,Normal,0,Low
P0244,Polishing_M3,Busy,15,26,Yes,Morning,Ceramic_Hybrid,73,26,54,Grinding_M2,Assembly_M4,11,1,1,0,High,Hot,1,Medium
P0195,Polishing_M3,Idle,17,11,No,Morning,Bearing_Stainless,74,27,12,Assembly_M4,Assembly_M4,6,0,0,0,High,Hot,1,Low
P0111,Assembly_M4,Busy,6,27,Yes,Night,Bearing_Steel_Chrome,56,23,46,Grinding_M2,Assembly_M4,11,1,1,2,Medium,Warm,0,Medium
P0036,Grinding_M2,Maintenance,24,13,No,Night,Ceramic_Hybrid,55,8,13,Packaging_Line,Lathe_M1,13,0,2,2,High,Warm,1,Medium
P0130,Lathe_M1,Maintenance,2,39,Yes,Evening,Bearing_Stainless,57,22,35,Polishing_M3,Lathe_M1,20,1,2,,Low,Warm,0,High
P0149,Polishing_M3,Maintenance,1,36,Yes,Night,Bearing_Steel_Chrome,81,4,19,Grinding_M2,Grinding_M2,24,1,2,2,Low,Hot,0,High
P0247,Assembly_M4,Idle,5,25,Yes,Evening,Ceramic_Hybrid,57,21,23,Polishing_M3,Assembly_M4,1,1,0,,Medium,Warm,0,Low
P0023,Polishing_M3,Idle,20,38,Yes,Evening,Ceramic_Hybrid,39,15,23,Packaging_Line,Grinding_M2,11,1,0,,High,Normal,1,Medium
P0366,Assembly_M4,Busy,14,10,Yes,Morning,Bearing_Steel_Chrome,76,10,41,Polishing_M3,Lathe_M1,20,1,1,0,Medium,Hot,0,High
P0225,Assembly_M4,Overloaded,1,42,No,Morning,Ceramic_Hybrid,50,19,32,Assembly_M4,Lathe_M1,29,0,3,0,Low,Warm,0,High
P0215,Assembly_M4,Busy,22,13,No,Evening,Ceramic_Hybrid,56,28,57,Packaging_Line,Lathe_M1,24,0,1,,High,Warm,1,High
P0034,Lathe_M1,Overloaded,5,18,No,Evening,Bearing_Stainless,52,27,28,Polishing_M3,Grinding_M2,29,0,3,,Medium,Warm,0,High
P0062,Lathe_M1,Idle,12,16,Yes,Night,Bearing_Steel_Chrome,75,20,25,Polishing_M3,Assembly_M4,27,1,0,2,Medium,Hot,0,High
P0338,Polishing_M3,Overloaded,18,28,No,Morning,Ceramic_Hybrid,50,14,32,Polishing_M3,Assembly_M4,14,0,3,0,High,Warm,1,Medium
P0060,Lathe_M1,Idle,23,22,Yes,Morning,Bearing_Stainless,68,5,46,Polishing_M3,Assembly_M4,29,1,0,0,High,Warm,1,High
P0006,Polishing_M3,Busy,16,8,Yes,Morning,Ceramic_Hybrid,68,14,33,Assembly_M4,Lathe_M1,4,1,1,0,High,Warm,1,Low
P0156,Grinding_M2,Overloaded,9,29,Yes,Evening,Bearing_Steel_Chrome,55,4,51,Polishing_M3,Assembly_M4,2,1,3,,Medium,Warm,0,Low
P0245,Assembly_M4,Idle,24,29,Yes,Morning,Bearing_Stainless,73,7,30,Grinding_M2,Grinding_M2,8,1,0,0,High,Hot,1,Low
P0342,Grinding_M2,Idle,2,31,Yes,Evening,Ceramic_Hybrid,49,19,58,Grinding_M2,Grinding_M2,1,1,0,,Low,Normal,0,Low
P0127,Assembly_M4,Overloaded,15,43,Yes,Evening,Bearing_Stainless,27,24,8,Grinding_M2,Assembly_M4,9,1,3,,High,Normal,1,Low
P0022,Polishing_M3,Maintenance,4,19,Yes,Morning,Ceramic_Hybrid,32,7,54,Assembly_M4,Assembly_M4,19,1,2,0,Low,Normal,0,Medium
P0231,Grinding_M2,Idle,23,30,No,Night,Ceramic_Hybrid,63,11,42,Packaging_Line,Grinding_M2,14,0,0,2,High,Warm,1,Medium
P0124,Polishing_M3,Maintenance,16,23,Yes,Evening,Ceramic_Hybrid,54,6,59,Grinding_M2,Assembly_M4,7,1,2,,High,Warm,1,Low
P0034,Lathe_M1,Idle,18,35,Yes,Evening,Bearing_Stainless,76,27,43,Packaging_Line,Polishing_M3,24,1,0,,High,Hot,1,High
P0238,Polishing_M3,Overloaded,1,27,No,Evening,Bearing_Stainless,72,14,44,Packaging_Line,Assembly_M4,6,0,3,,Low,Hot,0,Low
P0388,Grinding_M2,Maintenance,5,40,No,Morning,Ceramic_Hybrid,51,12,9,Packaging_Line,Polishing_M3,25,0,2,0,Medium,Warm,0,High
P0273,Lathe_M1,Overloaded,16,11,No,Evening,Bearing_Stainless,51,16,19,Polishing_M3,Polishing_M3,14,0,3,,High,Warm,1,Medium
P0475,Polishing_M3,Idle,12,15,Yes,Evening,Bearing_Stainless,84,14,30,Polishing_M3,Polishing_M3,22,1,0,,Medium,Hot,0,High
P0266,Assembly_M4,Overloaded,23,33,No,Night,Bearing_Stainless,33,11,8,Polishing_M3,Grinding_M2,17,0,3,2,High,Normal,1,Medium
P0411,Polishing_M3,Idle,13,22,No,Night,Ceramic_Hybrid,67,17,37,Assembly_M4,Grinding_M2,29,0,0,2,Medium,Warm,0,High
P0409,Assembly_M4,Idle,6,14,Yes,Night,Ceramic_Hybrid,33,28,35,Assembly_M4,Grinding_M2,28,1,0,2,Medium,Normal,0,High
P0106,Polishing_M3,Idle,24,7,No,Evening,Bearing_Steel_Chrome,78,24,18,Packaging_Line,Assembly_M4,26,0,0,,High,Hot,1,High
P0368,Polishing_M3,Maintenance,24,19,No,Morning,Bearing_Stainless,26,25,18,Grinding_M2,Polishing_M3,16,0,2,0,High,Normal,1,Medium
P0064,Assembly_M4,Maintenance,6,40,Yes,Morning,Bearing_Steel_Chrome,74,25,31,Assembly_M4,Assembly_M4,5,1,2,0,Medium,Hot,0,Low
P0233,Polishing_M3,Maintenance,5,34,Yes,Evening,Bearing_Steel_Chrome,51,8,19,Packaging_Line,Assembly_M4,26,1,2,,Medium,Warm,0,High
P0305,Lathe_M1,Maintenance,0,8,No,Evening,Bearing_Stainless,53,26,5,Grinding_M2,Grinding_M2,11,0,2,,Low,Warm,0,Medium
P0093,Lathe_M1,Overloaded,17,26,Yes,Morning,Bearing_Steel_Chrome,35,11,21,Assembly_M4,Lathe_M1,4,1,3,0,High,Normal,1,Low
P0281,Polishing_M3,Idle,23,30,Yes,Night,Ceramic_Hybrid,72,22,17,Packaging_Line,Grinding_M2,9,1,0,2,High,Hot,1,Low
P0021,Lathe_M1,Busy,10,15,Yes,Evening,Ceramic_Hybrid,30,2,58,Assembly_M4,Polishing_M3,6,1,1,,Medium,Normal,0,Low
P0221,Grinding_M2,Idle,12,26,Yes,Night,Ceramic_Hybrid,80,23,41,Assembly_M4,Polishing_M3,15,1,0,2,Medium,Hot,0,Medium
P0431,Grinding_M2,Idle,17,18,Yes,Night,Ceramic_Hybrid,71,27,9,Assembly_M4,Grinding_M2,26,1,0,2,High,Hot,1,High
P0088,Assembly_M4,Idle,3,36,Yes,Morning,Bearing_Steel_Chrome,58,8,46,Assembly_M4,Assembly_M4,16,1,0,0,Low,Warm,0,Medium
P0064,Lathe_M1,Idle,9,21,No,Morning,Bearing_Steel_Chrome,54,22,17,Packaging_Line,Grinding_M2,1,0,0,0,Medium,Warm,0,Low
P0457,Grinding_M2,Idle,0,37,No,Morning,Bearing_Steel_Chrome,62,26,30,Polishing_M3,Polishing_M3,13,0,0,0,Low,Warm,0,Medium
P0223,Assembly_M4,Maintenance,0,41,Yes,Morning,Bearing_Steel_Chrome,65,26,53,Grinding_M2,Assembly_M4,16,1,2,0,Low,Warm,0,Medium
P0365,Assembly_M4,Maintenance,7,5,Yes,Night,Bearing_Stainless,36,6,28,Packaging_Line,Lathe_M1,6,1,2,2,Medium,Normal,0,Low
P0278,Polishing_M3,Idle,24,5,No,Evening,Ceramic_Hybrid,49,2,36,Assembly_M4,Polishing_M3,10,0,0,,High,Normal,1,Medium
P0011,Assembly_M4,Maintenance,9,7,No,Night,Bearing_Steel_Chrome,73,20,47,Assembly_M4,Grinding_M2,29,0,2,2,Medium,Hot,0,High
P0361,Lathe_M1,Maintenance,17,6,Yes,Evening,Bearing_Steel_Chrome,33,25,21,Polishing_M3,Polishing_M3,28,1,2,,High,Normal,1,High
P0181,Assembly_M4,Overloaded,13,40,Yes,Night,Bearing_Stainless,41,18,16,Polishing_M3,Assembly_M4,28,1,3,2,Medium,Normal,0,High
P0308,Assembly_M4,Busy,19,7,Yes,Night,Ceramic_Hybrid,67,26,54,Grinding_M2,Assembly_M4,4,1,1,2,High,Warm,1,Low
P0366,Lathe_M1,Maintenance,16,41,No,Evening,Bearing_Stainless,70,11,19,Grinding_M2,Assembly_M4,1,0,2,,High,Hot,1,Low
P0224,Assembly_M4,Maintenance,15,15,Yes,Evening,Bearing_Stainless,79,21,42,Assembly_M4,Grinding_M2,24,1,2,,High,Hot,1,High
P0138,Polishing_M3,Overloaded,21,20,No,Morning,Bearing_Steel_Chrome,54,3,5,Polishing_M3,Grinding_M2,24,0,3,0,High,Warm,1,High
P0434,Lathe_M1,Maintenance,23,13,No,Morning,Bearing_Steel_Chrome,46,13,21,Grinding_M2,Grinding_M2,25,0,2,0,High,Normal,1,High
P0048,Lathe_M1,Overloaded,14,34,Yes,Night,Bearing_Stainless,75,28,26,Packaging_Line,Grinding_M2,10,1,3,2,Medium,Hot,0,Medium
P0151,Grinding_M2,Maintenance,11,35,No,Morning,Bearing_Steel_Chrome,56,10,49,Packaging_Line,Polishing_M3,3,0,2,0,Medium,Warm,0,Low
P0086,Lathe_M1,Idle,20,25,Yes,Night,Bearing_Steel_Chrome,34,17,11,Polishing_M3,Polishing_M3,4,1,0,2,High,Normal,1,Low
P0281,Assembly_M4,Maintenance,19,29,Yes,Morning,Bearing_Steel_Chrome,55,12,52,Polishing_M3,Lathe_M1,20,1,2,0,High,Warm,1,High
P0035,Lathe_M1,Overloaded,3,21,Yes,Night,Bearing_Steel_Chrome,69,12,34,Packaging_Line,Polishing_M3,3,1,3,2,Low,Warm,0,Low
P0371,Grinding_M2,Idle,8,42,Yes,Morning,Bearing_Steel_Chrome,46,22,47,Assembly_M4,Grinding_M2,16,1,0,0,Medium,Normal,0,Medium
P0393,Polishing_M3,Busy,18,31,Yes,Evening,Bearing_Steel_Chrome,61,15,53,Polishing_M3,Lathe_M1,3,1,1,,High,Warm,1,Low
P0241,Grinding_M2,Idle,3,20,Yes,Night,Bearing_Stainless,40,22,30,Assembly_M4,Assembly_M4,25,1,0,2,Low,Normal,0,High
P0126,Assembly_M4,Idle,3,23,Yes,Night,Bearing_Steel_Chrome,82,18,49,Polishing_M3,Lathe_M1,26,1,0,2,Low,Hot,0,High
P0035,Assembly_M4,Idle,21,32,Yes,Evening,Bearing_Stainless,25,13,40,Packaging_Line,Assembly_M4,11,1,0,,High,Normal,1,Medium
P0282,Assembly_M4,Maintenance,4,6,No,Night,Ceramic_Hybrid,41,9,42,Packaging_Line,Polishing_M3,21,0,2,2,Low,Normal,0,High
P0269,Assembly_M4,Idle,8,17,No,Morning,Bearing_Steel_Chrome,35,17,20,Polishing_M3,Lathe_M1,27,0,0,0,Medium,Normal,0,High
P0308,Polishing_M3,Overloaded,1,12,Yes,Night,Bearing_Stainless,67,11,17,Packaging_Line,Assembly_M4,25,1,3,2,Low,Warm,0,High
P0154,Polishing_M3,Busy,16,43,No,Evening,Bearing_Steel_Chrome,48,4,34,Grinding_M2,Grinding_M2,20,0,1,,High,Normal,1,High
P0223,Grinding_M2,Maintenance,12,23,Yes,Night,Bearing_Stainless,31,10,23,Packaging_Line,Grinding_M2,13,1,2,2,Medium,Normal,0,Medium
P0073,Lathe_M1,Idle,21,44,No,Evening,Bearing_Stainless,46,19,27,Packaging_Line,Assembly_M4,2,0,0,,High,Normal,1,Low
P0365,Assembly_M4,Overloaded,17,15,Yes,Evening,Bearing_Steel_Chrome,55,2,18,Packaging_Line,Lathe_M1,16,1,3,,High,Warm,1,Medium
P0126,Grinding_M2,Busy,10,37,No,Evening,Bearing_Steel_Chrome,31,17,50,Assembly_M4,Assembly_M4,15,0,1,,Medium,Normal,0,Medium
P0466,Assembly_M4,Maintenance,13,32,Yes,Night,Bearing_Stainless,77,12,20,Assembly_M4,Assembly_M4,19,1,2,2,Medium,Hot,0,Medium
P0021,Assembly_M4,Busy,16,30,No,Evening,Bearing_Steel_Chrome,30,12,53,Assembly_M4,Grinding_M2,9,0,1,,High,Normal,1,Low
P0006,Lathe_M1,Idle,17,21,No,Morning,Bearing_Steel_Chrome,55,13,27,Polishing_M3,Polishing_M3,22,0,0,0,High,Warm,1,High
P0013,Assembly_M4,Maintenance,21,9,No,Night,Bearing_Stainless,67,5,40,Assembly_M4,Polishing_M3,3,0,2,2,High,Warm,1,Low
P0146,Polishing_M3,Busy,23,21,Yes,Evening,Bearing_Stainless,63,27,8,Packaging_Line,Lathe_M1,23,1,1,,High,Warm,1,High
P0342,Lathe_M1,Idle,12,16,No,Evening,Ceramic_Hybrid,25,22,23,Packaging_Line,Polishing_M3,21,0,0,,Medium,Normal,0,High
P0074,Grinding_M2,Idle,19,22,Yes,Night,Bearing_Stainless,67,21,7,Assembly_M4,Assembly_M4,29,1,0,2,High,Warm,1,High
P0113,Lathe_M1,Busy,16,36,No,Morning,Bearing_Steel_Chrome,34,9,19,Polishing_M3,Assembly_M4,5,0,1,0,High,Normal,1,Low
P0292,Grinding_M2,Maintenance,3,32,Yes,Evening,Ceramic_Hybrid,77,21,55,Assembly_M4,Grinding_M2,21,1,2,,Low,Hot,0,High
P0001,Lathe_M1,Idle,3,19,Yes,Evening,Ceramic_Hybrid,41,13,7,Packaging_Line,Lathe_M1,10,1,0,,Low,Normal,0,Medium
P0113,Assembly_M4,Idle,14,27,No,Morning,Bearing_Steel_Chrome,42,2,39,Packaging_Line,Polishing_M3,21,0,0,0,Medium,Normal,0,High
P0316,Polishing_M3,Maintenance,11,5,No,Night,Ceramic_Hybrid,27,4,41,Assembly_M4,Polishing_M3,19,0,2,2,Medium,Normal,0,Medium
P0270,Grinding_M2,Overloaded,24,37,Yes,Morning,Bearing_Steel_Chrome,60,27,30,Packaging_Line,Assembly_M4,4,1,3,0,High,Warm,1,Low
P0140,Polishing_M3,Overloaded,16,18,No,Night,Bearing_Stainless,74,28,37,Grinding_M2,Polishing_M3,22,0,3,2,High,Hot,1,High
P0411,Polishing_M3,Busy,15,7,Yes,Night,Bearing_Steel_Chrome,47,22,45,Polishing_M3,Grinding_M2,23,1,1,2,High,Normal,1,High
P0238,Grinding_M2,Busy,3,25,No,Evening,Ceramic_Hybrid,61,12,35,Packaging_Line,Assembly_M4,21,0,1,,Low,Warm,0,High
P0291,Polishing_M3,Overloaded,8,39,Yes,Morning,Bearing_Steel_Chrome,62,25,15,Packaging_Line,Lathe_M1,9,1,3,0,Medium,Warm,0,Low
P0397,Polishing_M3,Busy,14,7,No,Evening,Bearing_Stainless,25,21,58,Polishing_M3,Assembly_M4,19,0,1,,Medium,Normal,0,Medium
P0243,Lathe_M1,Overloaded,13,26,No,Morning,Bearing_Stainless,38,18,18,Polishing_M3,Assembly_M4,12,0,3,0,Medium,Normal,0,Medium
P0451,Assembly_M4,Maintenance,15,37,Yes,Evening,Bearing_Stainless,37,7,53,Polishing_M3,Polishing_M3,12,1,2,,High,Normal,1,Medium
P0125,Grinding_M2,Overloaded,22,42,Yes,Night,Bearing_Stainless,63,2,37,Packaging_Line,Lathe_M1,29,1,3,2,High,Warm,1,High
P0052,Lathe_M1,Busy,4,10,Yes,Morning,Ceramic_Hybrid,55,17,35,Packaging_Line,Assembly_M4,25,1,1,0,Low,Warm,0,High
P0460,Lathe_M1,Idle,15,37,Yes,Morning,Bearing_Stainless,37,21,14,Polishing_M3,Lathe_M1,24,1,0,0,High,Normal,1,High
P0069,Polishing_M3,Overloaded,9,35,No,Night,Ceramic_Hybrid,37,4,54,Grinding_M2,Lathe_M1,20,0,3,2,Medium,Normal,0,High
P0085,Polishing_M3,Overloaded,1,32,Yes,Morning,Ceramic_Hybrid,43,24,49,Grinding_M2,Lathe_M1,13,1,3,0,Low,Normal,0,Medium
P0315,Lathe_M1,Idle,0,38,Yes,Evening,Bearing_Stainless,57,25,9,Grinding_M2,Polishing_M3,24,1,0,,Low,Warm,0,High
P0304,Polishing_M3,Busy,2,11,No,Morning,Bearing_Steel_Chrome,48,23,49,Packaging_Line,Polishing_M3,29,0,1,0,Low,Normal,0,High
P0081,Lathe_M1,Maintenance,22,34,Yes,Night,Bearing_Stainless,84,19,36,Grinding_M2,Assembly_M4,24,1,2,2,High,Hot,1,High
P0437,Polishing_M3,Idle,20,11,No,Evening,Bearing_Stainless,57,6,53,Assembly_M4,Polishing_M3,28,0,0,,High,Warm,1,High
P0335,Assembly_M4,Maintenance,7,19,Yes,Evening,Ceramic_Hybrid,76,5,38,Assembly_M4,Grinding_M2,5,1,2,,Medium,Hot,0,Low
P0124,Assembly_M4,Idle,0,9,Yes,Morning,Bearing_Steel_Chrome,62,3,30,Grinding_M2,Lathe_M1,1,1,0,0,Low,Warm,0,Low
P0076,Lathe_M1,Maintenance,3,43,Yes,Morning,Ceramic_Hybrid,78,27,37,Grinding_M2,Polishing_M3,1,1,2,0,Low,Hot,0,Low
P0395,Polishing_M3,Overloaded,7,24,Yes,Night,Bearing_Stainless,40,22,49,Packaging_Line,Assembly_M4,23,1,3,2,Medium,Normal,0,High
P0063,Polishing_M3,Idle,23,30,No,Night,Bearing_Steel_Chrome,47,19,35,Assembly_M4,Grinding_M2,20,0,0,2,High,Normal,1,High
P0201,Grinding_M2,Overloaded,9,16,Yes,Morning,Bearing_Steel_Chrome,25,11,13,Assembly_M4,Assembly_M4,3,1,3,0,Medium,Normal,0,Low
P0096,Assembly_M4,Maintenance,18,30,No,Night,Bearing_Stainless,33,11,55,Packaging_Line,Grinding_M2,16,0,2,2,High,Normal,1,Medium
P0418,Polishing_M3,Maintenance,23,18,No,Night,Ceramic_Hybrid,27,3,37,Polishing_M3,Lathe_M1,18,0,2,2,High,Normal,1,Medium
P0446,Grinding_M2,Overloaded,23,13,No,Morning,Bearing_Stainless,37,3,11,Assembly_M4,Grinding_M2,16,0,3,0,High,Normal,1,Medium
P0022,Grinding_M2,Idle,20,23,No,Evening,Bearing_Steel_Chrome,49,16,26,Polishing_M3,Assembly_M4,11,0,0,,High,Normal,1,Medium
P0020,Lathe_M1,Overloaded,0,36,No,Night,Bearing_Stainless,45,8,24,Assembly_M4,Lathe_M1,8,0,3,2,Low,Normal,0,Low
P0054,Assembly_M4,Idle,9,41,Yes,Morning,Bearing_Stainless,33,26,29,Assembly_M4,Assembly_M4,1,1,0,0,Medium,Normal,0,Low
P0456,Grinding_M2,Maintenance,1,23,Yes,Evening,Ceramic_Hybrid,70,21,46,Assembly_M4,Assembly_M4,9,1,2,,Low,Hot,0,Low
P0023,Polishing_M3,Overloaded,9,33,Yes,Evening,Ceramic_Hybrid,30,18,29,Grinding_M2,Assembly_M4,6,1,3,,Medium,Normal,0,Low
P0425,Assembly_M4,Maintenance,3,34,Yes,Evening,Ceramic_Hybrid,44,4,27,Polishing_M3,Assembly_M4,19,1,2,,Low,Normal,0,Medium
P0136,Polishing_M3,Busy,17,30,Yes,Night,Ceramic_Hybrid,80,5,12,Assembly_M4,Assembly_M4,17,1,1,2,High,Hot,1,Medium
P0136,Lathe_M1,Idle,4,37,Yes,Morning,Bearing_Stainless,51,14,8,Polishing_M3,Assembly_M4,22,1,0,0,Low,Warm,0,High
P0002,Assembly_M4,Busy,23,39,Yes,Evening,Ceramic_Hybrid,61,8,37,Packaging_Line,Lathe_M1,23,1,1,,High,Warm,1,High
P0257,Polishing_M3,Busy,11,15,No,Night,Bearing_Steel_Chrome,48,9,36,Assembly_M4,Lathe_M1,25,0,1,2,Medium,Normal,0,High
P0438,Grinding_M2,Maintenance,5,26,No,Morning,Ceramic_Hybrid,58,20,56,Polishing_M3,Lathe_M1,20,0,2,0,Medium,Warm,0,High
P0351,Assembly_M4,Busy,23,18,No,Night,Bearing_Steel_Chrome,57,11,20,Packaging_Line,Lathe_M1,4,0,1,2,High,Warm,1,Low
P0051,Grinding_M2,Overloaded,10,20,Yes,Night,Bearing_Stainless,83,21,37,Assembly_M4,Assembly_M4,16,1,3,2,Medium,Hot,0,Medium
P0083,Assembly_M4,Idle,18,25,Yes,Evening,Bearing_Steel_Chrome,46,10,13,Assembly_M4,Polishing_M3,9,1,0,,High,Normal,1,Low
P0278,Lathe_M1,Busy,16,12,Yes,Morning,Bearing_Steel_Chrome,40,19,37,Polishing_M3,Lathe_M1,1,1,1,0,High,Normal,1,Low
P0399,Polishing_M3,Idle,11,10,Yes,Evening,Bearing_Stainless,65,24,9,Grinding_M2,Assembly_M4,27,1,0,,Medium,Warm,0,High
P0262,Lathe_M1,Maintenance,15,22,No,Morning,Bearing_Stainless,73,19,5,Grinding_M2,Polishing_M3,19,0,2,0,High,Hot,1,Medium
P0091,Assembly_M4,Idle,21,12,No,Night,Bearing_Steel_Chrome,27,27,29,Grinding_M2,Lathe_M1,26,0,0,2,High,Normal,1,High
P0084,Grinding_M2,Overloaded,4,44,Yes,Night,Ceramic_Hybrid,43,19,54,Polishing_M3,Assembly_M4,21,1,3,2,Low,Normal,0,High
P0474,Polishing_M3,Busy,0,22,No,Evening,Bearing_Stainless,81,8,20,Grinding_M2,Assembly_M4,16,0,1,,Low,Hot,0,Medium
P0109,Grinding_M2,Idle,14,42,No,Night,Ceramic_Hybrid,65,8,18,Grinding_M2,Grinding_M2,11,0,0,2,Medium,Warm,0,Medium
P0428,Assembly_M4,Maintenance,20,29,No,Evening,Ceramic_Hybrid,56,7,26,Assembly_M4,Grinding_M2,27,0,2,,High,Warm,1,High
P0461,Lathe_M1,Busy,15,33,No,Morning,Bearing_Steel_Chrome,40,13,21,Assembly_M4,Lathe_M1,5,0,1,0,High,Normal,1,Low
P0341,Polishing_M3,Overloaded,24,17,No,Night,Bearing_Steel_Chrome,32,25,9,Assembly_M4,Assembly_M4,12,0,3,2,High,Normal,1,Medium
P0044,Grinding_M2,Busy,8,7,Yes,Night,Bearing_Steel_Chrome,59,2,26,Packaging_Line,Assembly_M4,18,1,1,2,Medium,Warm,0,Medium
P0284,Polishing_M3,Busy,23,13,Yes,Night,Bearing_Stainless,65,19,54,Polishing_M3,Polishing_M3,29,1,1,2,High,Warm,1,High
P0275,Assembly_M4,Overloaded,6,31,Yes,Morning,Bearing_Steel_Chrome,60,14,21,Assembly_M4,Grinding_M2,24,1,3,0,Medium,Warm,0,High
P0357,Polishing_M3,Maintenance,1,7,Yes,Evening,Bearing_Stainless,29,15,7,Packaging_Line,Lathe_M1,23,1,2,,Low,Normal,0,High
P0500,Polishing_M3,Busy,6,34,No,Evening,Ceramic_Hybrid,74,14,27,Assembly_M4,Assembly_M4,27,0,1,,Medium,Hot,0,High
P0012,Lathe_M1,Overloaded,21,14,No,Morning,Ceramic_Hybrid,49,14,20,Grinding_M2,Grinding_M2,9,0,3,0,High,Normal,1,Low
P0477,Lathe_M1,Overloaded,1,41,Yes,Morning,Bearing_Stainless,46,18,27,Assembly_M4,Polishing_M3,22,1,3,0,Low,Normal,0,High
P0455,Lathe_M1,Idle,3,13,Yes,Night,Bearing_Steel_Chrome,76,3,36,Polishing_M3,Lathe_M1,24,1,0,2,Low,Hot,0,High
P0142,Polishing_M3,Busy,17,26,No,Night,Ceramic_Hybrid,67,14,12,Assembly_M4,Lathe_M1,27,0,1,2,High,Warm,1,High
P0459,Assembly_M4,Busy,0,21,No,Evening,Bearing_Steel_Chrome,36,5,57,Assembly_M4,Polishing_M3,13,0,1,,Low,Normal,0,Medium
P0380,Lathe_M1,Idle,8,11,Yes,Morning,Ceramic_Hybrid,47,25,9,Grinding_M2,Lathe_M1,5,1,0,0,Medium,Normal,0,Low
P0457,Assembly_M4,Busy,16,34,No,Evening,Bearing_Stainless,33,7,29,Grinding_M2,Polishing_M3,19,0,1,,High,Normal,1,Medium
P0082,Grinding_M2,Busy,15,25,No,Morning,Bearing_Steel_Chrome,26,11,20,Grinding_M2,Lathe_M1,5,0,1,0,High,Normal,1,Low
P0241,Grinding_M2,Idle,14,17,Yes,Night,Ceramic_Hybrid,37,14,51,Polishing_M3,Assembly_M4,14,1,0,2,Medium,Normal,0,Medium
P0003,Polishing_M3,Idle,7,22,No,Night,Bearing_Steel_Chrome,80,5,30,Grinding_M2,Assembly_M4,10,0,0,2,Medium,Hot,0,Medium
P0109,Assembly_M4,Idle,0,33,No,Evening,Bearing_Steel_Chrome,29,14,5,Packaging_Line,Assembly_M4,23,0,0,,Low,Normal,0,High
P0467,Polishing_M3,Overloaded,7,7,Yes,Night,Bearing_Steel_Chrome,27,8,40,Packaging_Line,Polishing_M3,3,1,3,2,Medium,Normal,0,Low
P0332,Assembly_M4,Busy,14,44,Yes,Evening,Ceramic_Hybrid,27,8,22,Polishing_M3,Polishing_M3,11,1,1,,Medium,Normal,0,Medium
P0354,Grinding_M2,Idle,10,42,Yes,Night,Bearing_Steel_Chrome,64,2,33,Polishing_M3,Lathe_M1,10,1,0,2,Medium,Warm,0,Medium
P0119,Grinding_M2,Busy,24,35,Yes,Night,Bearing_Stainless,43,4,40,Polishing_M3,Grinding_M2,11,1,1,2,High,Normal,1,Medium
P0142,Lathe_M1,Busy,14,37,Yes,Night,Bearing_Steel_Chrome,65,12,55,Grinding_M2,Assembly_M4,13,1,1,2,Medium,Warm,0,Medium
P0055,Polishing_M3,Idle,15,40,No,Morning,Bearing_Steel_Chrome,57,21,17,Grinding_M2,Polishing_M3,1,0,0,0,High,Warm,1,Low
P0167,Assembly_M4,Maintenance,4,41,No,Evening,Ceramic_Hybrid,38,28,27,Polishing_M3,Grinding_M2,14,0,2,,Low,Normal,0,Medium
P0106,Assembly_M4,Overloaded,7,8,Yes,Night,Ceramic_Hybrid,63,21,23,Polishing_M3,Assembly_M4,15,1,3,2,Medium,Warm,0,Medium
P0251,Polishing_M3,Maintenance,21,8,Yes,Evening,Bearing_Steel_Chrome,54,20,35,Packaging_Line,Assembly_M4,9,1,2,,High,Warm,1,Low
P0082,Lathe_M1,Busy,20,17,No,Night,Bearing_Stainless,38,24,50,Polishing_M3,Assembly_M4,22,0,1,2,High,Normal,1,High
P0057,Polishing_M3,Idle,9,35,No,Evening,Bearing_Steel_Chrome,61,24,31,Packaging_Line,Lathe_M1,6,0,0,,Medium,Warm,0,Low
P0243,Lathe_M1,Maintenance,1,17,No,Evening,Ceramic_Hybrid,75,19,23,Polishing_M3,Assembly_M4,1,0,2,,Low,Hot,0,Low
P0103,Polishing_M3,Maintenance,7,36,No,Evening,Bearing_Steel_Chrome,46,17,33,Packaging_Line,Grinding_M2,2,0,2,,Medium,Normal,0,Low
P0225,Grinding_M2,Busy,7,42,Yes,Night,Bearing_Stainless,72,24,15,Packaging_Line,Grinding_M2,17,1,1,2,Medium,Hot,0,Medium
P0486,Grinding_M2,Busy,22,12,No,Night,Bearing_Stainless,46,5,15,Assembly_M4,Lathe_M1,8,0,1,2,High,Normal,1,Low
P0140,Polishing_M3,Maintenance,8,30,Yes,Morning,Ceramic_Hybrid,26,17,35,Grinding_M2,Grinding_M2,6,1,2,0,Medium,Normal,0,Low
P0461,Polishing_M3,Overloaded,20,25,Yes,Night,Ceramic_Hybrid,50,28,23,Polishing_M3,Assembly_M4,28,1,3,2,High,Warm,1,High
P0271,Lathe_M1,Idle,7,18,Yes,Evening,Ceramic_Hybrid,48,17,48,Packaging_Line,Polishing_M3,5,1,0,,Medium,Normal,0,Low
P0001,Assembly_M4,Idle,23,30,Yes,Morning,Ceramic_Hybrid,55,25,55,Assembly_M4,Assembly_M4,18,1,0,0,High,Warm,1,Medium
P0129,Polishing_M3,Idle,8,6,No,Night,Ceramic_Hybrid,49,21,48,Assembly_M4,Lathe_M1,29,0,0,2,Medium,Normal,0,High
P0195,Assembly_M4,Idle,1,5,Yes,Evening,Bearing_Steel_Chrome,60,26,16,Assembly_M4,Polishing_M3,9,1,0,,Low,Warm,0,Low
P0242,Grinding_M2,Overloaded,3,32,No,Morning,Bearing_Stainless,62,2,46,Grinding_M2,Lathe_M1,29,0,3,0,Low,Warm,0,High
P0053,Grinding_M2,Idle,13,26,No,Morning,Bearing_Steel_Chrome,49,19,10,Packaging_Line,Assembly_M4,18,0,0,0,Medium,Normal,0,Medium
P0274,Lathe_M1,Busy,19,20,No,Night,Bearing_Steel_Chrome,39,17,12,Polishing_M3,Grinding_M2,13,0,1,2,High,Normal,1,Medium
P0112,Polishing_M3,Busy,22,11,Yes,Evening,Bearing_Steel_Chrome,41,19,36,Packaging_Line,Lathe_M1,22,1,1,,High,Normal,1,High
P0144,Assembly_M4,Idle,22,17,Yes,Evening,Bearing_Steel_Chrome,71,24,58,Grinding_M2,Lathe_M1,29,1,0,,High,Hot,1,High
P0413,Polishing_M3,Idle,21,5,Yes,Evening,Ceramic_Hybrid,53,17,9,Assembly_M4,Grinding_M2,26,1,0,,High,Warm,1,High
P0337,Lathe_M1,Maintenance,2,14,Yes,Evening,Bearing_Stainless,43,6,11,Grinding_M2,Lathe_M1,14,1,2,,Low,Normal,0,Medium
P0258,Grinding_M2,Overloaded,2,17,Yes,Evening,Ceramic_Hybrid,34,3,10,Assembly_M4,Polishing_M3,8,1,3,,Low,Normal,0,Low
P0386,Assembly_M4,Idle,3,29,Yes,Night,Bearing_Steel_Chrome,68,29,51,Grinding_M2,Polishing_M3,8,1,0,2,Low,Warm,0,Low
P0099,Grinding_M2,Idle,6,27,Yes,Night,Bearing_Steel_Chrome,43,15,26,Polishing_M3,Grinding_M2,13,1,0,2,Medium,Normal,0,Medium
P0424,Grinding_M2,Idle,20,5,Yes,Evening,Bearing_Stainless,83,20,37,Grinding_M2,Assembly_M4,4,1,0,,High,Hot,1,Low
P0116,Grinding_M2,Busy,9,7,Yes,Night,Ceramic_Hybrid,51,21,45,Polishing_M3,Polishing_M3,3,1,1,2,Medium,Warm,0,Low
P0322,Polishing_M3,Maintenance,5,10,Yes,Night,Bearing_Steel_Chrome,79,26,48,Polishing_M3,Assembly_M4,23,1,2,2,Medium,Hot,0,High
P0194,Lathe_M1,Idle,0,20,No,Morning,Ceramic_Hybrid,48,6,45,Polishing_M3,Assembly_M4,10,0,0,0,Low,Normal,0,Medium
P0056,Lathe_M1,Idle,12,16,Yes,Morning,Bearing_Steel_Chrome,29,6,35,Packaging_Line,Lathe_M1,28,1,0,0,Medium,Normal,0,High
P0223,Grinding_M2,Idle,17,31,No,Night,Ceramic_Hybrid,59,27,43,Assembly_M4,Assembly_M4,17,0,0,2,High,Warm,1,Medium
P0081,Grinding_M2,Maintenance,18,22,No,Morning,Ceramic_Hybrid,57,26,35,Packaging_Line,Polishing_M3,5,0,2,0,High,Warm,1,Low
P0162,Polishing_M3,Idle,1,37,Yes,Morning,Bearing_Stainless,63,12,47,Assembly_M4,Assembly_M4,18,1,0,0,Low,Warm,0,Medium
P0396,Assembly_M4,Busy,16,38,Yes,Night,Bearing_Steel_Chrome,63,8,46,Grinding_M2,Grinding_M2,22,1,1,2,High,Warm,1,High
P0378,Lathe_M1,Maintenance,20,39,No,Night,Ceramic_Hybrid,54,13,39,Polishing_M3,Lathe_M1,11,0,2,2,High,Warm,1,Medium
P0266,Grinding_M2,Idle,11,8,Yes,Morning,Bearing_Steel_Chrome,49,17,36,Grinding_M2,Grinding_M2,20,1,0,0,Medium,Normal,0,High
P0276,Lathe_M1,Overloaded,17,35,Yes,Evening,Bearing_Stainless,28,23,42,Assembly_M4,Grinding_M2,21,1,3,,High,Normal,1,High
P0424,Grinding_M2,Busy,14,5,No,Evening,Bearing_Steel_Chrome,27,6,26,Polishing_M3,Grinding_M2,17,0,1,,Medium,Normal,0,Medium
P0358,Lathe_M1,Idle,13,39,No,Morning,Bearing_Stainless,82,14,39,Grinding_M2,Polishing_M3,11,0,0,0,Medium,Hot,0,Medium
P0236,Grinding_M2,Overloaded,1,17,No,Morning,Bearing_Steel_Chrome,75,23,20,Grinding_M2,Lathe_M1,18,0,3,0,Low,Hot,0,Medium
P0397,Lathe_M1,Busy,6,40,Yes,Evening,Bearing_Steel_Chrome,65,11,45,Grinding_M2,Lathe_M1,7,1,1,,Medium,Warm,0,Low
P0353,Grinding_M2,Maintenance,14,44,Yes,Evening,Ceramic_Hybrid,43,12,41,Assembly_M4,Lathe_M1,2,1,2,,Medium,Normal,0,Low
P0404,Lathe_M1,Idle,9,17,No,Evening,Bearing_Stainless,64,10,47,Grinding_M2,Polishing_M3,11,0,0,,Medium,Warm,0,Medium
P0386,Polishing_M3,Overloaded,22,35,Yes,Morning,Ceramic_Hybrid,40,11,48,Polishing_M3,Assembly_M4,25,1,3,0,High,Normal,1,High
P0148,Assembly_M4,Busy,5,32,Yes,Morning,Bearing_Stainless,56,13,14,Grinding_M2,Polishing_M3,18,1,1,0,Medium,Warm,0,Medium
P0195,Assembly_M4,Busy,17,8,No,Evening,Bearing_Steel_Chrome,33,8,54,Grinding_M2,Lathe_M1,8,0,1,,High,Normal,1,Low
P0002,Polishing_M3,Idle,10,11,No,Evening,Ceramic_Hybrid,65,9,7,Assembly_M4,Lathe_M1,17,0,0,,Medium,Warm,0,Medium
P0186,Polishing_M3,Idle,1,19,No,Evening,Ceramic_Hybrid,70,19,52,Grinding_M2,Grinding_M2,20,0,0,,Low,Hot,0,High
P0212,Grinding_M2,Overloaded,21,8,Yes,Evening,Bearing_Stainless,81,21,10,Grinding_M2,Polishing_M3,6,1,3,,High,Hot,1,Low
P0159,Grinding_M2,Maintenance,10,30,Yes,Night,Ceramic_Hybrid,41,25,32,Grinding_M2,Assembly_M4,3,1,2,2,Medium,Normal,0,Low
P0028,Assembly_M4,Idle,12,39,Yes,Evening,Ceramic_Hybrid,40,16,47,Packaging_Line,Polishing_M3,18,1,0,,Medium,Normal,0,Medium
P0403,Lathe_M1,Idle,14,41,Yes,Morning,Bearing_Steel_Chrome,72,17,53,Assembly_M4,Lathe_M1,9,1,0,0,Medium,Hot,0,Low
P0476,Lathe_M1,Maintenance,22,39,No,Night,Bearing_Steel_Chrome,76,14,58,Grinding_M2,Polishing_M3,3,0,2,2,High,Hot,1,Low
P0321,Polishing_M3,Idle,6,42,No,Evening,Bearing_Steel_Chrome,33,13,19,Polishing_M3,Assembly_M4,21,0,0,,Medium,Normal,0,High
P0368,Grinding_M2,Busy,19,39,No,Evening,Bearing_Steel_Chrome,66,2,55,Polishing_M3,Lathe_M1,19,0,1,,High,Warm,1,Medium
P0073,Assembly_M4,Overloaded,22,27,Yes,Night,Ceramic_Hybrid,37,13,5,Assembly_M4,Assembly_M4,19,1,3,2,High,Normal,1,Medium
P0153,Grinding_M2,Busy,23,20,Yes,Evening,Ceramic_Hybrid,49,24,27,Polishing_M3,Polishing_M3,28,1,1,,High,Normal,1,High
P0370,Assembly_M4,Idle,14,20,Yes,Evening,Bearing_Stainless,67,25,42,Grinding_M2,Assembly_M4,11,1,0,,Medium,Warm,0,Medium
P0448,Lathe_M1,Maintenance,2,19,No,Night,Bearing_Stainless,25,8,5,Polishing_M3,Polishing_M3,17,0,2,2,Low,Normal,0,Medium
P0485,Polishing_M3,Overloaded,8,33,Yes,Morning,Bearing_Stainless,50,24,49,Polishing_M3,Polishing_M3,11,1,3,0,Medium,Warm,0,Medium
P0175,Grinding_M2,Overloaded,19,42,Yes,Night,Bearing_Steel_Chrome,57,8,16,Grinding_M2,Assembly_M4,22,1,3,2,High,Warm,1,High
P0194,Polishing_M3,Maintenance,19,21,No,Evening,Ceramic_Hybrid,60,4,5,Grinding_M2,Grinding_M2,18,0,2,,High,Warm,1,Medium
P0375,Lathe_M1,Overloaded,20,44,Yes,Night,Ceramic_Hybrid,57,21,18,Polishing_M3,Polishing_M3,4,1,3,2,High,Warm,1,Low
P0170,Grinding_M2,Maintenance,4,27,Yes,Night,Ceramic_Hybrid,69,29,19,Assembly_M4,Lathe_M1,6,1,2,2,Low,Warm,0,Low
P0149,Lathe_M1,Overloaded,0,23,Yes,Morning,Bearing_Steel_Chrome,37,7,19,Polishing_M3,Polishing_M3,16,1,3,0,Low,Normal,0,Medium
P0100,Polishing_M3,Overloaded,23,27,Yes,Evening,Ceramic_Hybrid,72,11,58,Polishing_M3,Grinding_M2,9,1,3,,High,Hot,1,Low
P0413,Lathe_M1,Busy,8,21,Yes,Night,Ceramic_Hybrid,73,25,48,Packaging_Line,Assembly_M4,13,1,1,2,Medium,Hot,0,Medium
P0370,Lathe_M1,Busy,11,14,Yes,Morning,Ceramic_Hybrid,79,20,33,Grinding_M2,Grinding_M2,2,1,1,0,Medium,Hot,0,Low
P0253,Grinding_M2,Idle,3,23,No,Night,Bearing_Stainless,31,27,19,Polishing_M3,Lathe_M1,15,0,0,2,Low,Normal,0,Medium
P0452,Assembly_M4,Busy,23,42,Yes,Morning,Ceramic_Hybrid,27,7,20,Packaging_Line,Polishing_M3,2,1,1,0,High,Normal,1,Low
P0200,Lathe_M1,Maintenance,6,34,No,Night,Ceramic_Hybrid,67,27,11,Grinding_M2,Lathe_M1,4,0,2,2,Medium,Warm,0,Low
P0467,Grinding_M2,Idle,23,43,Yes,Morning,Ceramic_Hybrid,28,13,9,Grinding_M2,Polishing_M3,23,1,0,0,High,Normal,1,High
P0399,Assembly_M4,Busy,18,30,Yes,Night,Ceramic_Hybrid,61,28,34,Grinding_M2,Grinding_M2,19,1,1,2,High,Warm,1,Medium
P0353,Assembly_M4,Overloaded,20,34,No,Night,Ceramic_Hybrid,27,28,47,Packaging_Line,Polishing_M3,7,0,3,2,High,Normal,1,Low
P0374,Polishing_M3,Busy,16,13,No,Morning,Ceramic_Hybrid,77,10,46,Polishing_M3,Assembly_M4,13,0,1,0,High,Hot,1,Medium
P0189,Polishing_M3,Idle,14,9,Yes,Morning,Bearing_Stainless,53,4,31,Grinding_M2,Lathe_M1,27,1,0,0,Medium,Warm,0,High
P0446,Polishing_M3,Busy,7,36,No,Morning,Bearing_Steel_Chrome,44,11,17,Packaging_Line,Assembly_M4,29,0,1,0,Medium,Normal,0,High
P0176,Lathe_M1,Idle,2,12,No,Morning,Bearing_Steel_Chrome,53,10,34,Polishing_M3,Grinding_M2,22,0,0,0,Low,Warm,0,High
P0311,Grinding_M2,Busy,20,16,Yes,Evening,Bearing_Stainless,35,3,54,Assembly_M4,Polishing_M3,9,1,1,,High,Normal,1,Low
P0215,Lathe_M1,Busy,1,38,No,Morning,Ceramic_Hybrid,27,17,55,Assembly_M4,Grinding_M2,4,0,1,0,Low,Normal,0,Low
P0267,Assembly_M4,Busy,22,24,No,Night,Bearing_Steel_Chrome,49,19,46,Assembly_M4,Grinding_M2,11,0,1,2,High,Normal,1,Medium
P0253,Assembly_M4,Maintenance,16,30,No,Night,Bearing_Steel_Chrome,80,26,27,Grinding_M2,Lathe_M1,24,0,2,2,High,Hot,1,High
P0383,Grinding_M2,Maintenance,19,24,Yes,Morning,Bearing_Steel_Chrome,69,3,28,Grinding_M2,Grinding_M2,27,1,2,0,High,Warm,1,High
P0185,Assembly_M4,Maintenance,1,18,Yes,Morning,Bearing_Stainless,28,18,17,Polishing_M3,Assembly_M4,4,1,2,0,Low,Normal,0,Low
P0038,Polishing_M3,Idle,2,12,Yes,Morning,Bearing_Steel_Chrome,26,7,35,Assembly_M4,Polishing_M3,22,1,0,0,Low,Normal,0,High
P0183,Lathe_M1,Maintenance,9,25,Yes,Evening,Ceramic_Hybrid,66,11,27,Grinding_M2,Assembly_M4,3,1,2,,Medium,Warm,0,Low
P0321,Assembly_M4,Maintenance,19,14,Yes,Night,Bearing_Steel_Chrome,53,10,56,Assembly_M4,Polishing_M3,19,1,2,2,High,Warm,1,Medium
P0384,Lathe_M1,Busy,13,38,Yes,Evening,Ceramic_Hybrid,61,21,12,Grinding_M2,Assembly_M4,7,1,1,,Medium,Warm,0,Low
P0400,Grinding_M2,Overloaded,5,15,No,Morning,Bearing_Stainless,68,19,55,Polishing_M3,Assembly_M4,10,0,3,0,Medium,Warm,0,Medium
P0024,Grinding_M2,Idle,24,33,No,Night,Ceramic_Hybrid,49,22,50,Grinding_M2,Lathe_M1,3,0,0,2,High,Normal,1,Low
P0053,Polishing_M3,Maintenance,17,28,Yes,Night,Bearing_Steel_Chrome,71,7,14,Assembly_M4,Lathe_M1,27,1,2,2,High,Hot,1,High
P0412,Polishing_M3,Overloaded,11,11,Yes,Morning,Ceramic_Hybrid,41,2,54,Packaging_Line,Polishing_M3,26,1,3,0,Medium,Normal,0,High
P0299,Grinding_M2,Maintenance,14,37,No,Night,Ceramic_Hybrid,61,16,35,Packaging_Line,Polishing_M3,3,0,2,2,Medium,Warm,0,Low
P0426,Assembly_M4,Busy,0,12,No,Morning,Ceramic_Hybrid,36,28,58,Assembly_M4,Assembly_M4,25,0,1,0,Low,Normal,0,High
P0327,Grinding_M2,Idle,18,29,No,Night,Bearing_Steel_Chrome,81,13,17,Assembly_M4,Lathe_M1,28,0,0,2,High,Hot,1,High
P0396,Polishing_M3,Idle,0,10,Yes,Morning,Bearing_Steel_Chrome,32,5,9,Polishing_M3,Grinding_M2,25,1,0,0,Low,Normal,0,High
P0151,Grinding_M2,Maintenance,21,32,No,Night,Ceramic_Hybrid,63,24,8,Grinding_M2,Assembly_M4,20,0,2,2,High,Warm,1,High
P0319,Lathe_M1,Maintenance,3,25,Yes,Evening,Ceramic_Hybrid,61,25,45,Grinding_M2,Assembly_M4,2,1,2,,Low,Warm,0,Low
P0392,Assembly_M4,Busy,6,20,No,Morning,Ceramic_Hybrid,41,21,27,Polishing_M3,Polishing_M3,2,0,1,0,Medium,Normal,0,Low
P0288,Grinding_M2,Idle,10,38,No,Night,Ceramic_Hybrid,57,27,6,Assembly_M4,Grinding_M2,29,0,0,2,Medium,Warm,0,High
P0461,Grinding_M2,Busy,22,26,No,Morning,Bearing_Stainless,82,3,19,Packaging_Line,Lathe_M1,10,0,1,0,High,Hot,1,Medium
P0073,Assembly_M4,Overloaded,14,33,Yes,Night,Bearing_Steel_Chrome,81,24,21,Packaging_Line,Polishing_M3,28,1,3,2,Medium,Hot,0,High
P0279,Grinding_M2,Maintenance,8,40,No,Morning,Ceramic_Hybrid,33,17,40,Packaging_Line,Assembly_M4,16,0,2,0,Medium,Normal,0,Medium
P0177,Assembly_M4,Busy,18,37,Yes,Morning,Ceramic_Hybrid,79,7,14,Packaging_Line,Assembly_M4,16,1,1,0,High,Hot,1,Medium
P0051,Grinding_M2,Idle,3,26,No,Night,Bearing_Stainless,37,17,56,Grinding_M2,Polishing_M3,29,0,0,2,Low,Normal,0,High
P0432,Grinding_M2,Overloaded,5,30,No,Night,Bearing_Steel_Chrome,35,25,33,Polishing_M3,Polishing_M3,3,0,3,2,Medium,Normal,0,Low
P0436,Polishing_M3,Busy,19,14,Yes,Morning,Bearing_Stainless,84,2,56,Polishing_M3,Lathe_M1,11,1,1,0,High,Hot,1,Medium
P0004,Assembly_M4,Maintenance,11,18,No,Morning,Bearing_Steel_Chrome,49,9,47,Grinding_M2,Assembly_M4,4,0,2,0,Medium,Normal,0,Low
P0258,Grinding_M2,Busy,6,14,Yes,Night,Bearing_Steel_Chrome,75,26,40,Assembly_M4,Lathe_M1,2,1,1,2,Medium,Hot,0,Low
P0025,Lathe_M1,Maintenance,20,18,Yes,Night,Ceramic_Hybrid,82,17,58,Assembly_M4,Lathe_M1,11,1,2,2,High,Hot,1,Medium
P0151,Lathe_M1,Overloaded,9,21,Yes,Evening,Bearing_Stainless,70,23,8,Polishing_M3,Grinding_M2,19,1,3,,Medium,Hot,0,Medium
P0447,Assembly_M4,Maintenance,1,43,Yes,Morning,Ceramic_Hybrid,33,29,23,Assembly_M4,Grinding_M2,16,1,2,0,Low,Normal,0,Medium
P0327,Polishing_M3,Overloaded,21,29,Yes,Evening,Bearing_Stainless,72,19,27,Packaging_Line,Polishing_M3,21,1,3,,High,Hot,1,High
P0201,Grinding_M2,Busy,20,15,No,Morning,Ceramic_Hybrid,63,10,8,Packaging_Line,Assembly_M4,25,0,1,0,High,Warm,1,High
P0344,Grinding_M2,Idle,12,30,No,Morning,Ceramic_Hybrid,81,5,55,Grinding_M2,Assembly_M4,2,0,0,0,Medium,Hot,0,Low
P0372,Assembly_M4,Maintenance,8,16,Yes,Morning,Ceramic_Hybrid,26,7,9,Grinding_M2,Polishing_M3,5,1,2,0,Medium,Normal,0,Low
P0012,Assembly_M4,Overloaded,19,26,Yes,Morning,Bearing_Steel_Chrome,29,28,8,Polishing_M3,Assembly_M4,29,1,3,0,High,Normal,1,High
P0119,Lathe_M1,Idle,8,33,No,Evening,Ceramic_Hybrid,46,28,14,Polishing_M3,Grinding_M2,16,0,0,,Medium,Normal,0,Medium
P0177,Assembly_M4,Busy,9,14,No,Night,Bearing_Steel_Chrome,30,18,9,Packaging_Line,Lathe_M1,26,0,1,2,Medium,Normal,0,High
P0105,Grinding_M2,Busy,5,29,Yes,Night,Bearing_Steel_Chrome,83,20,54,Grinding_M2,Assembly_M4,29,1,1,2,Medium,Hot,0,High
P0058,Grinding_M2,Maintenance,3,44,Yes,Night,Ceramic_Hybrid,83,17,36,Assembly_M4,Grinding_M2,24,1,2,2,Low,Hot,0,High
P0240,Assembly_M4,Overloaded,18,39,No,Morning,Bearing_Steel_Chrome,34,3,40,Polishing_M3,Assembly_M4,6,0,3,0,High,Normal,1,Low
P0039,Polishing_M3,Overloaded,10,20,No,Night,Bearing_Steel_Chrome,83,22,23,Polishing_M3,Polishing_M3,2,0,3,2,Medium,Hot,0,Low
P0025,Grinding_M2,Maintenance,24,35,No,Night,Bearing_Steel_Chrome,73,10,21,Grinding_M2,Assembly_M4,15,0,2,2,High,Hot,1,Medium
P0142,Polishing_M3,Busy,6,35,Yes,Evening,Bearing_Steel_Chrome,43,4,33,Assembly_M4,Lathe_M1,27,1,1,,Medium,Normal,0,High
P0204,Assembly_M4,Busy,0,8,Yes,Evening,Ceramic_Hybrid,52,19,30,Packaging_Line,Grinding_M2,8,1,1,,Low,Warm,0,Low
P0469,Grinding_M2,Busy,18,10,Yes,Morning,Ceramic_Hybrid,25,9,37,Grinding_M2,Assembly_M4,19,1,1,0,High,Normal,1,Medium
P0458,Grinding_M2,Busy,10,25,Yes,Evening,Ceramic_Hybrid,48,26,51,Packaging_Line,Grinding_M2,23,1,1,,Medium,Normal,0,High
P0294,Polishing_M3,Maintenance,24,23,No,Morning,Bearing_Stainless,53,22,14,Polishing_M3,Grinding_M2,24,0,2,0,High,Warm,1,High
P0449,Lathe_M1,Idle,11,37,No,Evening,Bearing_Steel_Chrome,80,8,21,Assembly_M4,Grinding_M2,29,0,0,,Medium,Hot,0,High
P0294,Assembly_M4,Busy,9,35,No,Night,Ceramic_Hybrid,84,7,21,Packaging_Line,Assembly_M4,18,0,1,2,Medium,Hot,0,Medium
P0349,Lathe_M1,Maintenance,4,22,No,Night,Bearing_Steel_Chrome,50,18,58,Packaging_Line,Assembly_M4,16,0,2,2,Low,Warm,0,Medium
P0121,Assembly_M4,Idle,7,28,Yes,Evening,Bearing_Steel_Chrome,37,25,20,Packaging_Line,Grinding_M2,11,1,0,,Medium,Normal,0,Medium
P0044,Grinding_M2,Idle,5,39,Yes,Night,Bearing_Stainless,57,19,41,Assembly_M4,Grinding_M2,13,1,0,2,Medium,Warm,0,Medium
P0045,Assembly_M4,Overloaded,9,41,Yes,Evening,Ceramic_Hybrid,50,15,21,Packaging_Line,Lathe_M1,1,1,3,,Medium,Warm,0,Low
P0352,Polishing_M3,Maintenance,24,38,Yes,Night,Bearing_Steel_Chrome,63,11,24,Polishing_M3,Lathe_M1,7,1,2,2,High,Warm,1,Low
P0293,Grinding_M2,Overloaded,23,20,No,Evening,Ceramic_Hybrid,61,29,16,Grinding_M2,Polishing_M3,17,0,3,,High,Warm,1,Medium
P0121,Assembly_M4,Overloaded,15,24,Yes,Morning,Bearing_Steel_Chrome,50,17,23,Grinding_M2,Polishing_M3,26,1,3,0,High,Warm,1,High
P0409,Lathe_M1,Idle,14,16,No,Night,Ceramic_Hybrid,45,11,58,Assembly_M4,Polishing_M3,2,0,0,2,Medium,Normal,0,Low
P0332,Grinding_M2,Overloaded,6,39,No,Night,Ceramic_Hybrid,39,2,30,Grinding_M2,Lathe_M1,3,0,3,2,Medium,Normal,0,Low
P0146,Polishing_M3,Maintenance,24,19,No,Morning,Ceramic_Hybrid,46,28,10,Packaging_Line,Lathe_M1,20,0,2,0,High,Normal,1,High
P0183,Grinding_M2,Idle,14,28,No,Evening,Bearing_Stainless,45,8,33,Packaging_Line,Grinding_M2,21,0,0,,Medium,Normal,0,High
P0277,Grinding_M2,Busy,4,8,No,Evening,Bearing_Stainless,46,19,39,Grinding_M2,Lathe_M1,17,0,1,,Low,Normal,0,Medium
P0369,Assembly_M4,Maintenance,17,28,No,Evening,Ceramic_Hybrid,26,14,58,Polishing_M3,Assembly_M4,15,0,2,,High,Normal,1,Medium
P0259,Assembly_M4,Idle,4,7,Yes,Evening,Ceramic_Hybrid,61,6,41,Polishing_M3,Assembly_M4,3,1,0,,Low,Warm,0,Low
P0384,Lathe_M1,Overloaded,2,27,Yes,Evening,Ceramic_Hybrid,84,29,34,Polishing_M3,Grinding_M2,18,1,3,,Low,Hot,0,Medium
P0189,Lathe_M1,Overloaded,19,40,Yes,Night,Bearing_Stainless,57,27,52,Packaging_Line,Assembly_M4,8,1,3,2,High,Warm,1,Low
P0373,Polishing_M3,Maintenance,16,44,Yes,Morning,Ceramic_Hybrid,31,26,12,Grinding_M2,Grinding_M2,21,1,2,0,High,Normal,1,High
P0144,Grinding_M2,Overloaded,23,35,No,Evening,Bearing_Stainless,83,27,16,Polishing_M3,Assembly_M4,16,0,3,,High,Hot,1,Medium
P0236,Assembly_M4,Idle,11,23,Yes,Evening,Ceramic_Hybrid,34,8,16,Assembly_M4,Grinding_M2,20,1,0,,Medium,Normal,0,High
P0327,Grinding_M2,Idle,4,11,No,Evening,Bearing_Steel_Chrome,76,23,18,Polishing_M3,Lathe_M1,11,0,0,,Low,Hot,0,Medium
P0175,Assembly_M4,Idle,6,33,No,Morning,Ceramic_Hybrid,34,10,40,Assembly_M4,Grinding_M2,16,0,0,0,Medium,Normal,0,Medium
P0273,Polishing_M3,Maintenance,9,23,Yes,Evening,Bearing_Stainless,80,18,13,Polishing_M3,Grinding_M2,13,1,2,,Medium,Hot,0,Medium
P0207,Grinding_M2,Idle,0,38,No,Night,Ceramic_Hybrid,69,25,13,Assembly_M4,Lathe_M1,7,0,0,2,Low,Warm,0,Low
P0115,Lathe_M1,Maintenance,15,23,No,Evening,Bearing_Steel_Chrome,63,7,54,Packaging_Line,Polishing_M3,19,0,2,,High,Warm,1,Medium
P0490,Assembly_M4,Overloaded,10,16,Yes,Night,Bearing_Stainless,82,11,17,Packaging_Line,Polishing_M3,12,1,3,2,Medium,Hot,0,Medium
P0423,Polishing_M3,Idle,20,14,Yes,Morning,Bearing_Stainless,44,19,40,Grinding_M2,Lathe_M1,28,1,0,0,High,Normal,1,High
P0475,Lathe_M1,Maintenance,23,9,No,Morning,Bearing_Steel_Chrome,61,29,16,Polishing_M3,Polishing_M3,26,0,2,0,High,Warm,1,High
P0298,Grinding_M2,Overloaded,2,44,Yes,Morning,Bearing_Stainless,78,3,54,Polishing_M3,Assembly_M4,9,1,3,0,Low,Hot,0,Low
P0158,Lathe_M1,Overloaded,12,43,No,Evening,Bearing_Steel_Chrome,66,10,26,Assembly_M4,Polishing_M3,15,0,3,,Medium,Warm,0,Medium
P0104,Lathe_M1,Idle,4,16,Yes,Evening,Ceramic_Hybrid,25,13,26,Polishing_M3,Assembly_M4,6,1,0,,Low,Normal,0,Low
P0244,Lathe_M1,Idle,18,23,No,Evening,Bearing_Stainless,40,20,7,Grinding_M2,Lathe_M1,23,0,0,,High,Normal,1,High
P0492,Polishing_M3,Idle,9,22,Yes,Evening,Bearing_Steel_Chrome,50,14,22,Grinding_M2,Polishing_M3,3,1,0,,Medium,Warm,0,Low
P0091,Assembly_M4,Maintenance,22,7,Yes,Night,Ceramic_Hybrid,79,26,31,Packaging_Line,Lathe_M1,26,1,2,2,High,Hot,1,High
P0310,Grinding_M2,Maintenance,11,31,Yes,Evening,Bearing_Stainless,76,8,29,Polishing_M3,Grinding_M2,24,1,2,,Medium,Hot,0,High
P0433,Polishing_M3,Maintenance,7,13,Yes,Morning,Bearing_Stainless,70,6,34,Packaging_Line,Assembly_M4,21,1,2,0,Medium,Hot,0,High
P0030,Polishing_M3,Maintenance,18,20,No,Night,Bearing_Stainless,48,13,25,Assembly_M4,Polishing_M3,4,0,2,2,High,Normal,1,Low
P0442,Grinding_M2,Idle,7,43,No,Night,Bearing_Stainless,71,7,9,Assembly_M4,Polishing_M3,14,0,0,2,Medium,Hot,0,Medium
P0278,Polishing_M3,Maintenance,20,8,No,Evening,Ceramic_Hybrid,32,25,15,Assembly_M4,Grinding_M2,17,0,2,,High,Normal,1,Medium
P0258,Grinding_M2,Overloaded,17,25,Yes,Morning,Ceramic_Hybrid,81,27,47,Packaging_Line,Polishing_M3,16,1,3,0,High,Hot,1,Medium
P0014,Grinding_M2,Busy,11,31,Yes,Morning,Bearing_Steel_Chrome,40,24,30,Assembly_M4,Polishing_M3,21,1,1,0,Medium,Normal,0,High
P0328,Grinding_M2,Idle,0,35,Yes,Morning,Bearing_Steel_Chrome,72,16,10,Grinding_M2,Polishing_M3,12,1,0,0,Low,Hot,0,Medium
P0445,Polishing_M3,Busy,7,11,Yes,Morning,Bearing_Stainless,58,13,57,Assembly_M4,Assembly_M4,14,1,1,0,Medium,Warm,0,Medium
P0018,Grinding_M2,Maintenance,15,13,Yes,Night,Bearing_Steel_Chrome,34,18,16,Assembly_M4,Polishing_M3,6,1,2,2,High,Normal,1,Low
P0146,Assembly_M4,Maintenance,18,33,No,Morning,Bearing_Stainless,30,28,29,Polishing_M3,Assembly_M4,25,0,2,0,High,Normal,1,High
P0230,Assembly_M4,Overloaded,23,29,No,Morning,Ceramic_Hybrid,40,21,20,Grinding_M2,Grinding_M2,6,0,3,0,High,Normal,1,Low
P0188,Grinding_M2,Overloaded,4,25,No,Morning,Bearing_Steel_Chrome,28,3,32,Polishing_M3,Grinding_M2,6,0,3,0,Low,Normal,0,Low
P0363,Lathe_M1,Idle,8,32,Yes,Morning,Bearing_Steel_Chrome,41,15,11,Polishing_M3,Grinding_M2,22,1,0,0,Medium,Normal,0,High
P0450,Lathe_M1,Overloaded,18,5,Yes,Morning,Bearing_Stainless,53,21,35,Grinding_M2,Lathe_M1,25,1,3,0,High,Warm,1,High
P0267,Grinding_M2,Maintenance,14,22,No,Evening,Bearing_Steel_Chrome,59,19,34,Polishing_M3,Assembly_M4,2,0,2,,Medium,Warm,0,Low
P0177,Lathe_M1,Idle,9,15,No,Evening,Ceramic_Hybrid,51,25,39,Grinding_M2,Assembly_M4,7,0,0,,Medium,Warm,0,Low
P0091,Grinding_M2,Overloaded,7,22,No,Evening,Bearing_Stainless,37,14,28,Assembly_M4,Polishing_M3,19,0,3,,Medium,Normal,0,Medium
P0288,Polishing_M3,Maintenance,22,16,Yes,Evening,Bearing_Steel_Chrome,73,29,26,Grinding_M2,Polishing_M3,12,1,2,,High,Hot,1,Medium
P0073,Lathe_M1,Maintenance,12,29,No,Night,Ceramic_Hybrid,68,20,50,Polishing_M3,Lathe_M1,7,0,2,2,Medium,Warm,0,Low
P0201,Lathe_M1,Idle,12,10,No,Morning,Ceramic_Hybrid,48,20,23,Packaging_Line,Grinding_M2,4,0,0,0,Medium,Normal,0,Low
P0033,Assembly_M4,Idle,18,13,Yes,Evening,Ceramic_Hybrid,72,28,40,Polishing_M3,Grinding_M2,6,1,0,,High,Hot,1,Low
P0490,Lathe_M1,Overloaded,7,33,Yes,Morning,Bearing_Steel_Chrome,48,17,9,Polishing_M3,Assembly_M4,21,1,3,0,Medium,Normal,0,High
P0452,Grinding_M2,Busy,21,30,No,Evening,Ceramic_Hybrid,38,8,33,Grinding_M2,Polishing_M3,20,0,1,,High,Normal,1,High
P0121,Grinding_M2,Idle,5,11,Yes,Evening,Ceramic_Hybrid,61,22,22,Assembly_M4,Grinding_M2,23,1,0,,Medium,Warm,0,High
P0405,Grinding_M2,Overloaded,11,42,No,Evening,Bearing_Stainless,83,2,8,Grinding_M2,Assembly_M4,19,0,3,,Medium,Hot,0,Medium
P0372,Assembly_M4,Maintenance,11,39,Yes,Morning,Bearing_Stainless,47,28,30,Assembly_M4,Grinding_M2,20,1,2,0,Medium,Normal,0,High
P0483,Lathe_M1,Overloaded,7,20,No,Evening,Ceramic_Hybrid,65,4,36,Packaging_Line,Lathe_M1,5,0,3,,Medium,Warm,0,Low
P0093,Assembly_M4,Maintenance,19,18,Yes,Morning,Ceramic_Hybrid,84,27,51,Polishing_M3,Assembly_M4,6,1,2,0,High,Hot,1,Low
P0036,Grinding_M2,Busy,3,44,No,Morning,Ceramic_Hybrid,75,28,9,Packaging_Line,Assembly_M4,13,0,1,0,Low,Hot,0,Medium
P0369,Lathe_M1,Idle,15,5,No,Night,Bearing_Stainless,37,23,15,Polishing_M3,Grinding_M2,21,0,0,2,High,Normal,1,High
P0067,Grinding_M2,Busy,7,29,Yes,Morning,Bearing_Stainless,64,25,32,Packaging_Line,Lathe_M1,14,1,1,0,Medium,Warm,0,Medium
P0281,Grinding_M2,Idle,12,7,Yes,Morning,Bearing_Stainless,60,28,24,Packaging_Line,Assembly_M4,15,1,0,0,Medium,Warm,0,Medium
P0266,Assembly_M4,Overloaded,14,31,Yes,Night,Ceramic_Hybrid,77,14,45,Assembly_M4,Polishing_M3,28,1,3,2,Medium,Hot,0,High
P0095,Grinding_M2,Maintenance,24,37,Yes,Morning,Bearing_Steel_Chrome,70,15,12,Grinding_M2,Polishing_M3,16,1,2,0,High,Hot,1,Medium
P0155,Grinding_M2,Maintenance,13,5,Yes,Night,Ceramic_Hybrid,40,19,11,Assembly_M4,Lathe_M1,15,1,2,2,Medium,Normal,0,Medium
P0236,Lathe_M1,Overloaded,23,17,Yes,Morning,Ceramic_Hybrid,33,25,19,Grinding_M2,Lathe_M1,25,1,3,0,High,Normal,1,High
P0399,Grinding_M2,Idle,2,28,No,Night,Bearing_Steel_Chrome,57,17,12,Grinding_M2,Polishing_M3,29,0,0,2,Low,Warm,0,High
P0102,Assembly_M4,Overloaded,22,35,Yes,Morning,Ceramic_Hybrid,64,18,58,Polishing_M3,Lathe_M1,23,1,3,0,High,Warm,1,High
P0296,Assembly_M4,Maintenance,13,34,Yes,Morning,Ceramic_Hybrid,77,8,31,Packaging_Line,Lathe_M1,15,1,2,0,Medium,Hot,0,Medium
P0312,Lathe_M1,Idle,15,10,No,Morning,Ceramic_Hybrid,79,2,48,Polishing_M3,Grinding_M2,18,0,0,0,High,Hot,1,Medium
P0060,Grinding_M2,Idle,15,16,Yes,Night,Ceramic_Hybrid,44,14,44,Packaging_Line,Assembly_M4,27,1,0,2,High,Normal,1,High
P0239,Grinding_M2,Busy,21,37,Yes,Night,Ceramic_Hybrid,82,22,43,Grinding_M2,Lathe_M1,15,1,1,2,High,Hot,1,Medium
P0058,Assembly_M4,Maintenance,21,17,Yes,Morning,Bearing_Steel_Chrome,84,10,28,Grinding_M2,Lathe_M1,15,1,2,0,High,Hot,1,Medium
P0317,Lathe_M1,Maintenance,3,17,Yes,Night,Bearing_Stainless,51,13,41,Packaging_Line,Grinding_M2,7,1,2,2,Low,Warm,0,Low
P0102,Grinding_M2,Busy,7,41,No,Night,Bearing_Steel_Chrome,65,15,16,Packaging_Line,Assembly_M4,4,0,1,2,Medium,Warm,0,Low
P0173,Grinding_M2,Busy,19,44,Yes,Evening,Ceramic_Hybrid,41,9,57,Assembly_M4,Lathe_M1,29,1,1,,High,Normal,1,High
P0077,Polishing_M3,Idle,0,38,Yes,Morning,Bearing_Stainless,28,25,25,Grinding_M2,Assembly_M4,1,1,0,0,Low,Normal,0,Low
P0321,Grinding_M2,Overloaded,6,5,Yes,Night,Ceramic_Hybrid,65,4,48,Assembly_M4,Grinding_M2,19,1,3,2,Medium,Warm,0,Medium
P0077,Polishing_M3,Maintenance,14,35,Yes,Morning,Ceramic_Hybrid,78,17,14,Polishing_M3,Polishing_M3,22,1,2,0,Medium,Hot,0,High
P0496,Polishing_M3,Maintenance,5,33,Yes,Night,Ceramic_Hybrid,41,22,26,Grinding_M2,Grinding_M2,24,1,2,2,Medium,Normal,0,High
P0367,Polishing_M3,Idle,16,25,No,Morning,Bearing_Steel_Chrome,75,19,15,Polishing_M3,Assembly_M4,24,0,0,0,High,Hot,1,High
P0061,Grinding_M2,Overloaded,6,43,Yes,Evening,Bearing_Stainless,29,13,52,Assembly_M4,Polishing_M3,29,1,3,,Medium,Normal,0,High
P0199,Polishing_M3,Idle,24,25,Yes,Morning,Bearing_Stainless,42,4,24,Grinding_M2,Grinding_M2,15,1,0,0,High,Normal,1,Medium
P0014,Grinding_M2,Maintenance,4,17,Yes,Evening,Bearing_Steel_Chrome,75,13,59,Assembly_M4,Grinding_M2,21,1,2,,Low,Hot,0,High
P0246,Grinding_M2,Maintenance,4,10,No,Morning,Bearing_Steel_Chrome,31,27,46,Grinding_M2,Assembly_M4,16,0,2,0,Low,Normal,0,Medium
P0369,Lathe_M1,Maintenance,7,13,No,Night,Bearing_Steel_Chrome,51,5,25,Packaging_Line,Grinding_M2,21,0,2,2,Medium,Warm,0,High
P0067,Grinding_M2,Overloaded,7,29,Yes,Evening,Bearing_Stainless,63,16,57,Assembly_M4,Grinding_M2,3,1,3,,Medium,Warm,0,Low
P0424,Lathe_M1,Idle,16,41,No,Morning,Bearing_Steel_Chrome,81,11,51,Grinding_M2,Lathe_M1,28,0,0,0,High,Hot,1,High
P0009,Polishing_M3,Maintenance,13,8,No,Night,Ceramic_Hybrid,77,21,38,Packaging_Line,Polishing_M3,12,0,2,2,Medium,Hot,0,Medium
P0217,Polishing_M3,Busy,0,28,No,Evening,Ceramic_Hybrid,44,6,42,Assembly_M4,Polishing_M3,24,0,1,,Low,Normal,0,High
P0146,Assembly_M4,Idle,10,44,Yes,Evening,Bearing_Stainless,31,5,42,Grinding_M2,Grinding_M2,16,1,0,,Medium,Normal,0,Medium
P0429,Polishing_M3,Maintenance,19,19,No,Morning,Bearing_Steel_Chrome,70,24,16,Grinding_M2,Lathe_M1,29,0,2,0,High,Hot,1,High
P0394,Lathe_M1,Busy,11,19,Yes,Morning,Bearing_Steel_Chrome,53,14,47,Packaging_Line,Grinding_M2,17,1,1,0,Medium,Warm,0,Medium
P0052,Assembly_M4,Maintenance,20,19,No,Morning,Bearing_Stainless,38,11,48,Polishing_M3,Assembly_M4,16,0,2,0,High,Normal,1,Medium
P0265,Lathe_M1,Busy,14,8,Yes,Night,Ceramic_Hybrid,51,24,33,Assembly_M4,Assembly_M4,9,1,1,2,Medium,Warm,0,Low
P0055,Grinding_M2,Busy,20,13,Yes,Evening,Ceramic_Hybrid,77,26,56,Grinding_M2,Assembly_M4,11,1,1,,High,Hot,1,Medium
P0044,Grinding_M2,Busy,10,11,No,Evening,Bearing_Steel_Chrome,77,11,8,Polishing_M3,Lathe_M1,5,0,1,,Medium,Hot,0,Low
P0237,Grinding_M2,Overloaded,4,15,Yes,Morning,Bearing_Stainless,65,29,20,Assembly_M4,Polishing_M3,9,1,3,0,Low,Warm,0,Low
P0252,Polishing_M3,Idle,21,34,No,Morning,Bearing_Steel_Chrome,28,3,50,Polishing_M3,Lathe_M1,3,0,0,0,High,Normal,1,Low
P0009,Assembly_M4,Idle,17,25,No,Night,Ceramic_Hybrid,30,12,57,Assembly_M4,Assembly_M4,18,0,0,2,High,Normal,1,Medium
P0219,Assembly_M4,Overloaded,11,9,No,Morning,Bearing_Steel_Chrome,33,21,32,Grinding_M2,Lathe_M1,26,0,3,0,Medium,Normal,0,High
P0171,Grinding_M2,Idle,17,23,No,Morning,Bearing_Stainless,27,10,40,Assembly_M4,Assembly_M4,17,0,0,0,High,Normal,1,Medium
P0456,Assembly_M4,Maintenance,16,27,Yes,Morning,Bearing_Stainless,58,10,45,Grinding_M2,Grinding_M2,5,1,2,0,High,Warm,1,Low
P0426,Grinding_M2,Maintenance,14,7,Yes,Morning,Bearing_Steel_Chrome,43,29,7,Assembly_M4,Assembly_M4,6,1,2,0,Medium,Normal,0,Low
P0213,Assembly_M4,Busy,3,28,No,Evening,Ceramic_Hybrid,55,14,49,Grinding_M2,Lathe_M1,27,0,1,,Low,Warm,0,High
P0408,Lathe_M1,Busy,10,41,No,Night,Bearing_Stainless,25,10,21,Packaging_Line,Lathe_M1,22,0,1,2,Medium,Normal,0,High
P0468,Polishing_M3,Busy,0,7,Yes,Night,Ceramic_Hybrid,71,27,57,Assembly_M4,Grinding_M2,26,1,1,2,Low,Hot,0,High
P0279,Lathe_M1,Overloaded,22,34,Yes,Evening,Bearing_Steel_Chrome,34,9,48,Grinding_M2,Polishing_M3,25,1,3,,High,Normal,1,High
P0402,Grinding_M2,Busy,21,19,No,Night,Ceramic_Hybrid,83,10,14,Grinding_M2,Polishing_M3,20,0,1,2,High,Hot,1,High
P0332,Assembly_M4,Maintenance,8,27,No,Night,Bearing_Steel_Chrome,77,22,5,Grinding_M2,Grinding_M2,2,0,2,2,Medium,Hot,0,Low
P0238,Assembly_M4,Busy,18,18,No,Evening,Ceramic_Hybrid,32,7,16,Assembly_M4,Lathe_M1,26,0,1,,High,Normal,1,High
P0211,Assembly_M4,Busy,14,5,Yes,Morning,Bearing_Stainless,84,12,32,Assembly_M4,Lathe_M1,25,1,1,0,Medium,Hot,0,High
P0249,Assembly_M4,Overloaded,2,22,Yes,Morning,Bearing_Steel_Chrome,76,29,38,Assembly_M4,Assembly_M4,29,1,3,0,Low,Hot,0,High
P0094,Grinding_M2,Overloaded,24,30,Yes,Night,Bearing_Stainless,63,9,23,Grinding_M2,Lathe_M1,22,1,3,2,High,Warm,1,High
P0365,Polishing_M3,Idle,14,26,No,Night,Bearing_Steel_Chrome,53,2,42,Grinding_M2,Grinding_M2,13,0,0,2,Medium,Warm,0,Medium
P0240,Lathe_M1,Maintenance,13,39,Yes,Morning,Bearing_Steel_Chrome,67,4,23,Packaging_Line,Lathe_M1,10,1,2,0,Medium,Warm,0,Medium
P0431,Grinding_M2,Busy,14,15,No,Morning,Ceramic_Hybrid,71,27,28,Grinding_M2,Grinding_M2,13,0,1,0,Medium,Hot,0,Medium
P0190,Assembly_M4,Idle,4,8,Yes,Morning,Bearing_Stainless,37,10,53,Grinding_M2,Polishing_M3,2,1,0,0,Low,Normal,0,Low
P0476,Lathe_M1,Busy,23,41,No,Evening,Bearing_Stainless,72,8,5,Polishing_M3,Grinding_M2,28,0,1,,High,Hot,1,High
P0389,Lathe_M1,Maintenance,11,25,No,Night,Ceramic_Hybrid,35,13,55,Polishing_M3,Assembly_M4,26,0,2,2,Medium,Normal,0,High
P0498,Polishing_M3,Maintenance,11,18,Yes,Night,Bearing_Steel_Chrome,58,3,29,Grinding_M2,Lathe_M1,29,1,2,2,Medium,Warm,0,High
P0133,Lathe_M1,Maintenance,3,30,No,Evening,Bearing_Stainless,40,11,49,Grinding_M2,Grinding_M2,2,0,2,,Low,Normal,0,Low
P0432,Grinding_M2,Maintenance,2,23,Yes,Evening,Ceramic_Hybrid,30,20,57,Packaging_Line,Lathe_M1,20,1,2,,Low,Normal,0,High
P0392,Lathe_M1,Idle,18,12,No,Night,Ceramic_Hybrid,38,11,7,Assembly_M4,Grinding_M2,6,0,0,2,High,Normal,1,Low
P0308,Assembly_M4,Idle,14,27,No,Night,Bearing_Stainless,47,19,50,Packaging_Line,Lathe_M1,19,0,0,2,Medium,Normal,0,Medium
P0137,Lathe_M1,Overloaded,9,8,Yes,Night,Bearing_Steel_Chrome,79,3,7,Assembly_M4,Lathe_M1,7,1,3,2,Medium,Hot,0,Low
P0405,Assembly_M4,Busy,22,20,No,Evening,Bearing_Steel_Chrome,55,11,23,Packaging_Line,Grinding_M2,28,0,1,,High,Warm,1,High
P0091,Assembly_M4,Overloaded,16,32,Yes,Evening,Ceramic_Hybrid,43,6,27,Packaging_Line,Polishing_M3,20,1,3,,High,Normal,1,High
P0055,Assembly_M4,Maintenance,12,17,Yes,Evening,Ceramic_Hybrid,67,12,52,Grinding_M2,Assembly_M4,15,1,2,,Medium,Warm,0,Medium
P0360,Polishing_M3,Maintenance,16,32,No,Night,Bearing_Steel_Chrome,43,5,26,Assembly_M4,Assembly_M4,22,0,2,2,High,Normal,1,High
P0014,Polishing_M3,Maintenance,22,41,No,Morning,Bearing_Steel_Chrome,63,3,37,Packaging_Line,Lathe_M1,12,0,2,0,High,Warm,1,Medium
P0079,Polishing_M3,Busy,9,44,No,Morning,Bearing_Steel_Chrome,57,13,6,Assembly_M4,Grinding_M2,27,0,1,0,Medium,Warm,0,High
P0423,Assembly_M4,Overloaded,9,26,Yes,Morning,Ceramic_Hybrid,41,27,7,Polishing_M3,Polishing_M3,7,1,3,0,Medium,Normal,0,Low
P0274,Assembly_M4,Idle,11,12,Yes,Evening,Bearing_Steel_Chrome,44,13,39,Assembly_M4,Assembly_M4,17,1,0,,Medium,Normal,0,Medium
P0246,Grinding_M2,Maintenance,8,14,Yes,Evening,Bearing_Steel_Chrome,46,7,37,Grinding_M2,Lathe_M1,22,1,2,,Medium,Normal,0,High
P0154,Lathe_M1,Idle,11,41,Yes,Night,Ceramic_Hybrid,37,28,19,Polishing_M3,Polishing_M3,22,1,0,2,Medium,Normal,0,High
P0339,Grinding_M2,Idle,10,44,No,Morning,Bearing_Steel_Chrome,61,3,48,Polishing_M3,Assembly_M4,28,0,0,0,Medium,Warm,0,High
P0369,Assembly_M4,Busy,1,39,No,Morning,Bearing_Steel_Chrome,66,20,12,Grinding_M2,Polishing_M3,7,0,1,0,Low,Warm,0,Low
P0165,Lathe_M1,Maintenance,0,32,No,Night,Bearing_Steel_Chrome,61,17,29,Polishing_M3,Polishing_M3,4,0,2,2,Low,Warm,0,Low
P0465,Polishing_M3,Overloaded,16,28,No,Morning,Bearing_Stainless,45,3,35,Grinding_M2,Lathe_M1,12,0,3,0,High,Normal,1,Medium
P0220,Polishing_M3,Busy,0,34,Yes,Night,Bearing_Stainless,36,13,16,Assembly_M4,Lathe_M1,19,1,1,2,Low,Normal,0,Medium
P0404,Assembly_M4,Maintenance,24,28,Yes,Evening,Ceramic_Hybrid,48,27,15,Packaging_Line,Lathe_M1,13,1,2,,High,Normal,1,Medium
P0396,Grinding_M2,Overloaded,7,14,Yes,Night,Ceramic_Hybrid,32,21,12,Grinding_M2,Assembly_M4,9,1,3,2,Medium,Normal,0,Low
P0237,Grinding_M2,Busy,6,18,No,Morning,Bearing_Stainless,52,3,47,Assembly_M4,Assembly_M4,8,0,1,0,Medium,Warm,0,Low
P0265,Lathe_M1,Idle,12,25,No,Night,Bearing_Steel_Chrome,71,29,39,Packaging_Line,Assembly_M4,23,0,0,2,Medium,Hot,0,High
P0485,Polishing_M3,Maintenance,13,19,Yes,Night,Ceramic_Hybrid,26,20,16,Packaging_Line,Assembly_M4,25,1,2,2,Medium,Normal,0,High
P0160,Assembly_M4,Overloaded,19,40,Yes,Evening,Bearing_Stainless,27,6,7,Assembly_M4,Polishing_M3,25,1,3,,High,Normal,1,High
P0412,Lathe_M1,Busy,14,23,Yes,Night,Bearing_Steel_Chrome,26,13,41,Polishing_M3,Lathe_M1,22,1,1,2,Medium,Normal,0,High
P0433,Assembly_M4,Overloaded,16,18,Yes,Night,Bearing_Stainless,52,28,58,Grinding_M2,Polishing_M3,10,1,3,2,High,Warm,1,Medium
P0059,Lathe_M1,Maintenance,2,40,Yes,Evening,Ceramic_Hybrid,62,25,29,Grinding_M2,Grinding_M2,22,1,2,,Low,Warm,0,High
P0427,Assembly_M4,Idle,15,43,No,Evening,Bearing_Steel_Chrome,71,22,34,Packaging_Line,Grinding_M2,28,0,0,,High,Hot,1,High
P0052,Polishing_M3,Overloaded,24,30,No,Night,Bearing_Steel_Chrome,67,23,25,Packaging_Line,Assembly_M4,1,0,3,2,High,Warm,1,Low
P0004,Lathe_M1,Busy,4,17,No,Morning,Bearing_Stainless,45,15,13,Assembly_M4,Grinding_M2,17,0,1,0,Low,Normal,0,Medium
P0025,Polishing_M3,Maintenance,14,25,No,Night,Bearing_Stainless,55,8,58,Packaging_Line,Assembly_M4,22,0,2,2,Medium,Warm,0,High
P0255,Assembly_M4,Busy,11,10,No,Evening,Bearing_Stainless,77,17,30,Polishing_M3,Lathe_M1,5,0,1,,Medium,Hot,0,Low
P0420,Polishing_M3,Overloaded,8,44,No,Evening,Bearing_Stainless,38,13,46,Packaging_Line,Polishing_M3,20,0,3,,Medium,Normal,0,High
P0276,Lathe_M1,Maintenance,19,30,No,Evening,Bearing_Steel_Chrome,77,14,33,Polishing_M3,Lathe_M1,19,0,2,,High,Hot,1,Medium
P0218,Grinding_M2,Idle,14,12,No,Evening,Bearing_Stainless,47,22,46,Packaging_Line,Grinding_M2,3,0,0,,Medium,Normal,0,Low
P0438,Grinding_M2,Maintenance,20,39,No,Night,Bearing_Stainless,56,27,9,Grinding_M2,Lathe_M1,16,0,2,2,High,Warm,1,Medium
P0204,Polishing_M3,Overloaded,16,36,Yes,Morning,Bearing_Steel_Chrome,62,27,36,Packaging_Line,Grinding_M2,20,1,3,0,High,Warm,1,High
P0439,Grinding_M2,Busy,19,6,Yes,Morning,Bearing_Stainless,44,16,22,Polishing_M3,Assembly_M4,1,1,1,0,High,Normal,1,Low
P0220,Assembly_M4,Maintenance,18,44,No,Evening,Bearing_Steel_Chrome,30,13,43,Assembly_M4,Lathe_M1,18,0,2,,High,Normal,1,Medium
P0200,Lathe_M1,Busy,21,12,Yes,Morning,Bearing_Stainless,48,21,58,Grinding_M2,Lathe_M1,14,1,1,0,High,Normal,1,Medium
P0191,Polishing_M3,Maintenance,4,44,Yes,Morning,Ceramic_Hybrid,58,29,20,Grinding_M2,Lathe_M1,13,1,2,0,Low,Warm,0,Medium
P0243,Assembly_M4,Maintenance,6,20,No,Night,Bearing_Steel_Chrome,31,28,18,Polishing_M3,Lathe_M1,14,0,2,2,Medium,Normal,0,Medium
P0089,Polishing_M3,Maintenance,11,37,Yes,Evening,Bearing_Stainless,57,13,24,Polishing_M3,Assembly_M4,21,1,2,,Medium,Warm,0,High
P0406,Polishing_M3,Idle,14,40,No,Morning,Bearing_Steel_Chrome,31,17,7,Grinding_M2,Grinding_M2,7,0,0,0,Medium,Normal,0,Low
P0028,Grinding_M2,Overloaded,23,26,Yes,Night,Bearing_Stainless,30,17,28,Assembly_M4,Grinding_M2,8,1,3,2,High,Normal,1,Low
P0221,Polishing_M3,Maintenance,22,42,Yes,Evening,Ceramic_Hybrid,34,17,15,Assembly_M4,Grinding_M2,13,1,2,,High,Normal,1,Medium
P0189,Polishing_M3,Idle,5,28,No,Morning,Bearing_Steel_Chrome,57,22,55,Polishing_M3,Polishing_M3,12,0,0,0,Medium,Warm,0,Medium
P0450,Polishing_M3,Overloaded,23,31,No,Morning,Bearing_Steel_Chrome,62,19,49,Packaging_Line,Polishing_M3,7,0,3,0,High,Warm,1,Low
P0157,Polishing_M3,Overloaded,22,17,No,Evening,Ceramic_Hybrid,77,9,34,Polishing_M3,Grinding_M2,21,0,3,,High,Hot,1,High
P0433,Lathe_M1,Busy,16,17,Yes,Morning,Bearing_Steel_Chrome,58,5,34,Packaging_Line,Polishing_M3,29,1,1,0,High,Warm,1,High
P0395,Assembly_M4,Busy,24,6,No,Evening,Bearing_Stainless,60,19,9,Polishing_M3,Grinding_M2,19,0,1,,High,Warm,1,Medium
P0341,Polishing_M3,Idle,9,22,No,Morning,Bearing_Steel_Chrome,81,22,14,Polishing_M3,Assembly_M4,5,0,0,0,Medium,Hot,0,Low
P0351,Grinding_M2,Busy,16,26,No,Evening,Ceramic_Hybrid,37,24,21,Grinding_M2,Lathe_M1,9,0,1,,High,Normal,1,Low
P0411,Lathe_M1,Maintenance,23,18,Yes,Morning,Bearing_Stainless,70,9,59,Assembly_M4,Grinding_M2,5,1,2,0,High,Hot,1,Low
P0017,Assembly_M4,Idle,18,32,No,Night,Ceramic_Hybrid,70,10,34,Polishing_M3,Polishing_M3,7,0,0,2,High,Hot,1,Low
P0320,Grinding_M2,Overloaded,7,15,Yes,Evening,Bearing_Steel_Chrome,38,22,12,Grinding_M2,Lathe_M1,3,1,3,,Medium,Normal,0,Low
P0264,Lathe_M1,Maintenance,22,22,No,Evening,Ceramic_Hybrid,59,14,16,Assembly_M4,Lathe_M1,15,0,2,,High,Warm,1,Medium
P0432,Assembly_M4,Overloaded,17,9,Yes,Evening,Bearing_Stainless,63,12,15,Assembly_M4,Polishing_M3,27,1,3,,High,Warm,1,High
P0134,Polishing_M3,Maintenance,14,35,Yes,Night,Bearing_Steel_Chrome,55,14,18,Assembly_M4,Lathe_M1,17,1,2,2,Medium,Warm,0,Medium
P0244,Grinding_M2,Maintenance,12,29,Yes,Morning,Ceramic_Hybrid,57,2,19,Assembly_M4,Grinding_M2,16,1,2,0,Medium,Warm,0,Medium
P0330,Lathe_M1,Idle,11,42,No,Night,Ceramic_Hybrid,30,13,29,Assembly_M4,Assembly_M4,15,0,0,2,Medium,Normal,0,Medium
P0412,Assembly_M4,Idle,3,8,Yes,Evening,Bearing_Stainless,54,3,31,Packaging_Line,Grinding_M2,24,1,0,,Low,Warm,0,High
P0429,Assembly_M4,Busy,11,43,No,Evening,Ceramic_Hybrid,76,10,45,Polishing_M3,Polishing_M3,8,0,1,,Medium,Hot,0,Low
P0193,Grinding_M2,Busy,13,37,Yes,Night,Ceramic_Hybrid,47,22,59,Packaging_Line,Polishing_M3,12,1,1,2,Medium,Normal,0,Medium
P0090,Polishing_M3,Idle,24,6,Yes,Night,Ceramic_Hybrid,37,28,8,Polishing_M3,Assembly_M4,20,1,0,2,High,Normal,1,High
P0084,Grinding_M2,Idle,17,18,Yes,Morning,Bearing_Steel_Chrome,54,9,16,Packaging_Line,Lathe_M1,9,1,0,0,High,Warm,1,Low
P0201,Grinding_M2,Idle,5,30,Yes,Night,Ceramic_Hybrid,74,3,59,Grinding_M2,Grinding_M2,8,1,0,2,Medium,Hot,0,Low
P0086,Grinding_M2,Busy,23,18,Yes,Morning,Bearing_Steel_Chrome,30,11,44,Polishing_M3,Grinding_M2,17,1,1,0,High,Normal,1,Medium
P0090,Lathe_M1,Busy,24,36,Yes,Night,Ceramic_Hybrid,36,18,17,Packaging_Line,Assembly_M4,19,1,1,2,High,Normal,1,Medium
P0223,Assembly_M4,Busy,11,29,Yes,Morning,Ceramic_Hybrid,55,28,41,Packaging_Line,Assembly_M4,25,1,1,0,Medium,Warm,0,High
P0063,Lathe_M1,Busy,15,42,No,Morning,Bearing_Stainless,67,18,27,Packaging_Line,Lathe_M1,14,0,1,0,High,Warm,1,Medium
P0148,Lathe_M1,Idle,5,29,No,Evening,Ceramic_Hybrid,47,29,47,Polishing_M3,Lathe_M1,12,0,0,,Medium,Normal,0,Medium
P0302,Lathe_M1,Maintenance,12,40,No,Evening,Ceramic_Hybrid,63,3,10,Polishing_M3,Grinding_M2,6,0,2,,Medium,Warm,0,Low
P0162,Polishing_M3,Maintenance,17,44,No,Night,Bearing_Steel_Chrome,32,9,44,Grinding_M2,Lathe_M1,1,0,2,2,High,Normal,1,Low
P0102,Lathe_M1,Maintenance,1,19,No,Morning,Bearing_Steel_Chrome,60,29,39,Assembly_M4,Polishing_M3,14,0,2,0,Low,Warm,0,Medium
P0484,Polishing_M3,Maintenance,21,27,No,Morning,Bearing_Stainless,64,14,59,Grinding_M2,Lathe_M1,19,0,2,0,High,Warm,1,Medium
P0224,Assembly_M4,Maintenance,21,9,No,Evening,Bearing_Steel_Chrome,55,14,32,Grinding_M2,Lathe_M1,26,0,2,,High,Warm,1,High
P0464,Assembly_M4,Overloaded,19,37,No,Morning,Ceramic_Hybrid,40,24,28,Grinding_M2,Grinding_M2,2,0,3,0,High,Normal,1,Low
P0145,Lathe_M1,Maintenance,6,42,No,Morning,Bearing_Stainless,61,5,38,Assembly_M4,Assembly_M4,10,0,2,0,Medium,Warm,0,Medium
P0022,Lathe_M1,Overloaded,21,9,Yes,Evening,Bearing_Stainless,74,11,27,Polishing_M3,Polishing_M3,22,1,3,,High,Hot,1,High
P0284,Grinding_M2,Maintenance,14,35,No,Morning,Bearing_Stainless,83,10,47,Packaging_Line,Lathe_M1,26,0,2,0,Medium,Hot,0,High
P0271,Grinding_M2,Maintenance,20,29,Yes,Evening,Ceramic_Hybrid,49,18,25,Packaging_Line,Lathe_M1,9,1,2,,High,Normal,1,Low
P0187,Lathe_M1,Overloaded,22,42,No,Morning,Bearing_Stainless,46,12,27,Packaging_Line,Lathe_M1,17,0,3,0,High,Normal,1,Medium
P0292,Assembly_M4,Maintenance,3,33,Yes,Night,Ceramic_Hybrid,39,2,58,Polishing_M3,Grinding_M2,29,1,2,2,Low,Normal,0,High
P0012,Lathe_M1,Idle,19,37,No,Night,Bearing_Stainless,65,13,40,Packaging_Line,Grinding_M2,28,0,0,2,High,Warm,1,High
P0195,Lathe_M1,Overloaded,21,17,Yes,Night,Bearing_Steel_Chrome,31,9,32,Assembly_M4,Grinding_M2,13,1,3,2,High,Normal,1,Medium
P0482,Lathe_M1,Maintenance,10,13,No,Evening,Ceramic_Hybrid,49,25,20,Assembly_M4,Lathe_M1,10,0,2,,Medium,Normal,0,Medium
P0236,Assembly_M4,Maintenance,10,35,No,Night,Bearing_Steel_Chrome,36,29,35,Polishing_M3,Assembly_M4,14,0,2,2,Medium,Normal,0,Medium
P0152,Assembly_M4,Idle,18,36,Yes,Morning,Ceramic_Hybrid,74,22,21,Polishing_M3,Polishing_M3,3,1,0,0,High,Hot,1,Low
P0048,Assembly_M4,Idle,0,33,No,Evening,Bearing_Steel_Chrome,75,5,27,Polishing_M3,Grinding_M2,28,0,0,,Low,Hot,0,High
P0309,Assembly_M4,Overloaded,15,16,Yes,Evening,Bearing_Steel_Chrome,77,22,49,Assembly_M4,Polishing_M3,17,1,3,,High,Hot,1,Medium
P0137,Grinding_M2,Busy,7,17,No,Night,Bearing_Stainless,76,27,36,Assembly_M4,Assembly_M4,5,0,1,2,Medium,Hot,0,Low
P0427,Lathe_M1,Overloaded,17,19,No,Night,Bearing_Steel_Chrome,36,18,19,Grinding_M2,Grinding_M2,2,0,3,2,High,Normal,1,Low
P0065,Polishing_M3,Maintenance,5,21,Yes,Night,Ceramic_Hybrid,72,18,24,Grinding_M2,Lathe_M1,9,1,2,2,Medium,Hot,0,Low
P0033,Assembly_M4,Idle,4,27,No,Evening,Bearing_Stainless,57,7,18,Grinding_M2,Assembly_M4,17,0,0,,Low,Warm,0,Medium
P0088,Grinding_M2,Idle,24,23,No,Evening,Bearing_Steel_Chrome,57,2,17,Polishing_M3,Polishing_M3,14,0,0,,High,Warm,1,Medium
P0455,Polishing_M3,Busy,5,10,Yes,Morning,Bearing_Stainless,57,15,39,Polishing_M3,Grinding_M2,23,1,1,0,Medium,Warm,0,High
P0353,Polishing_M3,Maintenance,9,23,Yes,Morning,Bearing_Steel_Chrome,75,29,27,Packaging_Line,Lathe_M1,4,1,2,0,Medium,Hot,0,Low
P0200,Polishing_M3,Busy,19,23,No,Morning,Bearing_Steel_Chrome,66,28,38,Assembly_M4,Lathe_M1,4,0,1,0,High,Warm,1,Low
P0047,Lathe_M1,Overloaded,23,42,Yes,Night,Bearing_Steel_Chrome,31,17,11,Packaging_Line,Lathe_M1,18,1,3,2,High,Normal,1,Medium
P0418,Lathe_M1,Overloaded,19,30,Yes,Evening,Bearing_Steel_Chrome,50,23,23,Grinding_M2,Polishing_M3,9,1,3,,High,Warm,1,Low
P0117,Assembly_M4,Busy,19,20,Yes,Morning,Bearing_Steel_Chrome,78,18,26,Grinding_M2,Assembly_M4,13,1,1,0,High,Hot,1,Medium
P0037,Assembly_M4,Overloaded,11,14,Yes,Morning,Bearing_Stainless,25,9,25,Assembly_M4,Lathe_M1,22,1,3,0,Medium,Normal,0,High
P0450,Polishing_M3,Overloaded,17,6,No,Morning,Ceramic_Hybrid,72,13,13,Polishing_M3,Assembly_M4,3,0,3,0,High,Hot,1,Low
P0212,Grinding_M2,Maintenance,21,30,No,Morning,Ceramic_Hybrid,45,29,40,Assembly_M4,Polishing_M3,26,0,2,0,High,Normal,1,High
P0490,Assembly_M4,Busy,1,12,No,Night,Bearing_Steel_Chrome,34,17,59,Polishing_M3,Assembly_M4,11,0,1,2,Low,Normal,0,Medium
P0104,Polishing_M3,Busy,17,18,Yes,Night,Bearing_Steel_Chrome,64,24,19,Grinding_M2,Polishing_M3,17,1,1,2,High,Warm,1,Medium
P0171,Lathe_M1,Idle,20,22,No,Night,Ceramic_Hybrid,56,7,27,Packaging_Line,Grinding_M2,14,0,0,2,High,Warm,1,Medium
P0351,Grinding_M2,Busy,22,39,No,Evening,Bearing_Steel_Chrome,63,16,57,Assembly_M4,Assembly_M4,24,0,1,,High,Warm,1,High
P0132,Grinding_M2,Overloaded,15,20,Yes,Evening,Ceramic_Hybrid,64,8,10,Grinding_M2,Assembly_M4,2,1,3,,High,Warm,1,Low
P0442,Polishing_M3,Maintenance,21,17,Yes,Night,Bearing_Stainless,68,16,13,Packaging_Line,Grinding_M2,2,1,2,2,High,Warm,1,Low
P0302,Grinding_M2,Overloaded,16,31,No,Night,Ceramic_Hybrid,53,6,47,Polishing_M3,Polishing_M3,22,0,3,2,High,Warm,1,High
P0496,Grinding_M2,Overloaded,18,28,Yes,Evening,Ceramic_Hybrid,31,3,52,Assembly_M4,Assembly_M4,12,1,3,,High,Normal,1,Medium
P0469,Grinding_M2,Busy,22,19,No,Evening,Bearing_Steel_Chrome,57,26,17,Packaging_Line,Assembly_M4,23,0,1,,High,Warm,1,High
P0475,Polishing_M3,Busy,5,36,No,Evening,Bearing_Stainless,69,19,39,Assembly_M4,Polishing_M3,1,0,1,,Medium,Warm,0,Low
P0041,Polishing_M3,Maintenance,14,9,Yes,Morning,Ceramic_Hybrid,81,14,58,Polishing_M3,Lathe_M1,5,1,2,0,Medium,Hot,0,Low
P0305,Lathe_M1,Overloaded,18,25,No,Morning,Bearing_Steel_Chrome,48,29,22,Packaging_Line,Polishing_M3,21,0,3,0,High,Normal,1,High
P0375,Lathe_M1,Busy,21,14,Yes,Morning,Bearing_Steel_Chrome,48,9,51,Grinding_M2,Assembly_M4,21,1,1,0,High,Normal,1,High
P0399,Assembly_M4,Busy,24,27,Yes,Morning,Bearing_Stainless,46,5,38,Assembly_M4,Assembly_M4,24,1,1,0,High,Normal,1,High
P0350,Assembly_M4,Busy,5,32,Yes,Morning,Ceramic_Hybrid,55,4,43,Grinding_M2,Assembly_M4,10,1,1,0,Medium,Warm,0,Medium
P0368,Polishing_M3,Idle,22,10,No,Evening,Ceramic_Hybrid,40,3,28,Grinding_M2,Grinding_M2,17,0,0,,High,Normal,1,Medium
P0001,Lathe_M1,Idle,12,5,Yes,Evening,Bearing_Stainless,30,6,49,Assembly_M4,Lathe_M1,28,1,0,,Medium,Normal,0,High
P0006,Grinding_M2,Maintenance,22,33,Yes,Morning,Bearing_Stainless,36,8,51,Grinding_M2,Polishing_M3,3,1,2,0,High,Normal,1,Low
P0110,Grinding_M2,Overloaded,15,5,No,Evening,Ceramic_Hybrid,51,17,28,Assembly_M4,Lathe_M1,12,0,3,,High,Warm,1,Medium
P0225,Polishing_M3,Busy,18,12,No,Morning,Bearing_Stainless,79,13,51,Polishing_M3,Grinding_M2,2,0,1,0,High,Hot,1,Low
P0238,Lathe_M1,Overloaded,16,43,No,Night,Bearing_Steel_Chrome,69,2,42,Polishing_M3,Lathe_M1,13,0,3,2,High,Warm,1,Medium
P0025,Lathe_M1,Maintenance,10,14,No,Night,Ceramic_Hybrid,72,28,30,Polishing_M3,Polishing_M3,24,0,2,2,Medium,Hot,0,High
P0396,Lathe_M1,Idle,22,24,Yes,Morning,Bearing_Stainless,41,18,8,Assembly_M4,Grinding_M2,5,1,0,0,High,Normal,1,Low
P0481,Lathe_M1,Idle,22,14,No,Morning,Ceramic_Hybrid,70,29,37,Assembly_M4,Lathe_M1,11,0,0,0,High,Hot,1,Medium
P0037,Polishing_M3,Busy,22,33,Yes,Night,Bearing_Stainless,51,19,44,Polishing_M3,Polishing_M3,28,1,1,2,High,Warm,1,High
P0178,Grinding_M2,Overloaded,9,9,No,Morning,Bearing_Steel_Chrome,34,19,25,Assembly_M4,Assembly_M4,24,0,3,0,Medium,Normal,0,High
P0037,Lathe_M1,Busy,5,7,No,Evening,Ceramic_Hybrid,64,10,41,Grinding_M2,Lathe_M1,29,0,1,,Medium,Warm,0,High
P0204,Assembly_M4,Busy,1,6,Yes,Night,Bearing_Stainless,63,18,46,Packaging_Line,Assembly_M4,12,1,1,2,Low,Warm,0,Medium
P0135,Lathe_M1,Idle,1,24,No,Night,Bearing_Stainless,57,5,49,Polishing_M3,Grinding_M2,12,0,0,2,Low,Warm,0,Medium
P0340,Grinding_M2,Overloaded,10,9,No,Night,Ceramic_Hybrid,49,18,41,Assembly_M4,Grinding_M2,2,0,3,2,Medium,Normal,0,Low
P0011,Lathe_M1,Maintenance,8,10,No,Evening,Bearing_Stainless,42,15,23,Polishing_M3,Polishing_M3,14,0,2,,Medium,Normal,0,Medium
P0168,Lathe_M1,Idle,7,21,Yes,Night,Bearing_Stainless,84,4,33,Grinding_M2,Lathe_M1,10,1,0,2,Medium,Hot,0,Medium
P0253,Grinding_M2,Maintenance,16,12,No,Evening,Bearing_Steel_Chrome,25,14,57,Packaging_Line,Grinding_M2,4,0,2,,High,Normal,1,Low
P0147,Lathe_M1,Maintenance,6,9,No,Morning,Ceramic_Hybrid,48,29,47,Grinding_M2,Grinding_M2,17,0,2,0,Medium,Normal,0,Medium
P0339,Grinding_M2,Idle,4,24,Yes,Evening,Bearing_Stainless,27,6,30,Grinding_M2,Lathe_M1,15,1,0,,Low,Normal,0,Medium
P0008,Lathe_M1,Busy,18,12,No,Night,Bearing_Steel_Chrome,37,17,7,Assembly_M4,Grinding_M2,1,0,1,2,High,Normal,1,Low
P0003,Assembly_M4,Overloaded,8,35,Yes,Morning,Bearing_Steel_Chrome,65,23,30,Grinding_M2,Lathe_M1,17,1,3,0,Medium,Warm,0,Medium
P0197,Assembly_M4,Maintenance,23,38,Yes,Morning,Ceramic_Hybrid,33,25,55,Grinding_M2,Polishing_M3,13,1,2,0,High,Normal,1,Medium
P0459,Polishing_M3,Maintenance,4,17,No,Night,Ceramic_Hybrid,25,26,51,Packaging_Line,Polishing_M3,4,0,2,2,Low,Normal,0,Low
P0439,Grinding_M2,Busy,3,14,Yes,Night,Ceramic_Hybrid,52,26,10,Packaging_Line,Polishing_M3,27,1,1,2,Low,Warm,0,High
P0086,Assembly_M4,Busy,23,16,Yes,Morning,Bearing_Stainless,76,17,7,Polishing_M3,Lathe_M1,14,1,1,0,High,Hot,1,Medium
P0453,Grinding_M2,Maintenance,0,14,No,Evening,Ceramic_Hybrid,55,16,11,Polishing_M3,Lathe_M1,4,0,2,,Low,Warm,0,Low
P0131,Assembly_M4,Maintenance,13,18,Yes,Night,Ceramic_Hybrid,27,18,57,Polishing_M3,Lathe_M1,14,1,2,2,Medium,Normal,0,Medium
P0465,Assembly_M4,Busy,17,7,Yes,Evening,Bearing_Steel_Chrome,46,20,39,Polishing_M3,Lathe_M1,12,1,1,,High,Normal,1,Medium
P0093,Grinding_M2,Maintenance,21,9,Yes,Morning,Ceramic_Hybrid,34,10,37,Polishing_M3,Lathe_M1,13,1,2,0,High,Normal,1,Medium
P0181,Lathe_M1,Maintenance,2,36,Yes,Night,Bearing_Stainless,35,17,42,Grinding_M2,Assembly_M4,24,1,2,2,Low,Normal,0,High
P0055,Lathe_M1,Maintenance,2,23,Yes,Night,Bearing_Stainless,30,9,58,Assembly_M4,Lathe_M1,13,1,2,2,Low,Normal,0,Medium
P0374,Polishing_M3,Maintenance,11,39,No,Morning,Ceramic_Hybrid,28,2,17,Grinding_M2,Assembly_M4,24,0,2,0,Medium,Normal,0,High
P0285,Lathe_M1,Busy,3,23,No,Morning,Bearing_Stainless,67,13,15,Polishing_M3,Lathe_M1,6,0,1,0,Low,Warm,0,Low
P0281,Assembly_M4,Idle,11,31,No,Morning,Ceramic_Hybrid,65,26,46,Assembly_M4,Polishing_M3,3,0,0,0,Medium,Warm,0,Low
P0493,Polishing_M3,Busy,2,24,Yes,Night,Bearing_Steel_Chrome,52,24,52,Polishing_M3,Assembly_M4,3,1,1,2,Low,Warm,0,Low
P0084,Lathe_M1,Busy,9,28,Yes,Night,Bearing_Steel_Chrome,67,9,10,Assembly_M4,Grinding_M2,20,1,1,2,Medium,Warm,0,High
P0321,Grinding_M2,Idle,10,36,Yes,Morning,Bearing_Stainless,84,28,25,Grinding_M2,Polishing_M3,12,1,0,0,Medium,Hot,0,Medium
P0143,Assembly_M4,Overloaded,15,17,Yes,Night,Bearing_Steel_Chrome,46,4,51,Grinding_M2,Lathe_M1,22,1,3,2,High,Normal,1,High
P0216,Polishing_M3,Idle,20,22,Yes,Night,Bearing_Steel_Chrome,55,29,50,Grinding_M2,Grinding_M2,5,1,0,2,High,Warm,1,Low
P0019,Grinding_M2,Busy,20,18,No,Night,Ceramic_Hybrid,49,28,44,Polishing_M3,Grinding_M2,28,0,1,2,High,Normal,1,High
P0437,Grinding_M2,Idle,22,35,No,Evening,Bearing_Stainless,71,29,33,Polishing_M3,Lathe_M1,15,0,0,,High,Hot,1,Medium
P0125,Polishing_M3,Idle,18,30,Yes,Morning,Ceramic_Hybrid,44,7,23,Grinding_M2,Assembly_M4,27,1,0,0,High,Normal,1,High
P0172,Lathe_M1,Maintenance,24,44,No,Evening,Bearing_Steel_Chrome,62,21,27,Grinding_M2,Lathe_M1,29,0,2,,High,Warm,1,High
P0177,Grinding_M2,Maintenance,14,7,No,Evening,Bearing_Stainless,34,16,20,Packaging_Line,Lathe_M1,17,0,2,,Medium,Normal,0,Medium
P0313,Grinding_M2,Idle,18,15,Yes,Night,Bearing_Steel_Chrome,72,6,9,Polishing_M3,Lathe_M1,26,1,0,2,High,Hot,1,High
P0213,Lathe_M1,Maintenance,13,30,No,Evening,Ceramic_Hybrid,32,6,11,Grinding_M2,Grinding_M2,16,0,2,,Medium,Normal,0,Medium
P0299,Grinding_M2,Busy,22,18,Yes,Evening,Bearing_Steel_Chrome,61,25,45,Assembly_M4,Lathe_M1,4,1,1,,High,Warm,1,Low
P0318,Assembly_M4,Maintenance,3,21,Yes,Morning,Ceramic_Hybrid,71,5,10,Grinding_M2,Grinding_M2,16,1,2,0,Low,Hot,0,Medium
P0481,Lathe_M1,Maintenance,3,42,No,Morning,Ceramic_Hybrid,61,17,52,Grinding_M2,Polishing_M3,10,0,2,0,Low,Warm,0,Medium
P0208,Polishing_M3,Maintenance,8,40,No,Evening,Bearing_Steel_Chrome,53,15,8,Packaging_Line,Grinding_M2,12,0,2,,Medium,Warm,0,Medium
P0359,Assembly_M4,Idle,23,40,Yes,Night,Ceramic_Hybrid,74,14,17,Packaging_Line,Polishing_M3,14,1,0,2,High,Hot,1,Medium
P0186,Lathe_M1,Overloaded,17,37,No,Evening,Bearing_Stainless,45,17,19,Grinding_M2,Assembly_M4,22,0,3,,High,Normal,1,High
P0495,Assembly_M4,Maintenance,24,9,Yes,Night,Bearing_Stainless,30,7,7,Polishing_M3,Grinding_M2,16,1,2,2,High,Normal,1,Medium
P0291,Assembly_M4,Overloaded,11,40,Yes,Evening,Ceramic_Hybrid,57,5,37,Packaging_Line,Grinding_M2,21,1,3,,Medium,Warm,0,High
P0233,Grinding_M2,Idle,7,41,Yes,Evening,Bearing_Steel_Chrome,56,27,6,Packaging_Line,Lathe_M1,12,1,0,,Medium,Warm,0,Medium
P0046,Polishing_M3,Idle,21,21,No,Morning,Bearing_Stainless,31,12,8,Polishing_M3,Polishing_M3,5,0,0,0,High,Normal,1,Low
P0482,Polishing_M3,Overloaded,5,36,Yes,Morning,Ceramic_Hybrid,35,2,29,Grinding_M2,Assembly_M4,10,1,3,0,Medium,Normal,0,Medium
P0486,Lathe_M1,Maintenance,19,28,Yes,Night,Bearing_Steel_Chrome,77,12,21,Assembly_M4,Lathe_M1,8,1,2,2,High,Hot,1,Low
P0337,Assembly_M4,Overloaded,12,31,Yes,Morning,Ceramic_Hybrid,76,19,31,Assembly_M4,Grinding_M2,22,1,3,0,Medium,Hot,0,High
P0455,Grinding_M2,Overloaded,15,6,No,Morning,Bearing_Stainless,29,19,7,Grinding_M2,Polishing_M3,27,0,3,0,High,Normal,1,High
P0273,Grinding_M2,Idle,21,21,Yes,Evening,Bearing_Steel_Chrome,40,7,55,Grinding_M2,Grinding_M2,7,1,0,,High,Normal,1,Low
P0040,Lathe_M1,Overloaded,17,18,No,Evening,Bearing_Steel_Chrome,62,9,19,Assembly_M4,Polishing_M3,15,0,3,,High,Warm,1,Medium
P0190,Assembly_M4,Maintenance,14,37,No,Evening,Bearing_Stainless,67,28,33,Packaging_Line,Assembly_M4,25,0,2,,Medium,Warm,0,High
P0301,Polishing_M3,Overloaded,4,9,Yes,Evening,Bearing_Steel_Chrome,53,29,57,Packaging_Line,Polishing_M3,6,1,3,,Low,Warm,0,Low
P0289,Assembly_M4,Overloaded,1,10,No,Evening,Ceramic_Hybrid,70,12,8,Packaging_Line,Lathe_M1,24,0,3,,Low,Hot,0,High
P0221,Grinding_M2,Overloaded,24,13,Yes,Morning,Bearing_Steel_Chrome,80,4,30,Assembly_M4,Polishing_M3,16,1,3,0,High,Hot,1,Medium
P0190,Lathe_M1,Busy,10,31,No,Night,Bearing_Stainless,60,2,57,Grinding_M2,Polishing_M3,22,0,1,2,Medium,Warm,0,High
P0095,Assembly_M4,Idle,15,15,No,Evening,Ceramic_Hybrid,50,9,59,Packaging_Line,Assembly_M4,1,0,0,,High,Warm,1,Low
P0155,Assembly_M4,Idle,20,13,Yes,Morning,Bearing_Steel_Chrome,84,28,48,Packaging_Line,Polishing_M3,22,1,0,0,High,Hot,1,High
P0070,Grinding_M2,Overloaded,7,31,Yes,Evening,Bearing_Steel_Chrome,63,20,29,Packaging_Line,Lathe_M1,6,1,3,,Medium,Warm,0,Low
P0478,Polishing_M3,Busy,20,28,No,Night,Ceramic_Hybrid,48,29,23,Polishing_M3,Grinding_M2,18,0,1,2,High,Normal,1,Medium
P0406,Grinding_M2,Maintenance,14,6,Yes,Evening,Bearing_Stainless,38,22,36,Assembly_M4,Grinding_M2,10,1,2,,Medium,Normal,0,Medium
P0368,Lathe_M1,Maintenance,15,43,No,Morning,Ceramic_Hybrid,64,11,51,Packaging_Line,Grinding_M2,8,0,2,0,High,Warm,1,Low
P0054,Lathe_M1,Busy,12,16,Yes,Evening,Ceramic_Hybrid,32,16,30,Assembly_M4,Grinding_M2,12,1,1,,Medium,Normal,0,Medium
P0073,Lathe_M1,Busy,10,31,No,Night,Ceramic_Hybrid,42,14,40,Packaging_Line,Lathe_M1,17,0,1,2,Medium,Normal,0,Medium
P0470,Polishing_M3,Overloaded,18,31,Yes,Morning,Bearing_Stainless,33,24,43,Assembly_M4,Grinding_M2,1,1,3,0,High,Normal,1,Low
P0222,Assembly_M4,Overloaded,6,30,No,Night,Ceramic_Hybrid,31,21,11,Packaging_Line,Lathe_M1,8,0,3,2,Medium,Normal,0,Low
P0058,Assembly_M4,Idle,15,7,Yes,Night,Ceramic_Hybrid,69,11,54,Grinding_M2,Assembly_M4,7,1,0,2,High,Warm,1,Low
P0408,Polishing_M3,Idle,20,41,Yes,Evening,Bearing_Stainless,55,24,31,Packaging_Line,Grinding_M2,24,1,0,,High,Warm,1,High
P0296,Assembly_M4,Maintenance,21,43,No,Evening,Bearing_Steel_Chrome,81,28,58,Polishing_M3,Assembly_M4,17,0,2,,High,Hot,1,Medium
P0002,Lathe_M1,Overloaded,3,28,Yes,Night,Bearing_Steel_Chrome,47,17,23,Assembly_M4,Grinding_M2,10,1,3,2,Low,Normal,0,Medium
P0417,Assembly_M4,Busy,2,31,Yes,Evening,Bearing_Stainless,27,29,21,Grinding_M2,Lathe_M1,10,1,1,,Low,Normal,0,Medium
P0013,Grinding_M2,Maintenance,16,26,Yes,Night,Bearing_Steel_Chrome,54,18,25,Grinding_M2,Polishing_M3,4,1,2,2,High,Warm,1,Low
P0096,Polishing_M3,Maintenance,20,27,Yes,Morning,Bearing_Stainless,62,13,29,Grinding_M2,Polishing_M3,22,1,2,0,High,Warm,1,High
P0117,Lathe_M1,Idle,24,24,No,Night,Ceramic_Hybrid,73,18,46,Grinding_M2,Assembly_M4,7,0,0,2,High,Hot,1,Low
P0085,Lathe_M1,Idle,15,33,Yes,Morning,Bearing_Stainless,37,4,6,Assembly_M4,Polishing_M3,16,1,0,0,High,Normal,1,Medium
P0364,Grinding_M2,Maintenance,5,10,Yes,Night,Bearing_Steel_Chrome,69,8,9,Polishing_M3,Assembly_M4,24,1,2,2,Medium,Warm,0,High
P0402,Grinding_M2,Overloaded,6,38,Yes,Night,Bearing_Stainless,56,18,17,Assembly_M4,Grinding_M2,25,1,3,2,Medium,Warm,0,High
P0466,Grinding_M2,Idle,20,25,Yes,Morning,Ceramic_Hybrid,52,17,24,Packaging_Line,Grinding_M2,2,1,0,0,High,Warm,1,Low
P0359,Grinding_M2,Idle,4,22,Yes,Evening,Bearing_Stainless,84,8,47,Packaging_Line,Grinding_M2,25,1,0,,Low,Hot,0,High
P0401,Polishing_M3,Idle,24,15,Yes,Morning,Bearing_Stainless,78,18,52,Packaging_Line,Lathe_M1,13,1,0,0,High,Hot,1,Medium
P0260,Polishing_M3,Busy,21,41,No,Evening,Bearing_Steel_Chrome,44,17,58,Grinding_M2,Assembly_M4,22,0,1,,High,Normal,1,High
P0024,Grinding_M2,Maintenance,15,10,No,Morning,Ceramic_Hybrid,58,15,52,Polishing_M3,Grinding_M2,23,0,2,0,High,Warm,1,High
P0196,Lathe_M1,Busy,19,17,Yes,Evening,Bearing_Steel_Chrome,71,13,45,Polishing_M3,Assembly_M4,26,1,1,,High,Hot,1,High
P0052,Polishing_M3,Idle,17,18,Yes,Night,Bearing_Steel_Chrome,76,26,40,Packaging_Line,Assembly_M4,8,1,0,2,High,Hot,1,Low
P0473,Polishing_M3,Overloaded,7,26,No,Evening,Bearing_Steel_Chrome,46,17,31,Assembly_M4,Assembly_M4,24,0,3,,Medium,Normal,0,High
P0386,Polishing_M3,Idle,9,29,Yes,Morning,Bearing_Steel_Chrome,55,22,31,Polishing_M3,Grinding_M2,17,1,0,0,Medium,Warm,0,Medium
P0488,Grinding_M2,Busy,0,35,Yes,Night,Bearing_Stainless,74,11,30,Assembly_M4,Grinding_M2,21,1,1,2,Low,Hot,0,High
P0178,Grinding_M2,Idle,3,5,Yes,Night,Bearing_Stainless,28,5,30,Packaging_Line,Lathe_M1,4,1,0,2,Low,Normal,0,Low
P0194,Grinding_M2,Overloaded,16,13,Yes,Evening,Ceramic_Hybrid,54,20,49,Grinding_M2,Assembly_M4,4,1,3,,High,Warm,1,Low
P0125,Assembly_M4,Idle,4,27,Yes,Night,Bearing_Steel_Chrome,40,23,41,Grinding_M2,Polishing_M3,8,1,0,2,Low,Normal,0,Low
P0204,Assembly_M4,Overloaded,15,37,Yes,Morning,Bearing_Steel_Chrome,79,29,42,Packaging_Line,Polishing_M3,11,1,3,0,High,Hot,1,Medium
P0118,Polishing_M3,Busy,15,9,No,Morning,Bearing_Steel_Chrome,40,8,55,Grinding_M2,Grinding_M2,1,0,1,0,High,Normal,1,Low
P0397,Assembly_M4,Idle,8,22,No,Night,Bearing_Steel_Chrome,69,27,51,Assembly_M4,Assembly_M4,3,0,0,2,Medium,Warm,0,Low
P0118,Assembly_M4,Overloaded,23,32,No,Morning,Bearing_Stainless,34,10,17,Assembly_M4,Assembly_M4,16,0,3,0,High,Normal,1,Medium
P0024,Polishing_M3,Overloaded,2,27,No,Night,Bearing_Steel_Chrome,71,18,50,Polishing_M3,Lathe_M1,7,0,3,2,Low,Hot,0,Low
P0189,Lathe_M1,Maintenance,19,20,No,Morning,Bearing_Steel_Chrome,77,9,40,Assembly_M4,Polishing_M3,20,0,2,0,High,Hot,1,High
P0220,Polishing_M3,Busy,23,9,Yes,Night,Ceramic_Hybrid,69,7,32,Packaging_Line,Grinding_M2,27,1,1,2,High,Warm,1,High
P0303,Polishing_M3,Maintenance,4,43,No,Evening,Bearing_Steel_Chrome,62,3,47,Grinding_M2,Assembly_M4,7,0,2,,Low,Warm,0,Low
P0412,Lathe_M1,Idle,21,25,Yes,Evening,Bearing_Steel_Chrome,64,6,22,Packaging_Line,Grinding_M2,22,1,0,,High,Warm,1,High
P0342,Lathe_M1,Busy,15,16,No,Morning,Bearing_Steel_Chrome,41,6,50,Grinding_M2,Grinding_M2,6,0,1,0,High,Normal,1,Low
P0158,Lathe_M1,Idle,14,11,Yes,Night,Bearing_Stainless,38,19,5,Packaging_Line,Assembly_M4,6,1,0,2,Medium,Normal,0,Low
P0273,Assembly_M4,Maintenance,2,41,Yes,Night,Ceramic_Hybrid,68,12,17,Packaging_Line,Grinding_M2,16,1,2,2,Low,Warm,0,Medium
P0038,Grinding_M2,Maintenance,17,21,No,Evening,Bearing_Steel_Chrome,41,12,24,Grinding_M2,Grinding_M2,10,0,2,,High,Normal,1,Medium
P0068,Assembly_M4,Maintenance,15,38,Yes,Evening,Bearing_Stainless,41,23,56,Packaging_Line,Assembly_M4,10,1,2,,High,Normal,1,Medium
P0181,Grinding_M2,Idle,12,43,No,Morning,Bearing_Steel_Chrome,51,23,57,Grinding_M2,Assembly_M4,26,0,0,0,Medium,Warm,0,High
P0169,Polishing_M3,Idle,12,16,Yes,Night,Ceramic_Hybrid,68,29,6,Assembly_M4,Grinding_M2,5,1,0,2,Medium,Warm,0,Low
P0120,Lathe_M1,Idle,24,38,Yes,Morning,Bearing_Steel_Chrome,47,27,56,Grinding_M2,Polishing_M3,13,1,0,0,High,Normal,1,Medium
P0432,Lathe_M1,Overloaded,2,15,No,Evening,Bearing_Stainless,72,2,55,Assembly_M4,Assembly_M4,11,0,3,,Low,Hot,0,Medium
P0410,Polishing_M3,Maintenance,8,18,Yes,Night,Bearing_Steel_Chrome,33,8,52,Grinding_M2,Grinding_M2,3,1,2,2,Medium,Normal,0,Low
P0216,Assembly_M4,Maintenance,18,40,No,Evening,Ceramic_Hybrid,56,8,59,Packaging_Line,Assembly_M4,28,0,2,,High,Warm,1,High
P0206,Polishing_M3,Maintenance,11,22,No,Evening,Bearing_Steel_Chrome,84,6,27,Packaging_Line,Grinding_M2,23,0,2,,Medium,Hot,0,High
P0198,Polishing_M3,Maintenance,21,30,Yes,Evening,Bearing_Stainless,66,13,44,Grinding_M2,Lathe_M1,19,1,2,,High,Warm,1,Medium
P0209,Grinding_M2,Overloaded,14,5,No,Night,Bearing_Steel_Chrome,27,28,22,Packaging_Line,Grinding_M2,18,0,3,2,Medium,Normal,0,Medium
P0020,Assembly_M4,Overloaded,1,9,No,Night,Bearing_Steel_Chrome,53,2,46,Packaging_Line,Assembly_M4,20,0,3,2,Low,Warm,0,High
P0041,Lathe_M1,Overloaded,9,9,Yes,Night,Ceramic_Hybrid,74,22,19,Packaging_Line,Grinding_M2,20,1,3,2,Medium,Hot,0,High
P0165,Grinding_M2,Busy,7,35,No,Night,Bearing_Stainless,36,22,34,Grinding_M2,Grinding_M2,27,0,1,2,Medium,Normal,0,High
P0189,Polishing_M3,Busy,11,30,Yes,Night,Bearing_Steel_Chrome,57,27,30,Packaging_Line,Assembly_M4,4,1,1,2,Medium,Warm,0,Low
P0346,Grinding_M2,Maintenance,7,5,No,Morning,Bearing_Steel_Chrome,83,16,54,Assembly_M4,Polishing_M3,1,0,2,0,Medium,Hot,0,Low
P0470,Polishing_M3,Maintenance,10,6,No,Evening,Bearing_Stainless,25,13,20,Packaging_Line,Grinding_M2,22,0,2,,Medium,Normal,0,High
P0153,Polishing_M3,Overloaded,21,22,No,Night,Bearing_Steel_Chrome,71,18,34,Assembly_M4,Polishing_M3,10,0,3,2,High,Hot,1,Medium
P0403,Lathe_M1,Overloaded,2,25,Yes,Evening,Ceramic_Hybrid,40,7,7,Polishing_M3,Grinding_M2,9,1,3,,Low,Normal,0,Low
P0427,Polishing_M3,Overloaded,10,25,No,Evening,Bearing_Steel_Chrome,37,19,58,Assembly_M4,Assembly_M4,28,0,3,,Medium,Normal,0,High
P0136,Lathe_M1,Idle,23,31,Yes,Morning,Bearing_Steel_Chrome,78,5,26,Assembly_M4,Assembly_M4,24,1,0,0,High,Hot,1,High
P0066,Assembly_M4,Idle,7,14,No,Morning,Bearing_Steel_Chrome,26,9,10,Polishing_M3,Lathe_M1,16,0,0,0,Medium,Normal,0,Medium
P0496,Lathe_M1,Maintenance,17,21,Yes,Morning,Ceramic_Hybrid,62,14,27,Polishing_M3,Lathe_M1,14,1,2,0,High,Warm,1,Medium
P0441,Assembly_M4,Busy,20,14,No,Evening,Bearing_Stainless,80,12,17,Assembly_M4,Grinding_M2,12,0,1,,High,Hot,1,Medium
P0147,Assembly_M4,Overloaded,8,8,No,Evening,Ceramic_Hybrid,63,25,58,Polishing_M3,Grinding_M2,2,0,3,,Medium,Warm,0,Low
P0020,Grinding_M2,Busy,6,9,Yes,Evening,Bearing_Stainless,39,19,8,Packaging_Line,Polishing_M3,19,1,1,,Medium,Normal,0,Medium
P0196,Lathe_M1,Idle,19,43,Yes,Night,Bearing_Steel_Chrome,82,9,53,Grinding_M2,Grinding_M2,13,1,0,2,High,Hot,1,Medium
P0460,Polishing_M3,Busy,23,32,Yes,Morning,Bearing_Steel_Chrome,79,12,31,Packaging_Line,Polishing_M3,1,1,1,0,High,Hot,1,Low
P0440,Assembly_M4,Overloaded,1,21,No,Morning,Bearing_Stainless,61,7,30,Assembly_M4,Assembly_M4,25,0,3,0,Low,Warm,0,High
P0494,Lathe_M1,Maintenance,23,43,Yes,Night,Ceramic_Hybrid,84,22,34,Polishing_M3,Lathe_M1,15,1,2,2,High,Hot,1,Medium
P0134,Polishing_M3,Overloaded,18,17,Yes,Evening,Ceramic_Hybrid,61,4,36,Assembly_M4,Assembly_M4,3,1,3,,High,Warm,1,Low
P0199,Grinding_M2,Busy,18,18,Yes,Morning,Ceramic_Hybrid,72,23,21,Assembly_M4,Lathe_M1,27,1,1,0,High,Hot,1,High
P0454,Grinding_M2,Overloaded,3,44,Yes,Morning,Bearing_Stainless,43,6,6,Polishing_M3,Grinding_M2,15,1,3,0,Low,Normal,0,Medium
P0018,Grinding_M2,Idle,1,15,No,Evening,Bearing_Stainless,69,24,14,Polishing_M3,Polishing_M3,3,0,0,,Low,Warm,0,Low
P0209,Grinding_M2,Busy,4,7,Yes,Evening,Bearing_Steel_Chrome,62,14,46,Packaging_Line,Assembly_M4,19,1,1,,Low,Warm,0,Medium
P0259,Assembly_M4,Busy,7,39,Yes,Night,Ceramic_Hybrid,48,25,21,Assembly_M4,Grinding_M2,8,1,1,2,Medium,Normal,0,Low
P0292,Polishing_M3,Maintenance,9,6,Yes,Morning,Ceramic_Hybrid,68,24,10,Grinding_M2,Assembly_M4,2,1,2,0,Medium,Warm,0,Low
P0225,Polishing_M3,Busy,20,39,No,Evening,Bearing_Steel_Chrome,73,8,33,Grinding_M2,Polishing_M3,21,0,1,,High,Hot,1,High
P0107,Polishing_M3,Busy,4,27,Yes,Morning,Ceramic_Hybrid,57,9,16,Assembly_M4,Lathe_M1,14,1,1,0,Low,Warm,0,Medium
P0084,Grinding_M2,Overloaded,15,14,No,Evening,Bearing_Stainless,39,22,28,Polishing_M3,Assembly_M4,26,0,3,,High,Normal,1,High
P0385,Polishing_M3,Idle,14,43,Yes,Morning,Bearing_Steel_Chrome,82,4,6,Polishing_M3,Grinding_M2,6,1,0,0,Medium,Hot,0,Low
P0005,Grinding_M2,Busy,20,13,Yes,Evening,Bearing_Stainless,34,5,7,Grinding_M2,Grinding_M2,9,1,1,,High,Normal,1,Low
P0105,Lathe_M1,Idle,23,26,Yes,Morning,Bearing_Steel_Chrome,73,15,46,Assembly_M4,Assembly_M4,13,1,0,0,High,Hot,1,Medium
P0240,Assembly_M4,Busy,11,31,Yes,Night,Bearing_Stainless,57,29,26,Packaging_Line,Polishing_M3,29,1,1,2,Medium,Warm,0,High
P0478,Lathe_M1,Maintenance,18,23,No,Morning,Bearing_Stainless,30,14,23,Assembly_M4,Polishing_M3,13,0,2,0,High,Normal,1,Medium
P0128,Lathe_M1,Idle,21,25,No,Night,Bearing_Stainless,60,25,6,Polishing_M3,Lathe_M1,15,0,0,2,High,Warm,1,Medium
P0041,Grinding_M2,Idle,11,34,No,Evening,Bearing_Steel_Chrome,51,8,24,Polishing_M3,Lathe_M1,18,0,0,,Medium,Warm,0,Medium
P0111,Polishing_M3,Idle,22,17,Yes,Morning,Ceramic_Hybrid,41,5,18,Assembly_M4,Assembly_M4,20,1,0,0,High,Normal,1,High
P0035,Lathe_M1,Busy,12,7,No,Night,Bearing_Steel_Chrome,50,27,22,Polishing_M3,Grinding_M2,14,0,1,2,Medium,Warm,0,Medium
P0150,Lathe_M1,Overloaded,14,7,Yes,Evening,Ceramic_Hybrid,25,27,28,Packaging_Line,Polishing_M3,17,1,3,,Medium,Normal,0,Medium
P0339,Assembly_M4,Busy,2,18,No,Night,Ceramic_Hybrid,27,14,51,Packaging_Line,Polishing_M3,18,0,1,2,Low,Normal,0,Medium
P0423,Polishing_M3,Maintenance,13,25,Yes,Night,Ceramic_Hybrid,50,4,55,Polishing_M3,Polishing_M3,8,1,2,2,Medium,Warm,0,Low
P0026,Assembly_M4,Overloaded,3,40,Yes,Night,Bearing_Stainless,75,12,5,Polishing_M3,Assembly_M4,8,1,3,2,Low,Hot,0,Low
P0323,Grinding_M2,Overloaded,14,37,Yes,Morning,Bearing_Steel_Chrome,31,22,56,Assembly_M4,Lathe_M1,20,1,3,0,Medium,Normal,0,High
P0411,Polishing_M3,Maintenance,23,15,No,Night,Bearing_Stainless,51,15,26,Assembly_M4,Grinding_M2,16,0,2,2,High,Warm,1,Medium
P0485,Grinding_M2,Maintenance,13,16,Yes,Night,Bearing_Steel_Chrome,73,15,14,Packaging_Line,Lathe_M1,24,1,2,2,Medium,Hot,0,High
P0407,Grinding_M2,Busy,13,22,Yes,Morning,Bearing_Steel_Chrome,46,10,21,Grinding_M2,Lathe_M1,6,1,1,0,Medium,Normal,0,Low
P0272,Assembly_M4,Busy,7,17,Yes,Night,Bearing_Stainless,74,6,10,Packaging_Line,Lathe_M1,21,1,1,2,Medium,Hot,0,High
P0343,Lathe_M1,Maintenance,18,40,Yes,Evening,Bearing_Stainless,31,5,29,Grinding_M2,Grinding_M2,11,1,2,,High,Normal,1,Medium
P0307,Grinding_M2,Overloaded,11,18,Yes,Night,Ceramic_Hybrid,69,11,54,Assembly_M4,Polishing_M3,16,1,3,2,Medium,Warm,0,Medium
P0092,Polishing_M3,Busy,4,12,No,Morning,Bearing_Steel_Chrome,70,6,28,Polishing_M3,Grinding_M2,8,0,1,0,Low,Hot,0,Low
P0464,Assembly_M4,Maintenance,24,30,No,Morning,Bearing_Steel_Chrome,30,17,40,Packaging_Line,Grinding_M2,12,0,2,0,High,Normal,1,Medium
P0084,Lathe_M1,Overloaded,10,7,No,Morning,Bearing_Steel_Chrome,68,6,10,Grinding_M2,Assembly_M4,19,0,3,0,Medium,Warm,0,Medium
P0091,Assembly_M4,Overloaded,17,20,No,Night,Ceramic_Hybrid,47,12,41,Packaging_Line,Grinding_M2,9,0,3,2,High,Normal,1,Low
P0466,Grinding_M2,Busy,2,12,Yes,Morning,Bearing_Stainless,62,5,16,Assembly_M4,Polishing_M3,12,1,1,0,Low,Warm,0,Medium
P0227,Lathe_M1,Overloaded,24,20,No,Night,Ceramic_Hybrid,66,23,18,Assembly_M4,Lathe_M1,13,0,3,2,High,Warm,1,Medium
P0139,Assembly_M4,Busy,8,11,Yes,Morning,Bearing_Stainless,36,6,54,Packaging_Line,Polishing_M3,4,1,1,0,Medium,Normal,0,Low
P0037,Polishing_M3,Idle,1,39,No,Evening,Bearing_Stainless,82,13,7,Polishing_M3,Assembly_M4,4,0,0,,Low,Hot,0,Low
P0219,Grinding_M2,Idle,5,16,No,Evening,Bearing_Steel_Chrome,43,11,5,Assembly_M4,Grinding_M2,17,0,0,,Medium,Normal,0,Medium
P0232,Assembly_M4,Maintenance,15,13,No,Morning,Bearing_Steel_Chrome,81,22,13,Assembly_M4,Grinding_M2,27,0,2,0,High,Hot,1,High
P0009,Assembly_M4,Busy,22,13,No,Evening,Ceramic_Hybrid,36,24,45,Grinding_M2,Grinding_M2,15,0,1,,High,Normal,1,Medium
P0415,Grinding_M2,Busy,1,15,No,Night,Ceramic_Hybrid,35,9,59,Polishing_M3,Grinding_M2,6,0,1,2,Low,Normal,0,Low
P0304,Polishing_M3,Busy,20,24,Yes,Evening,Bearing_Stainless,63,4,12,Polishing_M3,Lathe_M1,18,1,1,,High,Warm,1,Medium
P0078,Polishing_M3,Overloaded,16,38,No,Morning,Bearing_Stainless,81,22,23,Polishing_M3,Assembly_M4,7,0,3,0,High,Hot,1,Low
P0343,Grinding_M2,Maintenance,17,44,Yes,Night,Ceramic_Hybrid,38,8,57,Assembly_M4,Grinding_M2,28,1,2,2,High,Normal,1,High
P0022,Assembly_M4,Maintenance,3,21,Yes,Evening,Ceramic_Hybrid,61,13,13,Assembly_M4,Lathe_M1,26,1,2,,Low,Warm,0,High
P0331,Polishing_M3,Busy,19,32,Yes,Morning,Ceramic_Hybrid,74,21,45,Grinding_M2,Grinding_M2,4,1,1,0,High,Hot,1,Low
P0336,Lathe_M1,Busy,20,31,No,Night,Ceramic_Hybrid,32,2,21,Polishing_M3,Grinding_M2,25,0,1,2,High,Normal,1,High
P0033,Lathe_M1,Idle,8,24,Yes,Morning,Bearing_Steel_Chrome,69,3,36,Grinding_M2,Polishing_M3,13,1,0,0,Medium,Warm,0,Medium
P0384,Polishing_M3,Busy,8,34,No,Night,Bearing_Steel_Chrome,44,7,5,Packaging_Line,Assembly_M4,28,0,1,2,Medium,Normal,0,High
P0275,Assembly_M4,Maintenance,24,9,No,Morning,Bearing_Steel_Chrome,59,5,5,Grinding_M2,Polishing_M3,14,0,2,0,High,Warm,1,Medium
P0135,Lathe_M1,Maintenance,8,34,No,Evening,Bearing_Steel_Chrome,48,5,54,Grinding_M2,Lathe_M1,14,0,2,,Medium,Normal,0,Medium
P0407,Assembly_M4,Idle,24,8,No,Evening,Ceramic_Hybrid,49,11,39,Packaging_Line,Grinding_M2,23,0,0,,High,Normal,1,High
P0426,Polishing_M3,Overloaded,6,17,No,Night,Bearing_Stainless,28,19,47,Assembly_M4,Assembly_M4,25,0,3,2,Medium,Normal,0,High
P0384,Polishing_M3,Busy,3,18,No,Night,Bearing_Steel_Chrome,42,9,36,Polishing_M3,Polishing_M3,27,0,1,2,Low,Normal,0,High
P0338,Grinding_M2,Busy,9,41,Yes,Night,Bearing_Stainless,47,8,16,Polishing_M3,Grinding_M2,25,1,1,2,Medium,Normal,0,High
P0039,Grinding_M2,Idle,2,30,Yes,Evening,Ceramic_Hybrid,28,11,40,Grinding_M2,Lathe_M1,15,1,0,,Low,Normal,0,Medium
P0146,Grinding_M2,Overloaded,9,25,Yes,Morning,Bearing_Stainless,78,17,51,Packaging_Line,Lathe_M1,19,1,3,0,Medium,Hot,0,Medium
P0047,Assembly_M4,Maintenance,19,22,Yes,Evening,Ceramic_Hybrid,82,13,20,Assembly_M4,Lathe_M1,1,1,2,,High,Hot,1,Low
P0334,Grinding_M2,Idle,15,6,Yes,Night,Ceramic_Hybrid,80,16,43,Grinding_M2,Lathe_M1,28,1,0,2,High,Hot,1,High
P0113,Assembly_M4,Maintenance,0,9,No,Morning,Ceramic_Hybrid,66,23,57,Polishing_M3,Lathe_M1,4,0,2,0,Low,Warm,0,Low
P0032,Lathe_M1,Overloaded,13,17,Yes,Night,Bearing_Steel_Chrome,25,17,59,Assembly_M4,Grinding_M2,9,1,3,2,Medium,Normal,0,Low
P0279,Assembly_M4,Idle,21,36,Yes,Morning,Bearing_Stainless,40,20,19,Grinding_M2,Polishing_M3,26,1,0,0,High,Normal,1,High
P0415,Grinding_M2,Overloaded,13,16,Yes,Night,Bearing_Steel_Chrome,84,2,57,Grinding_M2,Polishing_M3,17,1,3,2,Medium,Hot,0,Medium
P0284,Grinding_M2,Maintenance,8,32,Yes,Night,Ceramic_Hybrid,31,10,26,Grinding_M2,Lathe_M1,26,1,2,2,Medium,Normal,0,High
P0231,Assembly_M4,Maintenance,20,16,Yes,Evening,Bearing_Stainless,31,15,51,Polishing_M3,Grinding_M2,15,1,2,,High,Normal,1,Medium
P0091,Grinding_M2,Maintenance,5,25,Yes,Morning,Bearing_Stainless,38,3,12,Packaging_Line,Lathe_M1,13,1,2,0,Medium,Normal,0,Medium
P0259,Polishing_M3,Busy,22,10,No,Morning,Bearing_Stainless,61,6,37,Packaging_Line,Lathe_M1,9,0,1,0,High,Warm,1,Low
P0127,Assembly_M4,Overloaded,5,30,Yes,Morning,Bearing_Steel_Chrome,63,10,41,Polishing_M3,Grinding_M2,14,1,3,0,Medium,Warm,0,Medium
P0340,Grinding_M2,Idle,4,12,Yes,Night,Ceramic_Hybrid,63,14,17,Polishing_M3,Lathe_M1,8,1,0,2,Low,Warm,0,Low
P0345,Grinding_M2,Overloaded,10,32,Yes,Evening,Ceramic_Hybrid,82,19,23,Grinding_M2,Assembly_M4,6,1,3,,Medium,Hot,0,Low
P0167,Lathe_M1,Maintenance,21,6,No,Evening,Bearing_Stainless,84,14,27,Grinding_M2,Lathe_M1,25,0,2,,High,Hot,1,High
P0217,Polishing_M3,Idle,10,37,Yes,Night,Ceramic_Hybrid,48,3,34,Grinding_M2,Polishing_M3,17,1,0,2,Medium,Normal,0,Medium
P0127,Lathe_M1,Idle,7,38,No,Night,Bearing_Stainless,62,23,9,Packaging_Line,Lathe_M1,16,0,0,2,Medium,Warm,0,Medium
P0236,Lathe_M1,Overloaded,7,20,No,Night,Ceramic_Hybrid,37,27,35,Polishing_M3,Polishing_M3,20,0,3,2,Medium,Normal,0,High
P0180,Assembly_M4,Idle,6,27,Yes,Night,Ceramic_Hybrid,72,13,18,Polishing_M3,Assembly_M4,24,1,0,2,Medium,Hot,0,High
P0193,Polishing_M3,Maintenance,17,31,No,Morning,Ceramic_Hybrid,52,19,20,Assembly_M4,Lathe_M1,20,0,2,0,High,Warm,1,High
P0071,Polishing_M3,Maintenance,15,17,Yes,Evening,Ceramic_Hybrid,82,10,30,Polishing_M3,Polishing_M3,28,1,2,,High,Hot,1,High
P0167,Grinding_M2,Overloaded,8,17,No,Night,Ceramic_Hybrid,60,10,51,Grinding_M2,Assembly_M4,14,0,3,2,Medium,Warm,0,Medium
P0378,Polishing_M3,Idle,18,16,Yes,Evening,Bearing_Stainless,77,27,36,Packaging_Line,Grinding_M2,6,1,0,,High,Hot,1,Low
P0392,Assembly_M4,Maintenance,2,20,No,Morning,Bearing_Stainless,44,25,27,Packaging_Line,Assembly_M4,17,0,2,0,Low,Normal,0,Medium
P0012,Lathe_M1,Maintenance,15,42,No,Night,Ceramic_Hybrid,32,20,34,Packaging_Line,Polishing_M3,25,0,2,2,High,Normal,1,High
P0287,Polishing_M3,Overloaded,1,18,No,Evening,Bearing_Steel_Chrome,46,13,21,Polishing_M3,Polishing_M3,28,0,3,,Low,Normal,0,High
P0058,Assembly_M4,Maintenance,14,36,Yes,Evening,Bearing_Stainless,37,22,53,Assembly_M4,Grinding_M2,8,1,2,,Medium,Normal,0,Low
P0205,Lathe_M1,Maintenance,0,31,No,Night,Ceramic_Hybrid,59,17,32,Grinding_M2,Polishing_M3,2,0,2,2,Low,Warm,0,Low
P0149,Polishing_M3,Busy,14,5,Yes,Night,Ceramic_Hybrid,65,17,35,Packaging_Line,Lathe_M1,4,1,1,2,Medium,Warm,0,Low
P0168,Grinding_M2,Busy,11,37,Yes,Morning,Bearing_Stainless,57,8,22,Polishing_M3,Assembly_M4,23,1,1,0,Medium,Warm,0,High
P0021,Assembly_M4,Maintenance,22,19,No,Night,Ceramic_Hybrid,50,26,49,Grinding_M2,Lathe_M1,16,0,2,2,High,Warm,1,Medium
P0431,Grinding_M2,Overloaded,6,18,No,Evening,Ceramic_Hybrid,41,13,33,Grinding_M2,Grinding_M2,24,0,3,,Medium,Normal,0,High
P0001,Grinding_M2,Busy,23,17,No,Evening,Bearing_Stainless,80,21,19,Polishing_M3,Assembly_M4,24,0,1,,High,Hot,1,High
P0135,Lathe_M1,Overloaded,20,8,No,Morning,Bearing_Steel_Chrome,78,3,32,Polishing_M3,Assembly_M4,18,0,3,0,High,Hot,1,Medium
P0404,Polishing_M3,Busy,1,34,Yes,Morning,Bearing_Steel_Chrome,50,20,51,Grinding_M2,Polishing_M3,26,1,1,0,Low,Warm,0,High
P0369,Assembly_M4,Maintenance,19,32,Yes,Night,Ceramic_Hybrid,80,21,15,Assembly_M4,Grinding_M2,26,1,2,2,High,Hot,1,High
P0009,Polishing_M3,Maintenance,9,27,No,Morning,Ceramic_Hybrid,61,10,56,Assembly_M4,Grinding_M2,19,0,2,0,Medium,Warm,0,Medium
P0423,Assembly_M4,Overloaded,12,22,No,Evening,Ceramic_Hybrid,73,28,10,Grinding_M2,Assembly_M4,10,0,3,,Medium,Hot,0,Medium
P0468,Lathe_M1,Busy,1,28,No,Morning,Bearing_Stainless,62,29,32,Grinding_M2,Lathe_M1,21,0,1,0,Low,Warm,0,High
P0058,Grinding_M2,Maintenance,12,43,No,Night,Bearing_Steel_Chrome,26,15,9,Grinding_M2,Grinding_M2,18,0,2,2,Medium,Normal,0,Medium
P0139,Polishing_M3,Overloaded,10,14,No,Morning,Ceramic_Hybrid,67,28,6,Grinding_M2,Assembly_M4,15,0,3,0,Medium,Warm,0,Medium
P0248,Polishing_M3,Overloaded,6,41,No,Night,Bearing_Stainless,31,21,38,Assembly_M4,Grinding_M2,3,0,3,2,Medium,Normal,0,Low
P0155,Lathe_M1,Maintenance,1,26,Yes,Morning,Bearing_Steel_Chrome,55,24,23,Assembly_M4,Polishing_M3,4,1,2,0,Low,Warm,0,Low
P0313,Assembly_M4,Maintenance,23,24,Yes,Evening,Bearing_Stainless,63,29,58,Polishing_M3,Grinding_M2,7,1,2,,High,Warm,1,Low
P0481,Grinding_M2,Busy,16,23,Yes,Evening,Bearing_Steel_Chrome,78,17,39,Polishing_M3,Polishing_M3,15,1,1,,High,Hot,1,Medium
P0226,Lathe_M1,Overloaded,13,43,No,Evening,Bearing_Stainless,81,4,34,Packaging_Line,Polishing_M3,17,0,3,,Medium,Hot,0,Medium
P0278,Polishing_M3,Overloaded,9,33,No,Night,Bearing_Steel_Chrome,30,29,21,Packaging_Line,Polishing_M3,17,0,3,2,Medium,Normal,0,Medium
P0088,Lathe_M1,Idle,13,28,Yes,Evening,Bearing_Steel_Chrome,81,19,41,Packaging_Line,Lathe_M1,29,1,0,,Medium,Hot,0,High
P0497,Grinding_M2,Overloaded,7,43,No,Night,Bearing_Stainless,79,5,54,Polishing_M3,Lathe_M1,5,0,3,2,Medium,Hot,0,Low
P0086,Lathe_M1,Busy,15,18,Yes,Evening,Bearing_Steel_Chrome,51,28,23,Polishing_M3,Lathe_M1,14,1,1,,High,Warm,1,Medium
P0477,Lathe_M1,Maintenance,8,42,Yes,Night,Bearing_Steel_Chrome,41,20,48,Packaging_Line,Assembly_M4,4,1,2,2,Medium,Normal,0,Low
P0081,Assembly_M4,Overloaded,15,15,Yes,Night,Bearing_Stainless,46,5,21,Assembly_M4,Polishing_M3,8,1,3,2,High,Normal,1,Low
P0284,Polishing_M3,Idle,13,38,Yes,Night,Ceramic_Hybrid,35,12,58,Assembly_M4,Grinding_M2,24,1,0,2,Medium,Normal,0,High
P0349,Polishing_M3,Idle,5,25,No,Morning,Bearing_Stainless,70,11,30,Grinding_M2,Polishing_M3,27,0,0,0,Medium,Hot,0,High
P0251,Polishing_M3,Busy,7,43,No,Morning,Bearing_Steel_Chrome,32,29,12,Assembly_M4,Lathe_M1,23,0,1,0,Medium,Normal,0,High
P0271,Lathe_M1,Overloaded,1,20,No,Night,Bearing_Steel_Chrome,65,14,27,Assembly_M4,Assembly_M4,12,0,3,2,Low,Warm,0,Medium
P0233,Polishing_M3,Overloaded,21,36,No,Morning,Bearing_Stainless,81,18,31,Polishing_M3,Polishing_M3,2,0,3,0,High,Hot,1,Low
P0396,Grinding_M2,Overloaded,12,37,No,Night,Ceramic_Hybrid,50,29,23,Assembly_M4,Lathe_M1,11,0,3,2,Medium,Warm,0,Medium
P0427,Assembly_M4,Busy,4,37,No,Night,Bearing_Stainless,44,14,12,Packaging_Line,Grinding_M2,6,0,1,2,Low,Normal,0,Low
P0134,Polishing_M3,Idle,16,5,Yes,Evening,Bearing_Steel_Chrome,27,15,30,Packaging_Line,Lathe_M1,8,1,0,,High,Normal,1,Low
P0114,Grinding_M2,Busy,10,12,Yes,Evening,Bearing_Steel_Chrome,59,8,32,Grinding_M2,Grinding_M2,19,1,1,,Medium,Warm,0,Medium
P0123,Grinding_M2,Maintenance,3,20,Yes,Night,Bearing_Stainless,37,21,55,Polishing_M3,Lathe_M1,5,1,2,2,Low,Normal,0,Low
P0181,Grinding_M2,Maintenance,22,41,No,Morning,Bearing_Steel_Chrome,44,25,40,Assembly_M4,Assembly_M4,2,0,2,0,High,Normal,1,Low
P0095,Polishing_M3,Busy,12,38,No,Morning,Bearing_Steel_Chrome,43,18,9,Packaging_Line,Polishing_M3,25,0,1,0,Medium,Normal,0,High
P0210,Polishing_M3,Idle,17,12,No,Night,Bearing_Steel_Chrome,51,16,49,Packaging_Line,Lathe_M1,13,0,0,2,High,Warm,1,Medium
P0052,Lathe_M1,Overloaded,15,26,No,Night,Bearing_Stainless,44,14,24,Polishing_M3,Polishing_M3,2,0,3,2,High,Normal,1,Low
P0143,Assembly_M4,Maintenance,2,23,Yes,Night,Bearing_Stainless,69,6,58,Packaging_Line,Assembly_M4,6,1,2,2,Low,Warm,0,Low
P0478,Grinding_M2,Maintenance,13,8,Yes,Evening,Bearing_Steel_Chrome,46,20,59,Polishing_M3,Assembly_M4,7,1,2,,Medium,Normal,0,Low
P0070,Polishing_M3,Maintenance,3,38,No,Evening,Bearing_Stainless,51,8,7,Grinding_M2,Lathe_M1,15,0,2,,Low,Warm,0,Medium
P0354,Lathe_M1,Busy,0,6,Yes,Night,Ceramic_Hybrid,66,17,29,Assembly_M4,Assembly_M4,28,1,1,2,Low,Warm,0,High
P0117,Lathe_M1,Idle,14,28,No,Morning,Bearing_Steel_Chrome,39,15,58,Grinding_M2,Assembly_M4,14,0,0,0,Medium,Normal,0,Medium
P0340,Polishing_M3,Overloaded,5,18,Yes,Night,Bearing_Stainless,41,19,24,Packaging_Line,Polishing_M3,19,1,3,2,Medium,Normal,0,Medium
P0377,Polishing_M3,Maintenance,16,20,No,Evening,Bearing_Steel_Chrome,64,8,56,Assembly_M4,Assembly_M4,28,0,2,,High,Warm,1,High
P0169,Polishing_M3,Idle,11,13,Yes,Night,Bearing_Steel_Chrome,51,15,56,Polishing_M3,Grinding_M2,1,1,0,2,Medium,Warm,0,Low
P0037,Assembly_M4,Maintenance,9,21,Yes,Morning,Bearing_Stainless,73,18,40,Polishing_M3,Assembly_M4,17,1,2,0,Medium,Hot,0,Medium
P0461,Lathe_M1,Maintenance,17,27,Yes,Evening,Ceramic_Hybrid,58,9,17,Assembly_M4,Polishing_M3,23,1,2,,High,Warm,1,High
P0474,Polishing_M3,Busy,24,24,No,Morning,Bearing_Stainless,46,16,56,Packaging_Line,Grinding_M2,23,0,1,0,High,Normal,1,High
P0268,Assembly_M4,Busy,8,39,Yes,Morning,Ceramic_Hybrid,27,3,37,Polishing_M3,Lathe_M1,14,1,1,0,Medium,Normal,0,Medium
P0108,Polishing_M3,Maintenance,16,23,Yes,Morning,Ceramic_Hybrid,54,24,19,Polishing_M3,Assembly_M4,27,1,2,0,High,Warm,1,High
P0428,Lathe_M1,Overloaded,24,18,No,Night,Bearing_Steel_Chrome,26,8,53,Grinding_M2,Grinding_M2,18,0,3,2,High,Normal,1,Medium
P0427,Lathe_M1,Maintenance,5,36,No,Night,Bearing_Steel_Chrome,45,9,32,Assembly_M4,Polishing_M3,27,0,2,2,Medium,Normal,0,High
P0076,Assembly_M4,Maintenance,1,37,Yes,Morning,Bearing_Stainless,40,8,26,Grinding_M2,Polishing_M3,24,1,2,0,Low,Normal,0,High
P0382,Lathe_M1,Maintenance,10,17,Yes,Night,Bearing_Stainless,80,3,18,Polishing_M3,Grinding_M2,24,1,2,2,Medium,Hot,0,High
P0345,Assembly_M4,Busy,5,32,Yes,Morning,Ceramic_Hybrid,31,19,45,Polishing_M3,Lathe_M1,23,1,1,0,Medium,Normal,0,High
P0006,Grinding_M2,Idle,3,40,No,Evening,Bearing_Steel_Chrome,68,5,34,Assembly_M4,Polishing_M3,24,0,0,,Low,Warm,0,High
P0063,Grinding_M2,Maintenance,19,35,Yes,Night,Bearing_Steel_Chrome,48,8,30,Assembly_M4,Lathe_M1,13,1,2,2,High,Normal,1,Medium
P0439,Lathe_M1,Busy,21,12,No,Evening,Bearing_Steel_Chrome,79,6,48,Polishing_M3,Polishing_M3,13,0,1,,High,Hot,1,Medium
P0109,Assembly_M4,Idle,19,18,No,Morning,Bearing_Stainless,56,29,54,Packaging_Line,Grinding_M2,27,0,0,0,High,Warm,1,High
P0195,Assembly_M4,Idle,23,29,No,Morning,Bearing_Steel_Chrome,76,5,25,Assembly_M4,Assembly_M4,18,0,0,0,High,Hot,1,Medium
P0291,Grinding_M2,Idle,6,19,No,Morning,Ceramic_Hybrid,77,7,52,Grinding_M2,Lathe_M1,20,0,0,0,Medium,Hot,0,High
P0321,Polishing_M3,Overloaded,23,12,No,Morning,Bearing_Stainless,52,22,20,Assembly_M4,Assembly_M4,28,0,3,0,High,Warm,1,High
P0341,Grinding_M2,Busy,21,20,No,Evening,Bearing_Stainless,59,18,13,Polishing_M3,Assembly_M4,25,0,1,,High,Warm,1,High
P0291,Grinding_M2,Overloaded,2,33,No,Morning,Bearing_Steel_Chrome,63,19,16,Packaging_Line,Polishing_M3,19,0,3,0,Low,Warm,0,Medium
P0127,Assembly_M4,Busy,15,26,Yes,Night,Bearing_Steel_Chrome,83,25,53,Packaging_Line,Assembly_M4,20,1,1,2,High,Hot,1,High
P0094,Assembly_M4,Busy,14,5,Yes,Night,Ceramic_Hybrid,26,9,26,Packaging_Line,Assembly_M4,25,1,1,2,Medium,Normal,0,High
P0210,Lathe_M1,Overloaded,1,13,Yes,Evening,Bearing_Steel_Chrome,33,14,10,Grinding_M2,Assembly_M4,15,1,3,,Low,Normal,0,Medium
P0414,Polishing_M3,Overloaded,18,19,Yes,Night,Ceramic_Hybrid,74,8,15,Packaging_Line,Lathe_M1,8,1,3,2,High,Hot,1,Low
P0018,Lathe_M1,Maintenance,5,44,No,Night,Bearing_Steel_Chrome,26,20,52,Assembly_M4,Polishing_M3,7,0,2,2,Medium,Normal,0,Low
P0210,Polishing_M3,Busy,9,21,No,Morning,Bearing_Steel_Chrome,31,23,44,Polishing_M3,Lathe_M1,7,0,1,0,Medium,Normal,0,Low
P0070,Assembly_M4,Idle,3,39,Yes,Evening,Bearing_Steel_Chrome,75,16,40,Packaging_Line,Assembly_M4,25,1,0,,Low,Hot,0,High
P0107,Assembly_M4,Idle,8,17,Yes,Evening,Ceramic_Hybrid,42,22,52,Assembly_M4,Polishing_M3,1,1,0,,Medium,Normal,0,Low
P0233,Lathe_M1,Idle,3,12,No,Morning,Bearing_Steel_Chrome,76,17,25,Packaging_Line,Lathe_M1,11,0,0,0,Low,Hot,0,Medium
P0215,Assembly_M4,Maintenance,19,25,No,Night,Ceramic_Hybrid,51,20,27,Grinding_M2,Grinding_M2,19,0,2,2,High,Warm,1,Medium
P0089,Polishing_M3,Maintenance,17,39,No,Evening,Bearing_Stainless,64,21,55,Grinding_M2,Grinding_M2,10,0,2,,High,Warm,1,Medium
P0426,Polishing_M3,Maintenance,15,9,Yes,Evening,Bearing_Steel_Chrome,76,10,12,Packaging_Line,Polishing_M3,11,1,2,,High,Hot,1,Medium
P0455,Grinding_M2,Busy,15,43,No,Night,Ceramic_Hybrid,71,25,25,Grinding_M2,Lathe_M1,20,0,1,2,High,Hot,1,High
P0388,Assembly_M4,Overloaded,22,42,Yes,Morning,Bearing_Stainless,71,9,11,Polishing_M3,Lathe_M1,2,1,3,0,High,Hot,1,Low
P0260,Assembly_M4,Idle,12,27,No,Evening,Ceramic_Hybrid,53,7,41,Assembly_M4,Grinding_M2,20,0,0,,Medium,Warm,0,High
P0375,Grinding_M2,Idle,0,33,No,Evening,Bearing_Stainless,74,16,27,Packaging_Line,Lathe_M1,10,0,0,,Low,Hot,0,Medium
P0425,Polishing_M3,Busy,2,41,Yes,Night,Bearing_Steel_Chrome,80,14,12,Grinding_M2,Lathe_M1,22,1,1,2,Low,Hot,0,High
P0483,Polishing_M3,Idle,20,33,No,Morning,Bearing_Steel_Chrome,26,10,53,Polishing_M3,Assembly_M4,27,0,0,0,High,Normal,1,High
P0069,Polishing_M3,Overloaded,17,5,Yes,Morning,Bearing_Stainless,68,21,56,Grinding_M2,Grinding_M2,21,1,3,0,High,Warm,1,High
P0442,Grinding_M2,Busy,4,12,Yes,Night,Ceramic_Hybrid,51,16,39,Assembly_M4,Assembly_M4,6,1,1,2,Low,Warm,0,Low
P0237,Grinding_M2,Busy,12,23,No,Evening,Bearing_Steel_Chrome,42,25,5,Grinding_M2,Lathe_M1,25,0,1,,Medium,Normal,0,High
P0363,Assembly_M4,Overloaded,6,33,Yes,Night,Bearing_Steel_Chrome,55,13,47,Polishing_M3,Polishing_M3,4,1,3,2,Medium,Warm,0,Low
P0191,Grinding_M2,Busy,18,10,Yes,Night,Bearing_Stainless,49,10,24,Assembly_M4,Lathe_M1,10,1,1,2,High,Normal,1,Medium
P0489,Grinding_M2,Idle,4,31,No,Night,Bearing_Stainless,37,10,6,Grinding_M2,Assembly_M4,18,0,0,2,Low,Normal,0,Medium
P0078,Assembly_M4,Overloaded,20,37,No,Morning,Bearing_Steel_Chrome,48,22,48,Polishing_M3,Polishing_M3,10,0,3,0,High,Normal,1,Medium
P0041,Assembly_M4,Overloaded,1,13,Yes,Morning,Bearing_Stainless,26,24,34,Grinding_M2,Polishing_M3,22,1,3,0,Low,Normal,0,High
P0427,Grinding_M2,Idle,13,15,No,Morning,Bearing_Steel_Chrome,79,12,21,Grinding_M2,Lathe_M1,4,0,0,0,Medium,Hot,0,Low
P0099,Polishing_M3,Maintenance,12,11,No,Morning,Ceramic_Hybrid,40,2,49,Packaging_Line,Grinding_M2,1,0,2,0,Medium,Normal,0,Low
P0026,Assembly_M4,Busy,10,10,Yes,Night,Bearing_Stainless,44,4,48,Packaging_Line,Grinding_M2,5,1,1,2,Medium,Normal,0,Low
P0029,Grinding_M2,Busy,8,30,Yes,Night,Bearing_Stainless,82,13,34,Polishing_M3,Assembly_M4,28,1,1,2,Medium,Hot,0,High
P0458,Assembly_M4,Idle,9,23,Yes,Night,Bearing_Stainless,29,27,9,Polishing_M3,Assembly_M4,9,1,0,2,Medium,Normal,0,Low
P0491,Lathe_M1,Busy,19,25,No,Evening,Bearing_Stainless,25,23,32,Assembly_M4,Lathe_M1,16,0,1,,High,Normal,1,Medium
P0031,Lathe_M1,Maintenance,14,21,Yes,Morning,Bearing_Stainless,50,21,29,Grinding_M2,Lathe_M1,13,1,2,0,Medium,Warm,0,Medium
P0409,Assembly_M4,Idle,0,29,No,Morning,Bearing_Steel_Chrome,32,6,10,Grinding_M2,Assembly_M4,23,0,0,0,Low,Normal,0,High
P0088,Grinding_M2,Busy,19,34,Yes,Morning,Ceramic_Hybrid,38,23,27,Packaging_Line,Lathe_M1,11,1,1,0,High,Normal,1,Medium
P0381,Assembly_M4,Busy,5,15,No,Evening,Bearing_Steel_Chrome,37,13,58,Polishing_M3,Lathe_M1,2,0,1,,Medium,Normal,0,Low
P0013,Polishing_M3,Overloaded,20,39,No,Night,Bearing_Stainless,79,5,21,Grinding_M2,Assembly_M4,28,0,3,2,High,Hot,1,High
P0057,Grinding_M2,Busy,21,42,No,Morning,Bearing_Stainless,31,16,36,Assembly_M4,Polishing_M3,11,0,1,0,High,Normal,1,Medium
P0126,Assembly_M4,Busy,23,7,Yes,Morning,Bearing_Stainless,54,7,6,Assembly_M4,Grinding_M2,29,1,1,0,High,Warm,1,High
P0095,Polishing_M3,Idle,13,22,Yes,Night,Bearing_Stainless,75,13,35,Grinding_M2,Grinding_M2,13,1,0,2,Medium,Hot,0,Medium
P0176,Grinding_M2,Idle,11,16,No,Morning,Bearing_Steel_Chrome,42,10,53,Grinding_M2,Polishing_M3,21,0,0,0,Medium,Normal,0,High
P0157,Assembly_M4,Maintenance,15,44,Yes,Evening,Ceramic_Hybrid,67,25,38,Grinding_M2,Grinding_M2,8,1,2,,High,Warm,1,Low
P0346,Grinding_M2,Maintenance,11,37,No,Evening,Bearing_Steel_Chrome,47,14,58,Polishing_M3,Grinding_M2,21,0,2,,Medium,Normal,0,High
P0241,Assembly_M4,Busy,16,18,No,Night,Bearing_Stainless,38,17,53,Grinding_M2,Grinding_M2,6,0,1,2,High,Normal,1,Low
P0139,Polishing_M3,Overloaded,6,30,No,Morning,Bearing_Stainless,50,2,36,Grinding_M2,Grinding_M2,25,0,3,0,Medium,Warm,0,High
P0055,Lathe_M1,Busy,14,25,No,Night,Ceramic_Hybrid,42,29,17,Grinding_M2,Grinding_M2,24,0,1,2,Medium,Normal,0,High
P0413,Assembly_M4,Maintenance,1,23,No,Night,Ceramic_Hybrid,71,13,51,Packaging_Line,Polishing_M3,25,0,2,2,Low,Hot,0,High
P0246,Assembly_M4,Maintenance,17,18,Yes,Morning,Bearing_Stainless,30,13,24,Packaging_Line,Lathe_M1,23,1,2,0,High,Normal,1,High
P0465,Lathe_M1,Overloaded,5,34,No,Evening,Bearing_Stainless,65,26,40,Grinding_M2,Grinding_M2,17,0,3,,Medium,Warm,0,Medium
P0225,Lathe_M1,Busy,1,20,Yes,Evening,Bearing_Stainless,48,15,30,Polishing_M3,Lathe_M1,8,1,1,,Low,Normal,0,Low
P0224,Polishing_M3,Busy,13,35,Yes,Evening,Ceramic_Hybrid,26,17,8,Polishing_M3,Assembly_M4,1,1,1,,Medium,Normal,0,Low
P0312,Grinding_M2,Idle,22,24,No,Morning,Bearing_Stainless,83,15,44,Assembly_M4,Assembly_M4,25,0,0,0,High,Hot,1,High
P0139,Assembly_M4,Busy,24,7,Yes,Morning,Bearing_Steel_Chrome,29,7,58,Packaging_Line,Polishing_M3,26,1,1,0,High,Normal,1,High
P0141,Assembly_M4,Idle,7,42,Yes,Night,Bearing_Steel_Chrome,62,5,11,Polishing_M3,Lathe_M1,24,1,0,2,Medium,Warm,0,High
P0086,Grinding_M2,Maintenance,18,43,Yes,Morning,Bearing_Stainless,59,9,37,Assembly_M4,Lathe_M1,1,1,2,0,High,Warm,1,Low
P0450,Grinding_M2,Idle,13,42,Yes,Morning,Bearing_Steel_Chrome,34,26,32,Grinding_M2,Assembly_M4,14,1,0,0,Medium,Normal,0,Medium
P0128,Polishing_M3,Maintenance,3,42,No,Morning,Ceramic_Hybrid,40,29,25,Grinding_M2,Lathe_M1,28,0,2,0,Low,Normal,0,High
P0002,Lathe_M1,Busy,0,10,No,Morning,Bearing_Stainless,65,16,48,Grinding_M2,Lathe_M1,3,0,1,0,Low,Warm,0,Low
P0297,Lathe_M1,Maintenance,10,39,Yes,Morning,Bearing_Steel_Chrome,38,3,33,Packaging_Line,Grinding_M2,4,1,2,0,Medium,Normal,0,Low
P0479,Assembly_M4,Maintenance,18,16,Yes,Evening,Bearing_Steel_Chrome,26,18,39,Assembly_M4,Polishing_M3,10,1,2,,High,Normal,1,Medium
P0279,Lathe_M1,Maintenance,15,26,No,Evening,Bearing_Stainless,65,12,25,Polishing_M3,Lathe_M1,15,0,2,,High,Warm,1,Medium
P0026,Lathe_M1,Overloaded,2,25,Yes,Morning,Bearing_Stainless,45,22,48,Grinding_M2,Lathe_M1,23,1,3,0,Low,Normal,0,High
P0371,Grinding_M2,Maintenance,4,43,Yes,Morning,Ceramic_Hybrid,33,22,22,Grinding_M2,Polishing_M3,21,1,2,0,Low,Normal,0,High
P0048,Polishing_M3,Overloaded,7,38,No,Night,Bearing_Steel_Chrome,34,20,45,Assembly_M4,Grinding_M2,25,0,3,2,Medium,Normal,0,High
P0499,Lathe_M1,Idle,23,44,No,Night,Bearing_Steel_Chrome,48,25,36,Grinding_M2,Polishing_M3,24,0,0,2,High,Normal,1,High
P0105,Polishing_M3,Idle,0,42,No,Evening,Bearing_Stainless,68,26,55,Grinding_M2,Assembly_M4,27,0,0,,Low,Warm,0,High
P0165,Assembly_M4,Overloaded,16,38,No,Night,Ceramic_Hybrid,35,19,27,Assembly_M4,Assembly_M4,28,0,3,2,High,Normal,1,High
P0222,Assembly_M4,Idle,21,22,Yes,Morning,Bearing_Steel_Chrome,64,16,45,Polishing_M3,Polishing_M3,15,1,0,0,High,Warm,1,Medium
P0452,Lathe_M1,Idle,6,24,Yes,Night,Ceramic_Hybrid,37,14,5,Polishing_M3,Grinding_M2,20,1,0,2,Medium,Normal,0,High
P0335,Grinding_M2,Maintenance,3,28,No,Morning,Bearing_Steel_Chrome,60,5,49,Packaging_Line,Grinding_M2,2,0,2,0,Low,Warm,0,Low
P0018,Polishing_M3,Busy,22,19,No,Evening,Ceramic_Hybrid,60,28,10,Assembly_M4,Grinding_M2,3,0,1,,High,Warm,1,Low
P0240,Grinding_M2,Overloaded,6,42,Yes,Evening,Bearing_Stainless,59,5,14,Polishing_M3,Grinding_M2,21,1,3,,Medium,Warm,0,High
P0177,Assembly_M4,Busy,8,42,Yes,Evening,Bearing_Steel_Chrome,53,21,47,Polishing_M3,Lathe_M1,7,1,1,,Medium,Warm,0,Low
P0396,Grinding_M2,Overloaded,17,8,Yes,Night,Bearing_Steel_Chrome,29,5,40,Packaging_Line,Lathe_M1,27,1,3,2,High,Normal,1,High
P0322,Grinding_M2,Overloaded,12,20,No,Night,Bearing_Steel_Chrome,49,15,15,Assembly_M4,Assembly_M4,29,0,3,2,Medium,Normal,0,High
P0059,Lathe_M1,Busy,1,26,No,Night,Bearing_Steel_Chrome,38,25,28,Polishing_M3,Lathe_M1,27,0,1,2,Low,Normal,0,High
P0136,Assembly_M4,Maintenance,6,30,Yes,Morning,Bearing_Steel_Chrome,67,5,43,Polishing_M3,Grinding_M2,29,1,2,0,Medium,Warm,0,High
P0268,Grinding_M2,Maintenance,15,42,Yes,Morning,Bearing_Steel_Chrome,83,7,38,Polishing_M3,Grinding_M2,24,1,2,0,High,Hot,1,High
P0463,Grinding_M2,Maintenance,7,34,Yes,Evening,Bearing_Steel_Chrome,51,8,31,Polishing_M3,Lathe_M1,25,1,2,,Medium,Warm,0,High
P0336,Polishing_M3,Overloaded,23,19,Yes,Evening,Ceramic_Hybrid,49,23,22,Packaging_Line,Assembly_M4,12,1,3,,High,Normal,1,Medium
P0385,Polishing_M3,Idle,22,43,No,Evening,Bearing_Stainless,49,11,34,Grinding_M2,Polishing_M3,10,0,0,,High,Normal,1,Medium
P0336,Grinding_M2,Idle,1,17,No,Evening,Bearing_Steel_Chrome,78,7,45,Assembly_M4,Assembly_M4,13,0,0,,Low,Hot,0,Medium
P0423,Lathe_M1,Busy,8,17,Yes,Evening,Bearing_Steel_Chrome,61,15,41,Grinding_M2,Polishing_M3,9,1,1,,Medium,Warm,0,Low
P0256,Grinding_M2,Overloaded,7,43,No,Morning,Bearing_Stainless,64,23,7,Polishing_M3,Polishing_M3,23,0,3,0,Medium,Warm,0,High
P0286,Assembly_M4,Busy,23,44,No,Evening,Ceramic_Hybrid,57,8,23,Polishing_M3,Grinding_M2,2,0,1,,High,Warm,1,Low
P0482,Polishing_M3,Busy,13,23,Yes,Evening,Ceramic_Hybrid,75,23,30,Polishing_M3,Assembly_M4,17,1,1,,Medium,Hot,0,Medium
P0232,Lathe_M1,Maintenance,21,32,No,Night,Bearing_Stainless,43,28,52,Assembly_M4,Assembly_M4,20,0,2,2,High,Normal,1,High
P0488,Grinding_M2,Idle,24,23,No,Morning,Ceramic_Hybrid,57,20,11,Packaging_Line,Assembly_M4,29,0,0,0,High,Warm,1,High
P0437,Assembly_M4,Overloaded,22,9,No,Evening,Bearing_Stainless,54,18,47,Grinding_M2,Grinding_M2,24,0,3,,High,Warm,1,High
P0297,Lathe_M1,Idle,7,16,No,Morning,Bearing_Steel_Chrome,66,14,30,Packaging_Line,Lathe_M1,18,0,0,0,Medium,Warm,0,Medium
P0413,Polishing_M3,Maintenance,9,24,No,Morning,Bearing_Steel_Chrome,40,6,7,Polishing_M3,Polishing_M3,27,0,2,0,Medium,Normal,0,High
P0443,Polishing_M3,Idle,14,38,No,Morning,Bearing_Stainless,69,23,44,Packaging_Line,Assembly_M4,23,0,0,0,Medium,Warm,0,High
P0281,Grinding_M2,Busy,16,8,Yes,Morning,Bearing_Stainless,75,23,45,Packaging_Line,Polishing_M3,23,1,1,0,High,Hot,1,High
P0310,Polishing_M3,Idle,14,13,No,Evening,Ceramic_Hybrid,48,22,45,Polishing_M3,Lathe_M1,14,0,0,,Medium,Normal,0,Medium
P0497,Assembly_M4,Overloaded,22,20,No,Night,Bearing_Steel_Chrome,80,24,29,Grinding_M2,Lathe_M1,26,0,3,2,High,Hot,1,High
P0344,Assembly_M4,Idle,16,13,Yes,Night,Bearing_Steel_Chrome,39,8,37,Packaging_Line,Grinding_M2,1,1,0,2,High,Normal,1,Low
P0002,Assembly_M4,Idle,4,13,No,Morning,Bearing_Stainless,68,7,32,Assembly_M4,Grinding_M2,13,0,0,0,Low,Warm,0,Medium
P0371,Lathe_M1,Overloaded,7,19,No,Night,Bearing_Steel_Chrome,30,28,42,Packaging_Line,Assembly_M4,4,0,3,2,Medium,Normal,0,Low
P0133,Lathe_M1,Overloaded,10,25,Yes,Morning,Bearing_Steel_Chrome,54,19,39,Polishing_M3,Lathe_M1,3,1,3,0,Medium,Warm,0,Low
P0083,Polishing_M3,Overloaded,11,31,Yes,Night,Ceramic_Hybrid,77,22,42,Assembly_M4,Lathe_M1,21,1,3,2,Medium,Hot,0,High
P0411,Grinding_M2,Idle,5,44,Yes,Morning,Ceramic_Hybrid,39,19,56,Packaging_Line,Lathe_M1,29,1,0,0,Medium,Normal,0,High
P0160,Assembly_M4,Busy,15,42,Yes,Evening,Bearing_Steel_Chrome,84,22,21,Grinding_M2,Assembly_M4,9,1,1,,High,Hot,1,Low
P0028,Lathe_M1,Idle,18,22,Yes,Morning,Ceramic_Hybrid,81,24,41,Polishing_M3,Lathe_M1,28,1,0,0,High,Hot,1,High
P0305,Assembly_M4,Busy,5,16,Yes,Morning,Bearing_Stainless,35,17,56,Grinding_M2,Lathe_M1,17,1,1,0,Medium,Normal,0,Medium
P0108,Polishing_M3,Maintenance,19,13,Yes,Morning,Bearing_Steel_Chrome,25,27,7,Packaging_Line,Lathe_M1,21,1,2,0,High,Normal,1,High
P0302,Assembly_M4,Maintenance,22,13,Yes,Night,Bearing_Steel_Chrome,78,20,49,Packaging_Line,Grinding_M2,23,1,2,2,High,Hot,1,High
P0390,Polishing_M3,Busy,13,23,No,Morning,Ceramic_Hybrid,47,28,31,Assembly_M4,Assembly_M4,7,0,1,0,Medium,Normal,0,Low
P0421,Polishing_M3,Overloaded,3,16,Yes,Night,Bearing_Steel_Chrome,79,28,50,Grinding_M2,Grinding_M2,2,1,3,2,Low,Hot,0,Low
P0491,Assembly_M4,Overloaded,0,32,Yes,Evening,Ceramic_Hybrid,55,19,24,Polishing_M3,Lathe_M1,8,1,3,,Low,Warm,0,Low
P0012,Assembly_M4,Idle,2,35,No,Night,Ceramic_Hybrid,82,7,26,Grinding_M2,Assembly_M4,13,0,0,2,Low,Hot,0,Medium
P0071,Assembly_M4,Busy,8,13,Yes,Evening,Bearing_Steel_Chrome,76,10,19,Packaging_Line,Lathe_M1,13,1,1,,Medium,Hot,0,Medium
P0219,Lathe_M1,Busy,21,20,No,Morning,Bearing_Steel_Chrome,56,3,30,Polishing_M3,Assembly_M4,14,0,1,0,High,Warm,1,Medium
P0129,Assembly_M4,Maintenance,5,38,Yes,Night,Bearing_Steel_Chrome,32,5,25,Packaging_Line,Polishing_M3,24,1,2,2,Medium,Normal,0,High
P0429,Grinding_M2,Busy,13,32,No,Evening,Ceramic_Hybrid,70,13,52,Grinding_M2,Lathe_M1,6,0,1,,Medium,Hot,0,Low
P0094,Polishing_M3,Busy,19,35,No,Evening,Bearing_Stainless,57,13,11,Grinding_M2,Lathe_M1,8,0,1,,High,Warm,1,Low
P0087,Polishing_M3,Overloaded,8,6,Yes,Morning,Bearing_Steel_Chrome,41,21,49,Packaging_Line,Grinding_M2,5,1,3,0,Medium,Normal,0,Low
P0084,Lathe_M1,Maintenance,9,21,Yes,Evening,Ceramic_Hybrid,77,7,39,Packaging_Line,Polishing_M3,28,1,2,,Medium,Hot,0,High
P0434,Assembly_M4,Overloaded,14,43,No,Night,Bearing_Stainless,54,7,8,Grinding_M2,Assembly_M4,19,0,3,2,Medium,Warm,0,Medium
P0411,Assembly_M4,Overloaded,4,39,Yes,Evening,Ceramic_Hybrid,82,26,13,Grinding_M2,Grinding_M2,6,1,3,,Low,Hot,0,Low
P0296,Polishing_M3,Idle,12,26,Yes,Evening,Bearing_Steel_Chrome,52,21,40,Grinding_M2,Assembly_M4,2,1,0,,Medium,Warm,0,Low
P0459,Polishing_M3,Idle,3,12,No,Morning,Bearing_Steel_Chrome,69,11,54,Packaging_Line,Lathe_M1,9,0,0,0,Low,Warm,0,Low
P0112,Grinding_M2,Overloaded,0,17,Yes,Night,Ceramic_Hybrid,74,16,36,Assembly_M4,Grinding_M2,2,1,3,2,Low,Hot,0,Low
P0145,Grinding_M2,Busy,10,35,Yes,Night,Bearing_Steel_Chrome,38,23,51,Assembly_M4,Polishing_M3,14,1,1,2,Medium,Normal,0,Medium
P0258,Lathe_M1,Idle,15,33,Yes,Morning,Bearing_Stainless,71,20,31,Grinding_M2,Assembly_M4,9,1,0,0,High,Hot,1,Low
P0308,Lathe_M1,Busy,4,41,No,Morning,Bearing_Steel_Chrome,67,29,56,Polishing_M3,Lathe_M1,25,0,1,0,Low,Warm,0,High
P0189,Lathe_M1,Maintenance,23,32,No,Night,Bearing_Stainless,60,21,22,Packaging_Line,Polishing_M3,25,0,2,2,High,Warm,1,High
P0207,Grinding_M2,Idle,2,8,No,Morning,Bearing_Stainless,38,8,30,Grinding_M2,Lathe_M1,8,0,0,0,Low,Normal,0,Low
P0002,Polishing_M3,Busy,23,20,Yes,Evening,Bearing_Stainless,44,16,11,Packaging_Line,Polishing_M3,26,1,1,,High,Normal,1,High
P0394,Grinding_M2,Maintenance,16,26,No,Morning,Bearing_Stainless,46,23,16,Packaging_Line,Grinding_M2,18,0,2,0,High,Normal,1,Medium
P0283,Polishing_M3,Overloaded,23,19,Yes,Morning,Ceramic_Hybrid,61,17,9,Grinding_M2,Assembly_M4,2,1,3,0,High,Warm,1,Low
P0465,Assembly_M4,Overloaded,19,32,Yes,Morning,Bearing_Steel_Chrome,81,10,58,Assembly_M4,Assembly_M4,27,1,3,0,High,Hot,1,High
P0260,Lathe_M1,Overloaded,8,40,No,Evening,Bearing_Steel_Chrome,71,12,5,Packaging_Line,Lathe_M1,18,0,3,,Medium,Hot,0,Medium
P0391,Assembly_M4,Idle,0,12,Yes,Night,Bearing_Stainless,81,17,32,Grinding_M2,Grinding_M2,22,1,0,2,Low,Hot,0,High
P0152,Polishing_M3,Maintenance,17,26,No,Evening,Bearing_Stainless,65,13,23,Packaging_Line,Assembly_M4,25,0,2,,High,Warm,1,High
P0073,Lathe_M1,Overloaded,17,9,Yes,Evening,Bearing_Steel_Chrome,83,3,43,Grinding_M2,Assembly_M4,27,1,3,,High,Hot,1,High
P0105,Lathe_M1,Maintenance,9,11,Yes,Evening,Bearing_Stainless,84,6,51,Assembly_M4,Assembly_M4,20,1,2,,Medium,Hot,0,High
P0273,Grinding_M2,Maintenance,19,19,Yes,Morning,Bearing_Steel_Chrome,66,25,30,Packaging_Line,Polishing_M3,29,1,2,0,High,Warm,1,High
P0158,Grinding_M2,Busy,13,30,Yes,Evening,Bearing_Stainless,82,11,21,Grinding_M2,Polishing_M3,21,1,1,,Medium,Hot,0,High
P0258,Polishing_M3,Maintenance,13,6,Yes,Evening,Bearing_Steel_Chrome,72,14,31,Polishing_M3,Grinding_M2,9,1,2,,Medium,Hot,0,Low
P0171,Polishing_M3,Maintenance,6,14,No,Morning,Bearing_Stainless,80,23,13,Polishing_M3,Polishing_M3,22,0,2,0,Medium,Hot,0,High
P0024,Assembly_M4,Maintenance,22,11,No,Evening,Bearing_Steel_Chrome,72,10,31,Grinding_M2,Assembly_M4,24,0,2,,High,Hot,1,High
P0335,Assembly_M4,Idle,16,24,Yes,Evening,Bearing_Steel_Chrome,31,12,44,Polishing_M3,Polishing_M3,7,1,0,,High,Normal,1,Low
P0107,Assembly_M4,Maintenance,18,24,No,Night,Bearing_Steel_Chrome,68,8,44,Assembly_M4,Grinding_M2,7,0,2,2,High,Warm,1,Low
P0112,Assembly_M4,Maintenance,5,29,Yes,Evening,Ceramic_Hybrid,65,28,17,Grinding_M2,Polishing_M3,7,1,2,,Medium,Warm,0,Low
P0265,Assembly_M4,Idle,7,26,Yes,Morning,Ceramic_Hybrid,73,18,52,Assembly_M4,Polishing_M3,22,1,0,0,Medium,Hot,0,High
P0399,Grinding_M2,Overloaded,1,12,Yes,Evening,Bearing_Steel_Chrome,73,14,22,Polishing_M3,Assembly_M4,24,1,3,,Low,Hot,0,High
P0103,Assembly_M4,Busy,21,6,No,Night,Bearing_Stainless,26,28,18,Packaging_Line,Polishing_M3,16,0,1,2,High,Normal,1,Medium
P0398,Lathe_M1,Overloaded,6,16,Yes,Night,Ceramic_Hybrid,56,29,59,Assembly_M4,Assembly_M4,28,1,3,2,Medium,Warm,0,High
P0231,Lathe_M1,Maintenance,13,29,No,Evening,Ceramic_Hybrid,28,27,40,Assembly_M4,Polishing_M3,18,0,2,,Medium,Normal,0,Medium
P0131,Grinding_M2,Maintenance,2,5,Yes,Night,Ceramic_Hybrid,41,8,52,Grinding_M2,Grinding_M2,5,1,2,2,Low,Normal,0,Low
P0426,Polishing_M3,Idle,18,43,Yes,Evening,Bearing_Steel_Chrome,70,3,39,Packaging_Line,Grinding_M2,17,1,0,,High,Hot,1,Medium
P0234,Grinding_M2,Idle,15,44,Yes,Night,Bearing_Steel_Chrome,74,16,43,Polishing_M3,Grinding_M2,27,1,0,2,High,Hot,1,High
P0247,Lathe_M1,Busy,8,42,Yes,Evening,Bearing_Stainless,74,19,29,Packaging_Line,Assembly_M4,26,1,1,,Medium,Hot,0,High
P0311,Lathe_M1,Maintenance,23,18,Yes,Evening,Bearing_Steel_Chrome,38,15,29,Grinding_M2,Polishing_M3,4,1,2,,High,Normal,1,Low
P0081,Polishing_M3,Busy,3,19,No,Evening,Ceramic_Hybrid,56,19,18,Packaging_Line,Grinding_M2,26,0,1,,Low,Warm,0,High
P0017,Polishing_M3,Idle,0,24,Yes,Evening,Ceramic_Hybrid,34,11,28,Grinding_M2,Grinding_M2,2,1,0,,Low,Normal,0,Low
P0300,Grinding_M2,Idle,7,5,Yes,Morning,Ceramic_Hybrid,57,5,11,Packaging_Line,Lathe_M1,9,1,0,0,Medium,Warm,0,Low
P0049,Polishing_M3,Idle,15,9,No,Evening,Bearing_Stainless,58,29,27,Grinding_M2,Lathe_M1,11,0,0,,High,Warm,1,Medium
P0217,Lathe_M1,Busy,17,29,No,Evening,Bearing_Steel_Chrome,81,20,17,Polishing_M3,Lathe_M1,24,0,1,,High,Hot,1,High
P0205,Grinding_M2,Maintenance,10,21,Yes,Evening,Ceramic_Hybrid,61,14,31,Grinding_M2,Lathe_M1,20,1,2,,Medium,Warm,0,High
P0150,Grinding_M2,Idle,0,36,Yes,Evening,Bearing_Stainless,32,25,33,Polishing_M3,Polishing_M3,8,1,0,,Low,Normal,0,Low
P0470,Polishing_M3,Maintenance,18,10,Yes,Morning,Bearing_Stainless,68,29,43,Polishing_M3,Polishing_M3,16,1,2,0,High,Warm,1,Medium
P0401,Assembly_M4,Maintenance,8,25,Yes,Night,Bearing_Steel_Chrome,81,23,46,Polishing_M3,Lathe_M1,10,1,2,2,Medium,Hot,0,Medium
P0380,Assembly_M4,Overloaded,9,33,No,Morning,Bearing_Steel_Chrome,40,2,21,Assembly_M4,Polishing_M3,26,0,3,0,Medium,Normal,0,High
P0056,Grinding_M2,Idle,20,23,Yes,Evening,Ceramic_Hybrid,77,22,21,Polishing_M3,Assembly_M4,14,1,0,,High,Hot,1,Medium
P0093,Lathe_M1,Idle,7,25,Yes,Evening,Bearing_Steel_Chrome,77,10,44,Assembly_M4,Lathe_M1,13,1,0,,Medium,Hot,0,Medium
P0153,Assembly_M4,Busy,16,23,Yes,Evening,Ceramic_Hybrid,84,8,21,Packaging_Line,Assembly_M4,1,1,1,,High,Hot,1,Low
P0203,Polishing_M3,Idle,4,10,No,Morning,Ceramic_Hybrid,50,3,36,Assembly_M4,Polishing_M3,25,0,0,0,Low,Warm,0,High
P0106,Assembly_M4,Overloaded,15,9,No,Morning,Bearing_Stainless,61,13,39,Grinding_M2,Assembly_M4,16,0,3,0,High,Warm,1,Medium
P0155,Lathe_M1,Maintenance,5,19,No,Evening,Bearing_Stainless,39,17,24,Grinding_M2,Grinding_M2,13,0,2,,Medium,Normal,0,Medium
P0023,Lathe_M1,Busy,11,35,Yes,Night,Bearing_Steel_Chrome,58,4,13,Polishing_M3,Grinding_M2,11,1,1,2,Medium,Warm,0,Medium
P0396,Lathe_M1,Overloaded,10,29,No,Morning,Ceramic_Hybrid,46,11,50,Grinding_M2,Polishing_M3,9,0,3,0,Medium,Normal,0,Low
P0133,Lathe_M1,Idle,19,25,Yes,Morning,Bearing_Stainless,34,23,33,Polishing_M3,Grinding_M2,9,1,0,0,High,Normal,1,Low
P0106,Grinding_M2,Busy,4,44,Yes,Morning,Bearing_Stainless,35,2,57,Grinding_M2,Lathe_M1,10,1,1,0,Low,Normal,0,Medium
P0079,Polishing_M3,Overloaded,0,43,No,Morning,Bearing_Steel_Chrome,84,15,9,Polishing_M3,Polishing_M3,17,0,3,0,Low,Hot,0,Medium
P0146,Polishing_M3,Busy,21,30,Yes,Evening,Ceramic_Hybrid,77,7,36,Assembly_M4,Grinding_M2,16,1,1,,High,Hot,1,Medium
P0320,Grinding_M2,Idle,10,14,Yes,Morning,Bearing_Stainless,71,8,59,Polishing_M3,Assembly_M4,2,1,0,0,Medium,Hot,0,Low
P0471,Grinding_M2,Maintenance,11,20,Yes,Morning,Ceramic_Hybrid,62,4,6,Grinding_M2,Polishing_M3,20,1,2,0,Medium,Warm,0,High
P0289,Grinding_M2,Busy,4,15,Yes,Evening,Bearing_Stainless,82,26,39,Grinding_M2,Grinding_M2,3,1,1,,Low,Hot,0,Low
P0451,Lathe_M1,Maintenance,21,41,No,Night,Bearing_Stainless,46,24,15,Assembly_M4,Grinding_M2,3,0,2,2,High,Normal,1,Low
P0488,Lathe_M1,Busy,12,12,Yes,Morning,Bearing_Stainless,44,11,38,Packaging_Line,Grinding_M2,4,1,1,0,Medium,Normal,0,Low
P0039,Assembly_M4,Maintenance,17,8,No,Night,Bearing_Stainless,44,27,13,Assembly_M4,Grinding_M2,16,0,2,2,High,Normal,1,Medium
P0034,Lathe_M1,Maintenance,5,29,Yes,Night,Bearing_Stainless,28,10,49,Grinding_M2,Grinding_M2,9,1,2,2,Medium,Normal,0,Low
P0462,Assembly_M4,Overloaded,5,23,Yes,Night,Bearing_Steel_Chrome,38,22,19,Polishing_M3,Assembly_M4,3,1,3,2,Medium,Normal,0,Low
P0229,Lathe_M1,Idle,4,20,Yes,Evening,Bearing_Stainless,38,10,51,Polishing_M3,Assembly_M4,7,1,0,,Low,Normal,0,Low
P0066,Assembly_M4,Overloaded,13,10,No,Evening,Bearing_Steel_Chrome,45,16,56,Packaging_Line,Polishing_M3,8,0,3,,Medium,Normal,0,Low
P0197,Lathe_M1,Idle,1,44,Yes,Night,Bearing_Stainless,25,27,53,Grinding_M2,Assembly_M4,19,1,0,2,Low,Normal,0,Medium
P0415,Grinding_M2,Busy,4,34,Yes,Night,Ceramic_Hybrid,46,21,20,Polishing_M3,Polishing_M3,7,1,1,2,Low,Normal,0,Low
P0162,Grinding_M2,Overloaded,6,6,Yes,Morning,Bearing_Steel_Chrome,71,15,35,Grinding_M2,Lathe_M1,18,1,3,0,Medium,Hot,0,Medium
P0182,Grinding_M2,Overloaded,8,18,No,Morning,Bearing_Stainless,29,12,44,Grinding_M2,Polishing_M3,5,0,3,0,Medium,Normal,0,Low
P0108,Grinding_M2,Busy,10,9,Yes,Evening,Bearing_Steel_Chrome,73,23,36,Grinding_M2,Assembly_M4,4,1,1,,Medium,Hot,0,Low
P0249,Assembly_M4,Idle,14,23,No,Evening,Ceramic_Hybrid,46,3,21,Polishing_M3,Polishing_M3,12,0,0,,Medium,Normal,0,Medium
P0355,Polishing_M3,Idle,24,21,Yes,Morning,Ceramic_Hybrid,34,29,22,Polishing_M3,Polishing_M3,19,1,0,0,High,Normal,1,Medium
P0322,Polishing_M3,Busy,17,36,Yes,Night,Bearing_Steel_Chrome,38,25,20,Assembly_M4,Assembly_M4,18,1,1,2,High,Normal,1,Medium
P0253,Lathe_M1,Maintenance,17,20,No,Night,Bearing_Stainless,41,8,16,Polishing_M3,Grinding_M2,2,0,2,2,High,Normal,1,Low
P0451,Grinding_M2,Idle,9,9,No,Evening,Bearing_Steel_Chrome,45,4,23,Assembly_M4,Lathe_M1,13,0,0,,Medium,Normal,0,Medium
P0085,Polishing_M3,Maintenance,11,39,No,Evening,Bearing_Stainless,30,15,8,Grinding_M2,Polishing_M3,13,0,2,,Medium,Normal,0,Medium
P0326,Polishing_M3,Idle,18,22,Yes,Evening,Ceramic_Hybrid,53,4,56,Packaging_Line,Assembly_M4,6,1,0,,High,Warm,1,Low
P0070,Assembly_M4,Idle,15,24,Yes,Night,Ceramic_Hybrid,48,4,48,Assembly_M4,Assembly_M4,19,1,0,2,High,Normal,1,Medium
P0247,Grinding_M2,Idle,18,8,No,Evening,Bearing_Steel_Chrome,57,3,17,Assembly_M4,Polishing_M3,26,0,0,,High,Warm,1,High
P0042,Assembly_M4,Idle,12,34,Yes,Morning,Bearing_Steel_Chrome,58,20,58,Assembly_M4,Lathe_M1,24,1,0,0,Medium,Warm,0,High
P0387,Lathe_M1,Idle,15,37,No,Night,Ceramic_Hybrid,65,18,14,Packaging_Line,Grinding_M2,18,0,0,2,High,Warm,1,Medium
P0388,Polishing_M3,Maintenance,18,11,Yes,Night,Bearing_Stainless,81,20,28,Polishing_M3,Polishing_M3,15,1,2,2,High,Hot,1,Medium
P0451,Grinding_M2,Busy,8,27,Yes,Morning,Bearing_Steel_Chrome,76,21,8,Polishing_M3,Polishing_M3,6,1,1,0,Medium,Hot,0,Low
P0045,Polishing_M3,Idle,3,9,Yes,Morning,Ceramic_Hybrid,65,13,27,Packaging_Line,Assembly_M4,8,1,0,0,Low,Warm,0,Low
P0088,Assembly_M4,Busy,20,41,Yes,Evening,Bearing_Stainless,35,24,15,Grinding_M2,Polishing_M3,13,1,1,,High,Normal,1,Medium
P0471,Polishing_M3,Busy,13,12,No,Evening,Bearing_Steel_Chrome,49,19,55,Polishing_M3,Lathe_M1,12,0,1,,Medium,Normal,0,Medium
P0245,Polishing_M3,Busy,11,22,Yes,Night,Bearing_Steel_Chrome,34,8,54,Grinding_M2,Lathe_M1,12,1,1,2,Medium,Normal,0,Medium
P0378,Lathe_M1,Idle,13,19,Yes,Evening,Bearing_Steel_Chrome,40,3,34,Polishing_M3,Grinding_M2,18,1,0,,Medium,Normal,0,Medium
P0083,Polishing_M3,Maintenance,11,17,Yes,Morning,Ceramic_Hybrid,44,18,54,Polishing_M3,Assembly_M4,3,1,2,0,Medium,Normal,0,Low
P0437,Lathe_M1,Busy,22,37,No,Morning,Ceramic_Hybrid,62,4,55,Polishing_M3,Assembly_M4,4,0,1,0,High,Warm,1,Low
P0249,Lathe_M1,Overloaded,19,7,No,Evening,Bearing_Stainless,32,9,36,Grinding_M2,Assembly_M4,29,0,3,,High,Normal,1,High
P0426,Lathe_M1,Maintenance,6,6,No,Morning,Bearing_Stainless,45,7,32,Assembly_M4,Grinding_M2,16,0,2,0,Medium,Normal,0,Medium
P0363,Polishing_M3,Busy,9,40,Yes,Night,Bearing_Stainless,56,14,46,Polishing_M3,Assembly_M4,21,1,1,2,Medium,Warm,0,High
P0089,Grinding_M2,Overloaded,13,13,No,Morning,Bearing_Stainless,35,24,54,Packaging_Line,Grinding_M2,11,0,3,0,Medium,Normal,0,Medium
P0439,Grinding_M2,Busy,16,6,Yes,Morning,Bearing_Stainless,27,12,54,Grinding_M2,Lathe_M1,27,1,1,0,High,Normal,1,High
P0330,Polishing_M3,Overloaded,2,19,Yes,Evening,Bearing_Stainless,67,12,35,Polishing_M3,Grinding_M2,28,1,3,,Low,Warm,0,High
P0367,Lathe_M1,Maintenance,24,24,No,Evening,Bearing_Stainless,52,26,15,Grinding_M2,Grinding_M2,19,0,2,,High,Warm,1,Medium
P0236,Grinding_M2,Maintenance,0,9,No,Night,Bearing_Stainless,34,11,50,Assembly_M4,Assembly_M4,2,0,2,2,Low,Normal,0,Low
P0487,Assembly_M4,Busy,3,6,No,Night,Bearing_Steel_Chrome,42,14,55,Assembly_M4,Polishing_M3,5,0,1,2,Low,Normal,0,Low
P0093,Lathe_M1,Overloaded,19,6,No,Morning,Bearing_Stainless,35,27,54,Assembly_M4,Polishing_M3,6,0,3,0,High,Normal,1,Low
P0052,Assembly_M4,Busy,22,32,Yes,Evening,Ceramic_Hybrid,34,23,59,Polishing_M3,Grinding_M2,17,1,1,,High,Normal,1,Medium
P0154,Grinding_M2,Busy,21,23,Yes,Evening,Ceramic_Hybrid,41,25,40,Polishing_M3,Assembly_M4,26,1,1,,High,Normal,1,High
P0158,Polishing_M3,Overloaded,23,40,Yes,Evening,Bearing_Steel_Chrome,52,15,40,Polishing_M3,Polishing_M3,6,1,3,,High,Warm,1,Low
P0177,Assembly_M4,Overloaded,8,25,Yes,Night,Bearing_Stainless,36,27,34,Assembly_M4,Assembly_M4,8,1,3,2,Medium,Normal,0,Low
P0292,Lathe_M1,Idle,23,8,No,Evening,Ceramic_Hybrid,55,28,29,Assembly_M4,Grinding_M2,5,0,0,,High,Warm,1,Low
P0194,Grinding_M2,Maintenance,5,9,Yes,Evening,Ceramic_Hybrid,75,28,12,Packaging_Line,Grinding_M2,9,1,2,,Medium,Hot,0,Low
P0102,Assembly_M4,Overloaded,14,40,Yes,Night,Bearing_Steel_Chrome,81,10,11,Grinding_M2,Polishing_M3,8,1,3,2,Medium,Hot,0,Low
P0117,Polishing_M3,Overloaded,14,19,No,Night,Bearing_Stainless,61,20,43,Polishing_M3,Lathe_M1,6,0,3,2,Medium,Warm,0,Low
P0201,Polishing_M3,Idle,18,32,No,Night,Ceramic_Hybrid,41,11,23,Grinding_M2,Lathe_M1,11,0,0,2,High,Normal,1,Medium
P0298,Grinding_M2,Maintenance,14,14,Yes,Evening,Ceramic_Hybrid,67,24,7,Packaging_Line,Lathe_M1,3,1,2,,Medium,Warm,0,Low
P0157,Assembly_M4,Maintenance,17,29,Yes,Evening,Bearing_Steel_Chrome,67,21,33,Packaging_Line,Polishing_M3,22,1,2,,High,Warm,1,High
P0142,Grinding_M2,Maintenance,17,19,Yes,Evening,Ceramic_Hybrid,63,11,25,Packaging_Line,Lathe_M1,23,1,2,,High,Warm,1,High
P0278,Assembly_M4,Overloaded,19,33,No,Evening,Bearing_Stainless,56,11,17,Packaging_Line,Grinding_M2,15,0,3,,High,Warm,1,Medium
P0348,Assembly_M4,Idle,22,27,No,Night,Bearing_Steel_Chrome,55,5,56,Assembly_M4,Polishing_M3,17,0,0,2,High,Warm,1,Medium
P0452,Lathe_M1,Overloaded,2,25,Yes,Morning,Bearing_Steel_Chrome,77,3,8,Packaging_Line,Assembly_M4,1,1,3,0,Low,Hot,0,Low
P0474,Grinding_M2,Busy,14,37,Yes,Night,Bearing_Stainless,30,8,23,Assembly_M4,Lathe_M1,12,1,1,2,Medium,Normal,0,Medium
P0358,Assembly_M4,Maintenance,0,43,Yes,Evening,Bearing_Steel_Chrome,43,14,30,Assembly_M4,Assembly_M4,12,1,2,,Low,Normal,0,Medium
P0386,Assembly_M4,Busy,11,26,No,Morning,Bearing_Steel_Chrome,37,29,18,Polishing_M3,Assembly_M4,22,0,1,0,Medium,Normal,0,High
P0137,Assembly_M4,Idle,11,24,Yes,Morning,Bearing_Stainless,68,28,42,Packaging_Line,Assembly_M4,27,1,0,0,Medium,Warm,0,High
P0341,Grinding_M2,Busy,9,38,No,Evening,Ceramic_Hybrid,63,10,48,Grinding_M2,Grinding_M2,5,0,1,,Medium,Warm,0,Low
P0094,Grinding_M2,Maintenance,0,19,No,Evening,Ceramic_Hybrid,56,9,37,Assembly_M4,Lathe_M1,18,0,2,,Low,Warm,0,Medium
P0315,Lathe_M1,Maintenance,12,33,No,Evening,Bearing_Steel_Chrome,56,2,9,Assembly_M4,Lathe_M1,18,0,2,,Medium,Warm,0,Medium
P0199,Assembly_M4,Idle,15,14,No,Morning,Bearing_Stainless,60,2,27,Polishing_M3,Assembly_M4,8,0,0,0,High,Warm,1,Low
P0205,Lathe_M1,Overloaded,4,38,No,Morning,Ceramic_Hybrid,48,18,35,Assembly_M4,Grinding_M2,7,0,3,0,Low,Normal,0,Low
P0072,Lathe_M1,Maintenance,16,32,Yes,Evening,Ceramic_Hybrid,62,23,19,Packaging_Line,Lathe_M1,5,1,2,,High,Warm,1,Low
P0280,Assembly_M4,Maintenance,14,29,Yes,Evening,Bearing_Stainless,77,22,59,Polishing_M3,Grinding_M2,6,1,2,,Medium,Hot,0,Low
P0430,Lathe_M1,Busy,1,31,No,Morning,Ceramic_Hybrid,73,22,8,Grinding_M2,Assembly_M4,12,0,1,0,Low,Hot,0,Medium
P0099,Grinding_M2,Busy,18,6,Yes,Evening,Bearing_Steel_Chrome,50,3,18,Polishing_M3,Assembly_M4,15,1,1,,High,Warm,1,Medium
P0360,Polishing_M3,Idle,19,38,Yes,Evening,Bearing_Steel_Chrome,60,20,13,Packaging_Line,Lathe_M1,7,1,0,,High,Warm,1,Low
P0274,Assembly_M4,Overloaded,12,31,No,Morning,Bearing_Stainless,68,4,17,Assembly_M4,Grinding_M2,15,0,3,0,Medium,Warm,0,Medium
P0016,Grinding_M2,Idle,13,13,Yes,Night,Bearing_Steel_Chrome,69,24,58,Assembly_M4,Polishing_M3,4,1,0,2,Medium,Warm,0,Low
P0352,Lathe_M1,Busy,20,44,No,Evening,Ceramic_Hybrid,27,3,23,Packaging_Line,Assembly_M4,28,0,1,,High,Normal,1,High
P0014,Assembly_M4,Idle,22,44,Yes,Night,Bearing_Stainless,73,14,11,Packaging_Line,Grinding_M2,9,1,0,2,High,Hot,1,Low
P0002,Polishing_M3,Overloaded,11,18,Yes,Evening,Bearing_Steel_Chrome,70,16,7,Assembly_M4,Grinding_M2,15,1,3,,Medium,Hot,0,Medium
P0416,Lathe_M1,Idle,18,28,Yes,Evening,Ceramic_Hybrid,76,15,12,Grinding_M2,Assembly_M4,5,1,0,,High,Hot,1,Low
P0242,Lathe_M1,Maintenance,18,8,No,Night,Bearing_Stainless,38,17,24,Polishing_M3,Lathe_M1,24,0,2,2,High,Normal,1,High
P0176,Lathe_M1,Busy,5,35,No,Night,Bearing_Stainless,30,4,19,Polishing_M3,Lathe_M1,29,0,1,2,Medium,Normal,0,High
P0169,Lathe_M1,Idle,2,15,No,Morning,Bearing_Steel_Chrome,27,29,14,Packaging_Line,Lathe_M1,18,0,0,0,Low,Normal,0,Medium
P0480,Grinding_M2,Maintenance,0,20,No,Morning,Bearing_Stainless,83,11,37,Grinding_M2,Grinding_M2,4,0,2,0,Low,Hot,0,Low
P0016,Lathe_M1,Busy,2,9,No,Morning,Bearing_Stainless,36,26,48,Polishing_M3,Grinding_M2,13,0,1,0,Low,Normal,0,Medium
P0308,Assembly_M4,Idle,23,36,No,Evening,Ceramic_Hybrid,40,14,41,Assembly_M4,Lathe_M1,24,0,0,,High,Normal,1,High
P0339,Lathe_M1,Maintenance,3,25,Yes,Night,Ceramic_Hybrid,71,13,55,Assembly_M4,Grinding_M2,21,1,2,2,Low,Hot,0,High
P0329,Assembly_M4,Overloaded,18,25,Yes,Morning,Bearing_Stainless,67,22,10,Grinding_M2,Assembly_M4,9,1,3,0,High,Warm,1,Low
P0480,Lathe_M1,Maintenance,0,16,Yes,Morning,Bearing_Stainless,82,15,10,Packaging_Line,Assembly_M4,1,1,2,0,Low,Hot,0,Low
P0068,Lathe_M1,Busy,21,38,Yes,Morning,Bearing_Steel_Chrome,80,12,7,Grinding_M2,Assembly_M4,10,1,1,0,High,Hot,1,Medium
P0030,Grinding_M2,Maintenance,5,10,Yes,Night,Bearing_Stainless,44,22,6,Assembly_M4,Polishing_M3,26,1,2,2,Medium,Normal,0,High
P0112,Polishing_M3,Maintenance,23,36,Yes,Night,Bearing_Stainless,34,24,10,Assembly_M4,Assembly_M4,23,1,2,2,High,Normal,1,High
P0461,Lathe_M1,Busy,16,34,Yes,Morning,Ceramic_Hybrid,38,6,59,Assembly_M4,Grinding_M2,17,1,1,0,High,Normal,1,Medium
P0153,Grinding_M2,Overloaded,1,26,Yes,Evening,Ceramic_Hybrid,55,8,45,Grinding_M2,Lathe_M1,21,1,3,,Low,Warm,0,High
P0481,Grinding_M2,Idle,15,24,No,Evening,Bearing_Steel_Chrome,67,13,51,Grinding_M2,Grinding_M2,18,0,0,,High,Warm,1,Medium
P0283,Polishing_M3,Maintenance,18,36,No,Night,Bearing_Steel_Chrome,39,6,15,Polishing_M3,Assembly_M4,15,0,2,2,High,Normal,1,Medium
P0333,Assembly_M4,Busy,17,8,Yes,Evening,Bearing_Steel_Chrome,73,5,52,Packaging_Line,Polishing_M3,23,1,1,,High,Hot,1,High
P0069,Polishing_M3,Busy,14,7,No,Evening,Bearing_Steel_Chrome,56,11,44,Packaging_Line,Polishing_M3,6,0,1,,Medium,Warm,0,Low
P0257,Lathe_M1,Maintenance,21,18,No,Evening,Ceramic_Hybrid,41,22,55,Grinding_M2,Grinding_M2,16,0,2,,High,Normal,1,Medium
P0448,Assembly_M4,Overloaded,14,19,Yes,Morning,Bearing_Stainless,25,25,59,Packaging_Line,Assembly_M4,23,1,3,0,Medium,Normal,0,High
P0128,Polishing_M3,Overloaded,11,14,No,Evening,Bearing_Steel_Chrome,70,11,46,Polishing_M3,Grinding_M2,20,0,3,,Medium,Hot,0,High
P0119,Assembly_M4,Busy,10,20,No,Evening,Bearing_Stainless,33,16,18,Packaging_Line,Polishing_M3,19,0,1,,Medium,Normal,0,Medium
P0300,Lathe_M1,Idle,8,40,No,Night,Bearing_Stainless,77,8,58,Packaging_Line,Grinding_M2,26,0,0,2,Medium,Hot,0,High
P0070,Lathe_M1,Overloaded,7,28,Yes,Night,Ceramic_Hybrid,32,20,51,Packaging_Line,Grinding_M2,16,1,3,2,Medium,Normal,0,Medium
P0085,Assembly_M4,Idle,21,13,Yes,Evening,Bearing_Stainless,82,27,48,Packaging_Line,Lathe_M1,16,1,0,,High,Hot,1,Medium
P0495,Assembly_M4,Maintenance,3,41,Yes,Morning,Bearing_Stainless,32,2,32,Packaging_Line,Grinding_M2,6,1,2,0,Low,Normal,0,Low
P0302,Grinding_M2,Idle,14,40,No,Night,Ceramic_Hybrid,77,12,9,Packaging_Line,Assembly_M4,18,0,0,2,Medium,Hot,0,Medium
P0285,Assembly_M4,Maintenance,23,22,No,Night,Bearing_Steel_Chrome,44,29,17,Assembly_M4,Assembly_M4,5,0,2,2,High,Normal,1,Low
P0007,Polishing_M3,Busy,0,26,Yes,Evening,Ceramic_Hybrid,42,15,9,Polishing_M3,Lathe_M1,6,1,1,,Low,Normal,0,Low
P0268,Polishing_M3,Idle,23,29,Yes,Evening,Bearing_Steel_Chrome,53,29,20,Polishing_M3,Lathe_M1,22,1,0,,High,Warm,1,High
P0080,Grinding_M2,Maintenance,20,16,Yes,Morning,Bearing_Steel_Chrome,44,19,38,Grinding_M2,Polishing_M3,23,1,2,0,High,Normal,1,High
P0153,Lathe_M1,Maintenance,20,27,No,Morning,Ceramic_Hybrid,69,28,53,Grinding_M2,Polishing_M3,17,0,2,0,High,Warm,1,Medium
P0380,Grinding_M2,Busy,15,25,No,Night,Ceramic_Hybrid,74,9,35,Grinding_M2,Grinding_M2,3,0,1,2,High,Hot,1,Low
P0154,Lathe_M1,Busy,16,30,Yes,Night,Ceramic_Hybrid,47,7,32,Packaging_Line,Polishing_M3,8,1,1,2,High,Normal,1,Low
P0078,Assembly_M4,Idle,22,12,Yes,Night,Ceramic_Hybrid,43,7,33,Packaging_Line,Polishing_M3,23,1,0,2,High,Normal,1,High
P0427,Assembly_M4,Overloaded,14,36,Yes,Night,Ceramic_Hybrid,34,28,53,Polishing_M3,Polishing_M3,1,1,3,2,Medium,Normal,0,Low
P0466,Lathe_M1,Overloaded,6,33,Yes,Morning,Ceramic_Hybrid,83,14,7,Polishing_M3,Grinding_M2,19,1,3,0,Medium,Hot,0,Medium
P0173,Grinding_M2,Busy,14,41,No,Evening,Bearing_Stainless,55,12,26,Grinding_M2,Polishing_M3,18,0,1,,Medium,Warm,0,Medium
P0287,Assembly_M4,Idle,2,10,Yes,Night,Bearing_Stainless,27,6,13,Packaging_Line,Grinding_M2,28,1,0,2,Low,Normal,0,High
P0451,Lathe_M1,Busy,18,32,No,Night,Bearing_Stainless,51,14,42,Polishing_M3,Lathe_M1,11,0,1,2,High,Warm,1,Medium
P0230,Assembly_M4,Maintenance,20,25,Yes,Night,Bearing_Stainless,51,15,10,Assembly_M4,Assembly_M4,6,1,2,2,High,Warm,1,Low
P0079,Polishing_M3,Busy,16,15,No,Morning,Bearing_Stainless,71,10,57,Packaging_Line,Polishing_M3,17,0,1,0,High,Hot,1,Medium
P0062,Grinding_M2,Overloaded,23,43,Yes,Morning,Ceramic_Hybrid,31,22,5,Polishing_M3,Assembly_M4,25,1,3,0,High,Normal,1,High
P0339,Polishing_M3,Maintenance,24,12,Yes,Morning,Bearing_Steel_Chrome,29,20,12,Packaging_Line,Assembly_M4,17,1,2,0,High,Normal,1,Medium
P0254,Grinding_M2,Idle,18,34,Yes,Evening,Bearing_Stainless,39,5,59,Grinding_M2,Grinding_M2,12,1,0,,High,Normal,1,Medium
P0215,Lathe_M1,Idle,12,18,Yes,Morning,Ceramic_Hybrid,61,23,52,Assembly_M4,Lathe_M1,7,1,0,0,Medium,Warm,0,Low
P0303,Grinding_M2,Maintenance,14,17,Yes,Morning,Bearing_Stainless,82,17,48,Grinding_M2,Grinding_M2,7,1,2,0,Medium,Hot,0,Low
P0153,Grinding_M2,Overloaded,15,31,No,Evening,Bearing_Stainless,69,24,39,Assembly_M4,Lathe_M1,15,0,3,,High,Warm,1,Medium
P0400,Polishing_M3,Maintenance,2,11,No,Morning,Bearing_Stainless,74,15,54,Packaging_Line,Grinding_M2,19,0,2,0,Low,Hot,0,Medium
P0397,Grinding_M2,Overloaded,13,24,Yes,Morning,Ceramic_Hybrid,56,7,44,Packaging_Line,Assembly_M4,26,1,3,0,Medium,Warm,0,High
P0165,Lathe_M1,Busy,6,24,No,Night,Bearing_Steel_Chrome,42,19,19,Assembly_M4,Lathe_M1,20,0,1,2,Medium,Normal,0,High
P0248,Grinding_M2,Idle,21,26,No,Morning,Bearing_Stainless,77,22,6,Assembly_M4,Assembly_M4,8,0,0,0,High,Hot,1,Low
P0099,Polishing_M3,Busy,20,22,Yes,Night,Bearing_Stainless,47,14,45,Grinding_M2,Polishing_M3,9,1,1,2,High,Normal,1,Low
P0178,Lathe_M1,Busy,16,11,No,Evening,Bearing_Stainless,65,23,5,Assembly_M4,Assembly_M4,2,0,1,,High,Warm,1,Low
P0343,Polishing_M3,Idle,3,18,Yes,Evening,Bearing_Steel_Chrome,56,5,6,Packaging_Line,Assembly_M4,8,1,0,,Low,Warm,0,Low
P0002,Lathe_M1,Overloaded,17,18,Yes,Night,Bearing_Steel_Chrome,44,26,46,Grinding_M2,Polishing_M3,17,1,3,2,High,Normal,1,Medium
P0164,Polishing_M3,Busy,7,32,No,Morning,Bearing_Steel_Chrome,70,22,27,Polishing_M3,Grinding_M2,8,0,1,0,Medium,Hot,0,Low
P0042,Lathe_M1,Idle,4,20,No,Evening,Bearing_Steel_Chrome,64,11,31,Grinding_M2,Grinding_M2,8,0,0,,Low,Warm,0,Low
P0264,Polishing_M3,Maintenance,8,22,No,Night,Ceramic_Hybrid,59,18,56,Grinding_M2,Assembly_M4,15,0,2,2,Medium,Warm,0,Medium
P0274,Lathe_M1,Idle,20,31,No,Evening,Bearing_Steel_Chrome,41,9,6,Assembly_M4,Lathe_M1,17,0,0,,High,Normal,1,Medium
P0498,Assembly_M4,Overloaded,17,35,No,Night,Ceramic_Hybrid,61,10,45,Polishing_M3,Grinding_M2,2,0,3,2,High,Warm,1,Low
P0370,Grinding_M2,Overloaded,1,7,No,Morning,Bearing_Steel_Chrome,41,15,18,Grinding_M2,Grinding_M2,14,0,3,0,Low,Normal,0,Medium
P0310,Assembly_M4,Overloaded,5,39,No,Morning,Ceramic_Hybrid,25,17,33,Grinding_M2,Assembly_M4,4,0,3,0,Medium,Normal,0,Low
P0250,Lathe_M1,Maintenance,0,21,Yes,Night,Bearing_Steel_Chrome,52,19,30,Grinding_M2,Lathe_M1,8,1,2,2,Low,Warm,0,Low
P0307,Lathe_M1,Overloaded,1,22,Yes,Morning,Bearing_Steel_Chrome,55,28,31,Polishing_M3,Grinding_M2,16,1,3,0,Low,Warm,0,Medium
P0416,Assembly_M4,Maintenance,9,44,Yes,Morning,Bearing_Stainless,36,23,20,Assembly_M4,Polishing_M3,12,1,2,0,Medium,Normal,0,Medium
P0288,Lathe_M1,Overloaded,10,24,Yes,Evening,Bearing_Steel_Chrome,75,2,31,Polishing_M3,Lathe_M1,3,1,3,,Medium,Hot,0,Low
P0058,Assembly_M4,Busy,11,34,No,Evening,Ceramic_Hybrid,33,22,58,Polishing_M3,Grinding_M2,5,0,1,,Medium,Normal,0,Low
P0010,Polishing_M3,Idle,0,8,No,Night,Bearing_Steel_Chrome,39,20,31,Packaging_Line,Assembly_M4,8,0,0,2,Low,Normal,0,Low
P0488,Polishing_M3,Overloaded,22,19,No,Evening,Bearing_Stainless,51,8,51,Grinding_M2,Grinding_M2,8,0,3,,High,Warm,1,Low
P0471,Grinding_M2,Busy,22,22,No,Morning,Bearing_Stainless,28,16,47,Packaging_Line,Lathe_M1,22,0,1,0,High,Normal,1,High
P0422,Polishing_M3,Idle,2,19,No,Evening,Bearing_Stainless,59,16,42,Packaging_Line,Assembly_M4,1,0,0,,Low,Warm,0,Low
P0068,Assembly_M4,Idle,13,5,Yes,Evening,Ceramic_Hybrid,77,18,30,Packaging_Line,Lathe_M1,8,1,0,,Medium,Hot,0,Low
P0187,Grinding_M2,Busy,17,20,Yes,Night,Bearing_Stainless,62,11,46,Grinding_M2,Polishing_M3,5,1,1,2,High,Warm,1,Low
P0009,Grinding_M2,Overloaded,11,24,No,Night,Bearing_Stainless,73,15,50,Grinding_M2,Grinding_M2,3,0,3,2,Medium,Hot,0,Low
P0465,Assembly_M4,Maintenance,11,22,Yes,Evening,Bearing_Steel_Chrome,68,3,6,Packaging_Line,Grinding_M2,27,1,2,,Medium,Warm,0,High
P0022,Assembly_M4,Maintenance,16,14,Yes,Evening,Bearing_Steel_Chrome,42,23,23,Assembly_M4,Lathe_M1,26,1,2,,High,Normal,1,High
P0067,Lathe_M1,Maintenance,20,5,No,Morning,Ceramic_Hybrid,48,5,29,Grinding_M2,Lathe_M1,4,0,2,0,High,Normal,1,Low
P0441,Grinding_M2,Busy,1,23,Yes,Morning,Bearing_Steel_Chrome,77,13,14,Polishing_M3,Lathe_M1,13,1,1,0,Low,Hot,0,Medium
P0074,Polishing_M3,Idle,21,27,Yes,Night,Bearing_Stainless,76,24,19,Assembly_M4,Grinding_M2,26,1,0,2,High,Hot,1,High
P0353,Grinding_M2,Maintenance,2,27,No,Night,Bearing_Stainless,44,14,44,Assembly_M4,Grinding_M2,25,0,2,2,Low,Normal,0,High
P0440,Lathe_M1,Idle,6,12,No,Morning,Bearing_Steel_Chrome,42,10,10,Packaging_Line,Lathe_M1,27,0,0,0,Medium,Normal,0,High
P0069,Assembly_M4,Overloaded,3,19,No,Evening,Ceramic_Hybrid,61,27,9,Assembly_M4,Polishing_M3,7,0,3,,Low,Warm,0,Low
P0416,Polishing_M3,Idle,8,11,Yes,Evening,Bearing_Stainless,65,21,14,Assembly_M4,Polishing_M3,26,1,0,,Medium,Warm,0,High
P0474,Polishing_M3,Idle,3,42,Yes,Morning,Ceramic_Hybrid,48,15,45,Grinding_M2,Lathe_M1,1,1,0,0,Low,Normal,0,Low
P0368,Assembly_M4,Overloaded,16,28,No,Night,Bearing_Steel_Chrome,51,8,13,Assembly_M4,Polishing_M3,11,0,3,2,High,Warm,1,Medium
P0391,Polishing_M3,Maintenance,2,16,No,Morning,Bearing_Steel_Chrome,45,4,19,Assembly_M4,Grinding_M2,21,0,2,0,Low,Normal,0,High
P0064,Assembly_M4,Maintenance,9,37,Yes,Evening,Ceramic_Hybrid,70,28,56,Packaging_Line,Assembly_M4,6,1,2,,Medium,Hot,0,Low
P0007,Grinding_M2,Maintenance,1,33,Yes,Evening,Bearing_Steel_Chrome,79,9,37,Assembly_M4,Assembly_M4,29,1,2,,Low,Hot,0,High
P0016,Assembly_M4,Busy,3,8,No,Evening,Ceramic_Hybrid,53,6,24,Polishing_M3,Assembly_M4,9,0,1,,Low,Warm,0,Low
P0462,Assembly_M4,Busy,22,22,Yes,Morning,Bearing_Stainless,73,26,5,Grinding_M2,Polishing_M3,22,1,1,0,High,Hot,1,High
P0259,Polishing_M3,Busy,14,38,Yes,Evening,Bearing_Steel_Chrome,72,21,58,Grinding_M2,Lathe_M1,5,1,1,,Medium,Hot,0,Low
P0226,Grinding_M2,Busy,21,9,No,Evening,Bearing_Steel_Chrome,58,8,7,Assembly_M4,Assembly_M4,17,0,1,,High,Warm,1,Medium
P0028,Polishing_M3,Maintenance,23,28,Yes,Evening,Bearing_Steel_Chrome,27,14,11,Polishing_M3,Polishing_M3,25,1,2,,High,Normal,1,High
P0155,Lathe_M1,Idle,23,7,Yes,Night,Bearing_Stainless,39,19,33,Assembly_M4,Assembly_M4,10,1,0,2,High,Normal,1,Medium
P0291,Polishing_M3,Busy,22,43,No,Evening,Ceramic_Hybrid,33,6,56,Assembly_M4,Grinding_M2,8,0,1,,High,Normal,1,Low
P0050,Polishing_M3,Maintenance,13,8,Yes,Evening,Ceramic_Hybrid,44,29,18,Packaging_Line,Lathe_M1,12,1,2,,Medium,Normal,0,Medium
P0294,Lathe_M1,Maintenance,1,17,No,Night,Bearing_Stainless,55,2,56,Packaging_Line,Grinding_M2,7,0,2,2,Low,Warm,0,Low
P0220,Polishing_M3,Maintenance,24,36,Yes,Night,Bearing_Steel_Chrome,33,29,35,Polishing_M3,Polishing_M3,17,1,2,2,High,Normal,1,Medium
P0366,Assembly_M4,Overloaded,20,27,No,Evening,Ceramic_Hybrid,37,24,14,Grinding_M2,Polishing_M3,16,0,3,,High,Normal,1,Medium
P0352,Assembly_M4,Busy,5,15,Yes,Morning,Ceramic_Hybrid,82,21,7,Packaging_Line,Assembly_M4,28,1,1,0,Medium,Hot,0,High
P0411,Lathe_M1,Overloaded,8,19,Yes,Morning,Ceramic_Hybrid,84,14,46,Grinding_M2,Grinding_M2,20,1,3,0,Medium,Hot,0,High
P0084,Lathe_M1,Overloaded,23,21,No,Evening,Bearing_Steel_Chrome,31,29,42,Polishing_M3,Grinding_M2,13,0,3,,High,Normal,1,Medium
P0436,Grinding_M2,Maintenance,16,19,Yes,Night,Bearing_Steel_Chrome,60,29,19,Polishing_M3,Assembly_M4,14,1,2,2,High,Warm,1,Medium
P0149,Polishing_M3,Busy,20,15,Yes,Night,Bearing_Steel_Chrome,80,5,39,Assembly_M4,Grinding_M2,2,1,1,2,High,Hot,1,Low
P0391,Grinding_M2,Maintenance,19,31,No,Evening,Ceramic_Hybrid,34,14,24,Polishing_M3,Polishing_M3,29,0,2,,High,Normal,1,High
P0085,Assembly_M4,Maintenance,20,33,Yes,Night,Ceramic_Hybrid,47,26,54,Polishing_M3,Grinding_M2,21,1,2,2,High,Normal,1,High
P0370,Polishing_M3,Idle,15,14,Yes,Morning,Bearing_Steel_Chrome,65,13,34,Polishing_M3,Lathe_M1,29,1,0,0,High,Warm,1,High
P0295,Lathe_M1,Overloaded,18,37,Yes,Morning,Bearing_Stainless,42,15,26,Polishing_M3,Grinding_M2,21,1,3,0,High,Normal,1,High
P0390,Grinding_M2,Overloaded,0,19,No,Morning,Bearing_Steel_Chrome,60,16,58,Assembly_M4,Assembly_M4,22,0,3,0,Low,Warm,0,High
P0338,Lathe_M1,Idle,13,37,Yes,Night,Bearing_Stainless,82,10,43,Assembly_M4,Polishing_M3,23,1,0,2,Medium,Hot,0,High
P0442,Lathe_M1,Overloaded,10,6,No,Night,Bearing_Stainless,26,7,59,Polishing_M3,Assembly_M4,19,0,3,2,Medium,Normal,0,Medium
P0030,Assembly_M4,Overloaded,19,7,No,Night,Ceramic_Hybrid,63,8,40,Grinding_M2,Grinding_M2,29,0,3,2,High,Warm,1,High
P0283,Grinding_M2,Busy,22,41,Yes,Morning,Ceramic_Hybrid,73,27,40,Packaging_Line,Polishing_M3,23,1,1,0,High,Hot,1,High
P0126,Grinding_M2,Idle,12,20,Yes,Evening,Ceramic_Hybrid,72,3,54,Polishing_M3,Grinding_M2,1,1,0,,Medium,Hot,0,Low
P0253,Assembly_M4,Maintenance,17,44,No,Morning,Bearing_Steel_Chrome,67,25,19,Grinding_M2,Assembly_M4,16,0,2,0,High,Warm,1,Medium
P0454,Lathe_M1,Maintenance,16,21,No,Evening,Ceramic_Hybrid,68,11,24,Packaging_Line,Lathe_M1,6,0,2,,High,Warm,1,Low
P0474,Assembly_M4,Busy,7,38,Yes,Night,Bearing_Stainless,56,20,58,Grinding_M2,Grinding_M2,10,1,1,2,Medium,Warm,0,Medium
P0194,Lathe_M1,Overloaded,3,43,No,Morning,Ceramic_Hybrid,44,25,28,Assembly_M4,Grinding_M2,23,0,3,0,Low,Normal,0,High
P0323,Polishing_M3,Busy,24,40,Yes,Night,Bearing_Stainless,31,11,51,Assembly_M4,Lathe_M1,12,1,1,2,High,Normal,1,Medium
P0068,Assembly_M4,Overloaded,0,29,Yes,Night,Ceramic_Hybrid,40,6,23,Packaging_Line,Assembly_M4,4,1,3,2,Low,Normal,0,Low
P0401,Polishing_M3,Idle,5,30,No,Evening,Bearing_Stainless,73,8,59,Polishing_M3,Polishing_M3,7,0,0,,Medium,Hot,0,Low
P0292,Lathe_M1,Maintenance,8,18,Yes,Morning,Bearing_Steel_Chrome,72,24,13,Polishing_M3,Assembly_M4,15,1,2,0,Medium,Hot,0,Medium
P0098,Polishing_M3,Maintenance,4,24,No,Evening,Ceramic_Hybrid,32,16,25,Grinding_M2,Polishing_M3,25,0,2,,Low,Normal,0,High
P0294,Assembly_M4,Overloaded,8,23,No,Night,Bearing_Stainless,53,27,35,Polishing_M3,Lathe_M1,22,0,3,2,Medium,Warm,0,High
P0268,Grinding_M2,Maintenance,5,8,No,Night,Bearing_Steel_Chrome,67,11,7,Assembly_M4,Assembly_M4,1,0,2,2,Medium,Warm,0,Low
P0018,Polishing_M3,Overloaded,11,19,Yes,Evening,Ceramic_Hybrid,71,22,50,Polishing_M3,Grinding_M2,26,1,3,,Medium,Hot,0,High
P0422,Assembly_M4,Maintenance,6,21,No,Morning,Bearing_Steel_Chrome,80,20,43,Polishing_M3,Grinding_M2,28,0,2,0,Medium,Hot,0,High
P0500,Polishing_M3,Maintenance,2,34,Yes,Morning,Bearing_Steel_Chrome,59,27,33,Polishing_M3,Lathe_M1,18,1,2,0,Low,Warm,0,Medium
P0339,Lathe_M1,Overloaded,19,18,No,Night,Bearing_Stainless,59,29,34,Polishing_M3,Polishing_M3,26,0,3,2,High,Warm,1,High
P0009,Lathe_M1,Busy,6,43,Yes,Night,Bearing_Stainless,55,6,39,Packaging_Line,Grinding_M2,18,1,1,2,Medium,Warm,0,Medium
P0071,Grinding_M2,Overloaded,14,18,No,Evening,Bearing_Steel_Chrome,60,28,28,Polishing_M3,Polishing_M3,8,0,3,,Medium,Warm,0,Low
P0204,Assembly_M4,Maintenance,20,26,Yes,Night,Ceramic_Hybrid,32,16,53,Polishing_M3,Grinding_M2,5,1,2,2,High,Normal,1,Low
P0105,Assembly_M4,Maintenance,19,8,Yes,Evening,Ceramic_Hybrid,35,19,46,Assembly_M4,Lathe_M1,17,1,2,,High,Normal,1,Medium
P0199,Lathe_M1,Maintenance,14,10,Yes,Night,Bearing_Steel_Chrome,79,22,20,Assembly_M4,Polishing_M3,15,1,2,2,Medium,Hot,0,Medium
P0206,Polishing_M3,Maintenance,7,13,No,Evening,Bearing_Steel_Chrome,67,28,38,Assembly_M4,Assembly_M4,27,0,2,,Medium,Warm,0,High
P0352,Assembly_M4,Overloaded,12,40,No,Morning,Ceramic_Hybrid,51,10,9,Polishing_M3,Lathe_M1,19,0,3,0,Medium,Warm,0,Medium
P0439,Assembly_M4,Idle,21,35,Yes,Evening,Bearing_Steel_Chrome,27,22,39,Grinding_M2,Lathe_M1,6,1,0,,High,Normal,1,Low
P0294,Grinding_M2,Maintenance,9,41,Yes,Evening,Bearing_Stainless,49,4,26,Polishing_M3,Lathe_M1,24,1,2,,Medium,Normal,0,High
P0051,Assembly_M4,Overloaded,6,34,No,Evening,Ceramic_Hybrid,74,24,44,Packaging_Line,Assembly_M4,1,0,3,,Medium,Hot,0,Low
P0487,Polishing_M3,Overloaded,24,40,No,Night,Ceramic_Hybrid,48,27,43,Packaging_Line,Polishing_M3,14,0,3,2,High,Normal,1,Medium
P0168,Polishing_M3,Maintenance,12,14,No,Morning,Bearing_Steel_Chrome,47,19,36,Assembly_M4,Assembly_M4,1,0,2,0,Medium,Normal,0,Low
P0221,Polishing_M3,Busy,3,32,Yes,Morning,Bearing_Stainless,40,17,22,Packaging_Line,Polishing_M3,8,1,1,0,Low,Normal,0,Low
P0267,Assembly_M4,Idle,9,20,No,Night,Bearing_Steel_Chrome,79,25,15,Assembly_M4,Lathe_M1,6,0,0,2,Medium,Hot,0,Low
P0213,Assembly_M4,Overloaded,0,16,No,Evening,Bearing_Steel_Chrome,81,7,32,Polishing_M3,Grinding_M2,13,0,3,,Low,Hot,0,Medium
P0457,Polishing_M3,Overloaded,16,5,No,Morning,Ceramic_Hybrid,56,9,58,Packaging_Line,Polishing_M3,8,0,3,0,High,Warm,1,Low
P0003,Grinding_M2,Idle,23,28,Yes,Night,Bearing_Stainless,34,16,43,Packaging_Line,Lathe_M1,7,1,0,2,High,Normal,1,Low
P0263,Grinding_M2,Overloaded,9,40,No,Morning,Ceramic_Hybrid,49,29,54,Grinding_M2,Assembly_M4,27,0,3,0,Medium,Normal,0,High
P0011,Grinding_M2,Maintenance,24,14,Yes,Morning,Ceramic_Hybrid,43,15,49,Assembly_M4,Polishing_M3,15,1,2,0,High,Normal,1,Medium
P0079,Grinding_M2,Maintenance,15,6,Yes,Morning,Bearing_Steel_Chrome,53,5,57,Assembly_M4,Lathe_M1,18,1,2,0,High,Warm,1,Medium
P0277,Grinding_M2,Busy,16,14,No,Night,Bearing_Steel_Chrome,51,22,45,Polishing_M3,Polishing_M3,15,0,1,2,High,Warm,1,Medium
P0343,Lathe_M1,Maintenance,11,35,Yes,Night,Bearing_Stainless,45,29,45,Packaging_Line,Assembly_M4,14,1,2,2,Medium,Normal,0,Medium
P0070,Polishing_M3,Overloaded,12,30,Yes,Night,Bearing_Stainless,62,20,40,Grinding_M2,Grinding_M2,20,1,3,2,Medium,Warm,0,High
P0186,Assembly_M4,Overloaded,16,7,Yes,Evening,Bearing_Stainless,38,18,17,Grinding_M2,Assembly_M4,9,1,3,,High,Normal,1,Low
P0105,Polishing_M3,Maintenance,0,21,No,Evening,Ceramic_Hybrid,72,19,38,Grinding_M2,Polishing_M3,14,0,2,,Low,Hot,0,Medium
P0256,Grinding_M2,Overloaded,21,21,Yes,Evening,Ceramic_Hybrid,27,3,44,Grinding_M2,Grinding_M2,25,1,3,,High,Normal,1,High
P0337,Assembly_M4,Busy,1,38,Yes,Night,Ceramic_Hybrid,50,10,34,Assembly_M4,Polishing_M3,20,1,1,2,Low,Warm,0,High
P0076,Lathe_M1,Idle,20,33,Yes,Evening,Ceramic_Hybrid,83,26,42,Polishing_M3,Polishing_M3,26,1,0,,High,Hot,1,High
P0267,Polishing_M3,Busy,11,29,No,Morning,Bearing_Stainless,33,8,48,Polishing_M3,Lathe_M1,26,0,1,0,Medium,Normal,0,High
P0117,Lathe_M1,Maintenance,24,41,No,Evening,Bearing_Stainless,40,6,16,Packaging_Line,Assembly_M4,24,0,2,,High,Normal,1,High
P0186,Polishing_M3,Busy,19,13,No,Morning,Ceramic_Hybrid,47,8,33,Packaging_Line,Polishing_M3,19,0,1,0,High,Normal,1,Medium
P0466,Grinding_M2,Idle,19,27,Yes,Night,Ceramic_Hybrid,67,28,34,Polishing_M3,Polishing_M3,21,1,0,2,High,Warm,1,High
P0403,Assembly_M4,Overloaded,11,39,Yes,Night,Bearing_Stainless,73,8,26,Polishing_M3,Grinding_M2,10,1,3,2,Medium,Hot,0,Medium
P0332,Grinding_M2,Idle,22,19,No,Morning,Ceramic_Hybrid,54,3,17,Assembly_M4,Assembly_M4,28,0,0,0,High,Warm,1,High
P0367,Polishing_M3,Idle,3,22,No,Evening,Bearing_Stainless,80,24,37,Assembly_M4,Grinding_M2,2,0,0,,Low,Hot,0,Low
P0051,Assembly_M4,Idle,1,40,Yes,Evening,Bearing_Stainless,59,18,32,Polishing_M3,Grinding_M2,14,1,0,,Low,Warm,0,Medium
P0337,Lathe_M1,Overloaded,1,15,Yes,Night,Bearing_Steel_Chrome,81,14,37,Packaging_Line,Grinding_M2,25,1,3,2,Low,Hot,0,High
P0151,Grinding_M2,Maintenance,22,6,No,Evening,Ceramic_Hybrid,58,22,33,Assembly_M4,Assembly_M4,5,0,2,,High,Warm,1,Low
P0319,Lathe_M1,Maintenance,3,16,Yes,Morning,Bearing_Steel_Chrome,50,27,32,Packaging_Line,Grinding_M2,3,1,2,0,Low,Warm,0,Low
P0113,Assembly_M4,Busy,19,14,No,Night,Ceramic_Hybrid,76,19,57,Grinding_M2,Grinding_M2,21,0,1,2,High,Hot,1,High
P0453,Grinding_M2,Idle,20,31,No,Night,Ceramic_Hybrid,55,28,46,Grinding_M2,Lathe_M1,1,0,0,2,High,Warm,1,Low
P0363,Assembly_M4,Overloaded,5,15,No,Night,Ceramic_Hybrid,58,8,24,Packaging_Line,Lathe_M1,21,0,3,2,Medium,Warm,0,High
P0344,Polishing_M3,Maintenance,20,25,No,Night,Bearing_Stainless,42,22,23,Assembly_M4,Lathe_M1,4,0,2,2,High,Normal,1,Low
P0322,Assembly_M4,Maintenance,12,22,No,Evening,Bearing_Stainless,76,26,17,Polishing_M3,Lathe_M1,27,0,2,,Medium,Hot,0,High
P0420,Lathe_M1,Maintenance,18,5,Yes,Evening,Ceramic_Hybrid,62,20,56,Grinding_M2,Polishing_M3,1,1,2,,High,Warm,1,Low
P0299,Lathe_M1,Overloaded,7,21,No,Night,Bearing_Steel_Chrome,45,23,19,Assembly_M4,Polishing_M3,18,0,3,2,Medium,Normal,0,Medium
P0262,Assembly_M4,Idle,6,43,No,Night,Bearing_Steel_Chrome,56,18,8,Assembly_M4,Assembly_M4,12,0,0,2,Medium,Warm,0,Medium
P0211,Grinding_M2,Busy,12,36,Yes,Morning,Ceramic_Hybrid,28,22,5,Packaging_Line,Assembly_M4,1,1,1,0,Medium,Normal,0,Low
P0041,Grinding_M2,Idle,6,13,No,Night,Bearing_Steel_Chrome,25,17,22,Polishing_M3,Lathe_M1,22,0,0,2,Medium,Normal,0,High
P0480,Lathe_M1,Overloaded,14,10,Yes,Night,Ceramic_Hybrid,26,10,8,Grinding_M2,Grinding_M2,13,1,3,2,Medium,Normal,0,Medium
P0476,Assembly_M4,Busy,22,12,Yes,Morning,Ceramic_Hybrid,63,26,20,Packaging_Line,Lathe_M1,3,1,1,0,High,Warm,1,Low
P0469,Assembly_M4,Maintenance,16,22,Yes,Morning,Bearing_Steel_Chrome,84,28,19,Packaging_Line,Grinding_M2,28,1,2,0,High,Hot,1,High
P0113,Assembly_M4,Idle,16,9,Yes,Evening,Ceramic_Hybrid,40,16,46,Polishing_M3,Grinding_M2,14,1,0,,High,Normal,1,Medium
P0141,Assembly_M4,Overloaded,1,23,No,Morning,Bearing_Steel_Chrome,32,16,14,Assembly_M4,Lathe_M1,5,0,3,0,Low,Normal,0,Low
P0216,Assembly_M4,Overloaded,19,30,No,Night,Ceramic_Hybrid,46,13,27,Packaging_Line,Grinding_M2,13,0,3,2,High,Normal,1,Medium
P0499,Grinding_M2,Overloaded,8,24,No,Night,Bearing_Stainless,52,13,41,Grinding_M2,Assembly_M4,24,0,3,2,Medium,Warm,0,High
P0227,Grinding_M2,Busy,11,37,Yes,Night,Bearing_Steel_Chrome,44,29,52,Grinding_M2,Polishing_M3,12,1,1,2,Medium,Normal,0,Medium
P0169,Polishing_M3,Busy,8,21,No,Evening,Ceramic_Hybrid,60,15,23,Grinding_M2,Polishing_M3,7,0,1,,Medium,Warm,0,Low
P0066,Lathe_M1,Maintenance,2,37,Yes,Night,Bearing_Stainless,68,16,15,Assembly_M4,Polishing_M3,10,1,2,2,Low,Warm,0,Medium
P0023,Polishing_M3,Overloaded,1,30,Yes,Morning,Bearing_Steel_Chrome,28,18,21,Assembly_M4,Lathe_M1,28,1,3,0,Low,Normal,0,High
P0158,Assembly_M4,Busy,7,27,Yes,Morning,Bearing_Steel_Chrome,70,25,33,Assembly_M4,Lathe_M1,4,1,1,0,Medium,Hot,0,Low
P0102,Assembly_M4,Maintenance,5,33,Yes,Evening,Ceramic_Hybrid,43,28,33,Packaging_Line,Lathe_M1,24,1,2,,Medium,Normal,0,High
P0381,Lathe_M1,Maintenance,3,39,No,Night,Bearing_Stainless,76,7,27,Grinding_M2,Grinding_M2,7,0,2,2,Low,Hot,0,Low
P0119,Polishing_M3,Overloaded,13,12,No,Evening,Ceramic_Hybrid,79,3,17,Assembly_M4,Polishing_M3,8,0,3,,Medium,Hot,0,Low
P0211,Assembly_M4,Overloaded,24,25,Yes,Morning,Bearing_Stainless,55,21,52,Packaging_Line,Polishing_M3,4,1,3,0,High,Warm,1,Low
P0417,Lathe_M1,Busy,15,42,No,Morning,Bearing_Steel_Chrome,51,5,52,Assembly_M4,Assembly_M4,23,0,1,0,High,Warm,1,High
P0112,Assembly_M4,Idle,22,25,Yes,Evening,Ceramic_Hybrid,37,6,51,Packaging_Line,Polishing_M3,26,1,0,,High,Normal,1,High
P0232,Grinding_M2,Idle,7,11,No,Morning,Bearing_Steel_Chrome,70,8,26,Packaging_Line,Grinding_M2,7,0,0,0,Medium,Hot,0,Low
P0364,Lathe_M1,Idle,22,34,Yes,Evening,Ceramic_Hybrid,42,11,22,Assembly_M4,Polishing_M3,14,1,0,,High,Normal,1,Medium
P0329,Grinding_M2,Idle,9,43,Yes,Morning,Bearing_Stainless,54,27,11,Grinding_M2,Assembly_M4,7,1,0,0,Medium,Warm,0,Low
P0438,Polishing_M3,Busy,4,5,No,Night,Ceramic_Hybrid,70,19,17,Assembly_M4,Grinding_M2,25,0,1,2,Low,Hot,0,High
P0299,Assembly_M4,Maintenance,7,12,Yes,Evening,Bearing_Steel_Chrome,34,18,42,Assembly_M4,Polishing_M3,15,1,2,,Medium,Normal,0,Medium
P0407,Assembly_M4,Maintenance,14,44,No,Evening,Bearing_Steel_Chrome,75,21,19,Grinding_M2,Polishing_M3,3,0,2,,Medium,Hot,0,Low
P0381,Polishing_M3,Overloaded,5,34,Yes,Night,Bearing_Stainless,81,9,35,Assembly_M4,Lathe_M1,16,1,3,2,Medium,Hot,0,Medium
P0218,Lathe_M1,Maintenance,14,36,Yes,Evening,Bearing_Steel_Chrome,69,27,56,Polishing_M3,Grinding_M2,15,1,2,,Medium,Warm,0,Medium
P0040,Lathe_M1,Maintenance,17,17,Yes,Night,Bearing_Stainless,48,9,18,Grinding_M2,Grinding_M2,28,1,2,2,High,Normal,1,High
P0404,Polishing_M3,Overloaded,10,10,No,Evening,Ceramic_Hybrid,80,26,5,Grinding_M2,Polishing_M3,25,0,3,,Medium,Hot,0,High
P0419,Grinding_M2,Maintenance,1,36,No,Evening,Bearing_Steel_Chrome,37,2,36,Polishing_M3,Grinding_M2,24,0,2,,Low,Normal,0,High
P0275,Assembly_M4,Overloaded,23,31,Yes,Morning,Bearing_Steel_Chrome,28,25,27,Polishing_M3,Assembly_M4,29,1,3,0,High,Normal,1,High
P0493,Polishing_M3,Busy,1,25,No,Night,Bearing_Steel_Chrome,54,27,24,Grinding_M2,Grinding_M2,16,0,1,2,Low,Warm,0,Medium
P0213,Assembly_M4,Maintenance,2,41,No,Morning,Ceramic_Hybrid,82,9,48,Packaging_Line,Assembly_M4,25,0,2,0,Low,Hot,0,High
P0212,Assembly_M4,Busy,22,5,Yes,Morning,Bearing_Stainless,57,16,21,Packaging_Line,Grinding_M2,2,1,1,0,High,Warm,1,Low
P0143,Grinding_M2,Busy,16,8,Yes,Morning,Bearing_Steel_Chrome,37,5,11,Polishing_M3,Polishing_M3,14,1,1,0,High,Normal,1,Medium
P0315,Lathe_M1,Busy,8,27,Yes,Night,Bearing_Stainless,57,2,24,Packaging_Line,Grinding_M2,4,1,1,2,Medium,Warm,0,Low
P0457,Assembly_M4,Maintenance,0,38,No,Night,Ceramic_Hybrid,51,22,28,Grinding_M2,Lathe_M1,15,0,2,2,Low,Warm,0,Medium
P0243,Assembly_M4,Busy,2,29,No,Morning,Ceramic_Hybrid,79,10,21,Assembly_M4,Polishing_M3,21,0,1,0,Low,Hot,0,High
P0417,Assembly_M4,Busy,12,7,No,Evening,Bearing_Steel_Chrome,28,5,47,Polishing_M3,Grinding_M2,28,0,1,,Medium,Normal,0,High
P0126,Polishing_M3,Busy,6,30,No,Evening,Bearing_Stainless,35,25,47,Assembly_M4,Assembly_M4,10,0,1,,Medium,Normal,0,Medium
P0452,Polishing_M3,Idle,4,17,No,Morning,Bearing_Steel_Chrome,68,11,43,Packaging_Line,Grinding_M2,19,0,0,0,Low,Warm,0,Medium
P0251,Grinding_M2,Maintenance,18,23,Yes,Morning,Ceramic_Hybrid,36,21,26,Assembly_M4,Assembly_M4,15,1,2,0,High,Normal,1,Medium
P0458,Polishing_M3,Overloaded,4,34,Yes,Night,Bearing_Steel_Chrome,70,13,33,Packaging_Line,Assembly_M4,21,1,3,2,Low,Hot,0,High
P0193,Polishing_M3,Busy,10,41,No,Night,Bearing_Steel_Chrome,72,27,22,Grinding_M2,Grinding_M2,12,0,1,2,Medium,Hot,0,Medium
P0475,Polishing_M3,Busy,4,16,Yes,Night,Bearing_Stainless,47,3,42,Assembly_M4,Lathe_M1,23,1,1,2,Low,Normal,0,High
P0374,Grinding_M2,Overloaded,20,29,No,Night,Bearing_Stainless,28,14,46,Packaging_Line,Assembly_M4,17,0,3,2,High,Normal,1,Medium
P0073,Grinding_M2,Idle,13,12,Yes,Evening,Bearing_Stainless,79,25,22,Polishing_M3,Grinding_M2,3,1,0,,Medium,Hot,0,Low
P0034,Polishing_M3,Overloaded,24,21,No,Evening,Ceramic_Hybrid,56,25,28,Grinding_M2,Polishing_M3,7,0,3,,High,Warm,1,Low
P0352,Assembly_M4,Overloaded,12,31,Yes,Morning,Bearing_Stainless,72,6,40,Grinding_M2,Lathe_M1,26,1,3,0,Medium,Hot,0,High
P0134,Assembly_M4,Maintenance,9,35,No,Morning,Bearing_Steel_Chrome,34,15,30,Polishing_M3,Lathe_M1,22,0,2,0,Medium,Normal,0,High
P0149,Lathe_M1,Overloaded,11,36,No,Morning,Bearing_Stainless,51,2,57,Packaging_Line,Assembly_M4,20,0,3,0,Medium,Warm,0,High
P0218,Lathe_M1,Idle,19,43,Yes,Night,Ceramic_Hybrid,65,9,17,Assembly_M4,Lathe_M1,14,1,0,2,High,Warm,1,Medium
P0031,Lathe_M1,Maintenance,11,44,Yes,Morning,Bearing_Stainless,77,23,22,Polishing_M3,Lathe_M1,16,1,2,0,Medium,Hot,0,Medium
P0167,Lathe_M1,Busy,10,20,No,Morning,Bearing_Stainless,70,4,57,Packaging_Line,Assembly_M4,2,0,1,0,Medium,Hot,0,Low
P0088,Lathe_M1,Busy,2,8,No,Night,Bearing_Steel_Chrome,78,6,14,Packaging_Line,Lathe_M1,20,0,1,2,Low,Hot,0,High
P0024,Assembly_M4,Overloaded,1,16,No,Evening,Bearing_Steel_Chrome,51,6,41,Assembly_M4,Assembly_M4,27,0,3,,Low,Warm,0,High
P0430,Lathe_M1,Maintenance,22,37,Yes,Morning,Bearing_Stainless,28,28,25,Polishing_M3,Grinding_M2,24,1,2,0,High,Normal,1,High
P0474,Lathe_M1,Overloaded,11,35,No,Morning,Ceramic_Hybrid,68,17,28,Polishing_M3,Lathe_M1,17,0,3,0,Medium,Warm,0,Medium
P0207,Lathe_M1,Busy,20,14,Yes,Morning,Bearing_Steel_Chrome,73,18,54,Polishing_M3,Assembly_M4,2,1,1,0,High,Hot,1,Low
P0448,Polishing_M3,Overloaded,24,8,Yes,Night,Bearing_Stainless,75,12,21,Polishing_M3,Grinding_M2,12,1,3,2,High,Hot,1,Medium
P0148,Lathe_M1,Busy,1,10,No,Morning,Bearing_Steel_Chrome,33,6,24,Packaging_Line,Assembly_M4,29,0,1,0,Low,Normal,0,High
P0246,Lathe_M1,Busy,20,13,No,Morning,Bearing_Stainless,52,24,12,Assembly_M4,Grinding_M2,20,0,1,0,High,Warm,1,High
P0010,Lathe_M1,Maintenance,7,25,No,Morning,Bearing_Steel_Chrome,52,24,10,Polishing_M3,Grinding_M2,3,0,2,0,Medium,Warm,0,Low
P0070,Grinding_M2,Overloaded,4,13,Yes,Morning,Bearing_Stainless,31,29,8,Polishing_M3,Grinding_M2,7,1,3,0,Low,Normal,0,Low
P0095,Grinding_M2,Busy,4,15,No,Evening,Bearing_Steel_Chrome,39,3,17,Grinding_M2,Lathe_M1,22,0,1,,Low,Normal,0,High
P0492,Lathe_M1,Busy,15,11,Yes,Morning,Bearing_Stainless,64,7,43,Assembly_M4,Grinding_M2,18,1,1,0,High,Warm,1,Medium
P0115,Lathe_M1,Idle,21,29,Yes,Night,Bearing_Steel_Chrome,52,23,24,Assembly_M4,Grinding_M2,7,1,0,2,High,Warm,1,Low
P0265,Assembly_M4,Busy,2,9,Yes,Morning,Bearing_Steel_Chrome,25,16,30,Assembly_M4,Polishing_M3,3,1,1,0,Low,Normal,0,Low
P0427,Assembly_M4,Overloaded,7,38,No,Morning,Bearing_Steel_Chrome,76,6,35,Assembly_M4,Grinding_M2,19,0,3,0,Medium,Hot,0,Medium
P0257,Assembly_M4,Overloaded,12,5,No,Night,Bearing_Stainless,46,16,30,Packaging_Line,Lathe_M1,18,0,3,2,Medium,Normal,0,Medium
P0089,Polishing_M3,Maintenance,15,13,No,Morning,Bearing_Stainless,25,12,13,Polishing_M3,Lathe_M1,23,0,2,0,High,Normal,1,High
P0374,Polishing_M3,Idle,10,6,No,Evening,Ceramic_Hybrid,38,7,44,Packaging_Line,Grinding_M2,18,0,0,,Medium,Normal,0,Medium
P0142,Polishing_M3,Idle,15,33,No,Morning,Bearing_Stainless,68,12,10,Packaging_Line,Lathe_M1,3,0,0,0,High,Warm,1,Low
P0172,Grinding_M2,Maintenance,13,6,No,Evening,Bearing_Stainless,56,12,26,Grinding_M2,Polishing_M3,3,0,2,,Medium,Warm,0,Low
P0250,Assembly_M4,Idle,17,35,No,Morning,Ceramic_Hybrid,57,25,5,Grinding_M2,Assembly_M4,12,0,0,0,High,Warm,1,Medium
P0214,Polishing_M3,Busy,14,41,No,Evening,Bearing_Stainless,51,7,52,Polishing_M3,Grinding_M2,27,0,1,,Medium,Warm,0,High
P0208,Polishing_M3,Idle,11,16,No,Evening,Bearing_Stainless,27,24,6,Packaging_Line,Assembly_M4,7,0,0,,Medium,Normal,0,Low
P0369,Polishing_M3,Idle,1,36,No,Morning,Ceramic_Hybrid,77,8,36,Packaging_Line,Grinding_M2,11,0,0,0,Low,Hot,0,Medium
P0391,Polishing_M3,Idle,10,18,Yes,Evening,Bearing_Steel_Chrome,27,15,36,Packaging_Line,Assembly_M4,11,1,0,,Medium,Normal,0,Medium
P0473,Grinding_M2,Overloaded,3,21,Yes,Evening,Bearing_Stainless,72,4,14,Grinding_M2,Grinding_M2,21,1,3,,Low,Hot,0,High
P0329,Assembly_M4,Maintenance,14,44,Yes,Night,Ceramic_Hybrid,42,4,43,Polishing_M3,Polishing_M3,10,1,2,2,Medium,Normal,0,Medium
P0139,Grinding_M2,Overloaded,19,13,No,Night,Bearing_Stainless,70,24,50,Packaging_Line,Grinding_M2,11,0,3,2,High,Hot,1,Medium
P0343,Lathe_M1,Maintenance,0,40,Yes,Evening,Ceramic_Hybrid,50,28,42,Polishing_M3,Polishing_M3,22,1,2,,Low,Warm,0,High
P0290,Assembly_M4,Idle,21,9,Yes,Evening,Bearing_Steel_Chrome,59,3,39,Assembly_M4,Grinding_M2,9,1,0,,High,Warm,1,Low
P0345,Lathe_M1,Busy,18,22,No,Night,Ceramic_Hybrid,67,13,7,Polishing_M3,Assembly_M4,18,0,1,2,High,Warm,1,Medium
P0046,Lathe_M1,Idle,23,42,Yes,Evening,Bearing_Steel_Chrome,31,2,10,Packaging_Line,Grinding_M2,18,1,0,,High,Normal,1,Medium
P0195,Lathe_M1,Maintenance,12,26,Yes,Morning,Bearing_Steel_Chrome,75,8,55,Assembly_M4,Assembly_M4,9,1,2,0,Medium,Hot,0,Low
P0418,Assembly_M4,Busy,2,27,Yes,Evening,Ceramic_Hybrid,36,21,28,Assembly_M4,Grinding_M2,18,1,1,,Low,Normal,0,Medium
P0061,Grinding_M2,Busy,7,13,No,Evening,Bearing_Steel_Chrome,37,9,58,Assembly_M4,Assembly_M4,10,0,1,,Medium,Normal,0,Medium
P0204,Grinding_M2,Overloaded,16,11,No,Morning,Ceramic_Hybrid,41,24,54,Polishing_M3,Assembly_M4,24,0,3,0,High,Normal,1,High
P0432,Polishing_M3,Overloaded,1,39,No,Morning,Bearing_Steel_Chrome,52,20,37,Grinding_M2,Assembly_M4,21,0,3,0,Low,Warm,0,High
P0072,Polishing_M3,Busy,20,14,Yes,Evening,Ceramic_Hybrid,77,15,49,Assembly_M4,Lathe_M1,9,1,1,,High,Hot,1,Low
P0342,Lathe_M1,Idle,5,10,No,Night,Bearing_Stainless,75,22,46,Assembly_M4,Assembly_M4,23,0,0,2,Medium,Hot,0,High
P0046,Assembly_M4,Maintenance,2,22,Yes,Evening,Ceramic_Hybrid,77,20,9,Polishing_M3,Grinding_M2,25,1,2,,Low,Hot,0,High
P0169,Grinding_M2,Busy,10,14,Yes,Morning,Bearing_Stainless,41,5,30,Grinding_M2,Grinding_M2,21,1,1,0,Medium,Normal,0,High
P0180,Lathe_M1,Busy,17,22,No,Night,Bearing_Steel_Chrome,25,15,12,Assembly_M4,Lathe_M1,2,0,1,2,High,Normal,1,Low
P0390,Lathe_M1,Idle,18,19,Yes,Morning,Bearing_Stainless,84,3,40,Assembly_M4,Grinding_M2,1,1,0,0,High,Hot,1,Low
P0244,Assembly_M4,Maintenance,18,25,Yes,Night,Bearing_Stainless,66,2,36,Grinding_M2,Polishing_M3,20,1,2,2,High,Warm,1,High
P0024,Polishing_M3,Busy,21,40,Yes,Morning,Bearing_Stainless,63,8,26,Packaging_Line,Grinding_M2,25,1,1,0,High,Warm,1,High
P0020,Lathe_M1,Overloaded,17,14,Yes,Morning,Bearing_Stainless,80,9,31,Grinding_M2,Polishing_M3,10,1,3,0,High,Hot,1,Medium
P0297,Lathe_M1,Busy,13,15,Yes,Evening,Ceramic_Hybrid,30,22,37,Polishing_M3,Lathe_M1,19,1,1,,Medium,Normal,0,Medium
P0078,Assembly_M4,Maintenance,6,28,Yes,Evening,Ceramic_Hybrid,42,4,56,Grinding_M2,Lathe_M1,11,1,2,,Medium,Normal,0,Medium
P0449,Lathe_M1,Idle,4,23,No,Morning,Bearing_Steel_Chrome,77,25,38,Polishing_M3,Polishing_M3,22,0,0,0,Low,Hot,0,High
P0257,Polishing_M3,Overloaded,3,14,No,Morning,Bearing_Steel_Chrome,26,9,37,Polishing_M3,Polishing_M3,27,0,3,0,Low,Normal,0,High
P0102,Lathe_M1,Maintenance,5,32,Yes,Night,Bearing_Stainless,34,14,5,Grinding_M2,Assembly_M4,2,1,2,2,Medium,Normal,0,Low
P0429,Lathe_M1,Idle,2,13,No,Morning,Bearing_Steel_Chrome,29,11,14,Assembly_M4,Assembly_M4,12,0,0,0,Low,Normal,0,Medium
P0051,Lathe_M1,Maintenance,17,25,Yes,Morning,Bearing_Steel_Chrome,45,2,7,Grinding_M2,Polishing_M3,5,1,2,0,High,Normal,1,Low
P0475,Lathe_M1,Idle,24,12,No,Evening,Ceramic_Hybrid,41,10,36,Grinding_M2,Grinding_M2,6,0,0,,High,Normal,1,Low
P0497,Lathe_M1,Overloaded,16,44,Yes,Morning,Bearing_Steel_Chrome,45,8,11,Packaging_Line,Polishing_M3,15,1,3,0,High,Normal,1,Medium
P0163,Grinding_M2,Maintenance,6,31,Yes,Night,Bearing_Steel_Chrome,32,10,32,Packaging_Line,Assembly_M4,15,1,2,2,Medium,Normal,0,Medium
P0435,Polishing_M3,Maintenance,1,11,No,Evening,Bearing_Stainless,71,19,26,Polishing_M3,Lathe_M1,18,0,2,,Low,Hot,0,Medium
P0123,Lathe_M1,Busy,9,37,No,Evening,Ceramic_Hybrid,31,4,18,Grinding_M2,Assembly_M4,12,0,1,,Medium,Normal,0,Medium
P0063,Polishing_M3,Idle,13,40,Yes,Night,Bearing_Steel_Chrome,37,17,20,Grinding_M2,Polishing_M3,22,1,0,2,Medium,Normal,0,High
P0146,Lathe_M1,Busy,4,29,Yes,Morning,Bearing_Stainless,62,7,54,Polishing_M3,Polishing_M3,6,1,1,0,Low,Warm,0,Low
P0027,Assembly_M4,Maintenance,6,30,Yes,Evening,Bearing_Steel_Chrome,83,14,48,Packaging_Line,Polishing_M3,19,1,2,,Medium,Hot,0,Medium
P0417,Polishing_M3,Overloaded,22,5,Yes,Evening,Bearing_Steel_Chrome,32,5,25,Packaging_Line,Polishing_M3,22,1,3,,High,Normal,1,High
P0458,Lathe_M1,Busy,18,41,Yes,Night,Bearing_Stainless,73,4,23,Assembly_M4,Assembly_M4,1,1,1,2,High,Hot,1,Low
P0369,Lathe_M1,Maintenance,22,37,No,Night,Ceramic_Hybrid,79,21,45,Assembly_M4,Assembly_M4,23,0,2,2,High,Hot,1,High
P0200,Polishing_M3,Idle,4,11,Yes,Morning,Bearing_Stainless,81,27,10,Grinding_M2,Polishing_M3,17,1,0,0,Low,Hot,0,Medium
P0222,Assembly_M4,Overloaded,21,17,No,Morning,Bearing_Stainless,36,5,12,Assembly_M4,Polishing_M3,5,0,3,0,High,Normal,1,Low
P0454,Grinding_M2,Idle,4,30,No,Night,Ceramic_Hybrid,67,9,44,Grinding_M2,Assembly_M4,1,0,0,2,Low,Warm,0,Low
P0080,Assembly_M4,Maintenance,12,33,Yes,Night,Bearing_Stainless,29,29,57,Packaging_Line,Polishing_M3,8,1,2,2,Medium,Normal,0,Low
P0014,Polishing_M3,Maintenance,16,27,Yes,Evening,Bearing_Steel_Chrome,69,10,6,Grinding_M2,Lathe_M1,19,1,2,,High,Warm,1,Medium
P0151,Polishing_M3,Busy,19,35,Yes,Morning,Bearing_Stainless,31,27,7,Packaging_Line,Grinding_M2,19,1,1,0,High,Normal,1,Medium
P0134,Lathe_M1,Maintenance,18,13,Yes,Morning,Bearing_Steel_Chrome,34,15,54,Packaging_Line,Assembly_M4,26,1,2,0,High,Normal,1,High
P0278,Lathe_M1,Overloaded,14,30,Yes,Evening,Bearing_Steel_Chrome,25,26,42,Polishing_M3,Lathe_M1,15,1,3,,Medium,Normal,0,Medium
P0242,Assembly_M4,Idle,24,10,Yes,Night,Ceramic_Hybrid,42,2,7,Grinding_M2,Lathe_M1,17,1,0,2,High,Normal,1,Medium
P0180,Grinding_M2,Idle,15,12,Yes,Morning,Ceramic_Hybrid,84,18,44,Polishing_M3,Grinding_M2,17,1,0,0,High,Hot,1,Medium
P0090,Grinding_M2,Overloaded,24,16,Yes,Night,Bearing_Stainless,53,26,55,Packaging_Line,Polishing_M3,4,1,3,2,High,Warm,1,Low
P0444,Grinding_M2,Idle,20,29,No,Night,Ceramic_Hybrid,53,12,8,Assembly_M4,Lathe_M1,14,0,0,2,High,Warm,1,Medium
P0001,Polishing_M3,Busy,13,42,Yes,Night,Ceramic_Hybrid,41,3,12,Assembly_M4,Assembly_M4,4,1,1,2,Medium,Normal,0,Low
P0310,Lathe_M1,Idle,9,11,No,Morning,Ceramic_Hybrid,60,17,18,Grinding_M2,Grinding_M2,16,0,0,0,Medium,Warm,0,Medium
P0178,Lathe_M1,Overloaded,24,8,Yes,Evening,Bearing_Stainless,53,25,10,Polishing_M3,Grinding_M2,1,1,3,,High,Warm,1,Low
P0393,Grinding_M2,Busy,6,5,No,Evening,Bearing_Steel_Chrome,75,9,7,Assembly_M4,Assembly_M4,1,0,1,,Medium,Hot,0,Low
P0285,Lathe_M1,Maintenance,0,43,Yes,Morning,Bearing_Steel_Chrome,45,14,34,Grinding_M2,Lathe_M1,1,1,2,0,Low,Normal,0,Low
P0013,Polishing_M3,Busy,15,26,No,Night,Bearing_Stainless,54,23,50,Polishing_M3,Polishing_M3,4,0,1,2,High,Warm,1,Low
P0040,Polishing_M3,Idle,22,29,Yes,Night,Bearing_Stainless,36,18,57,Assembly_M4,Assembly_M4,15,1,0,2,High,Normal,1,Medium
P0285,Assembly_M4,Maintenance,9,39,No,Night,Ceramic_Hybrid,79,21,56,Polishing_M3,Lathe_M1,29,0,2,2,Medium,Hot,0,High
P0090,Lathe_M1,Idle,11,5,Yes,Evening,Bearing_Steel_Chrome,25,11,22,Assembly_M4,Assembly_M4,15,1,0,,Medium,Normal,0,Medium
P0468,Lathe_M1,Idle,1,12,No,Night,Ceramic_Hybrid,46,23,30,Grinding_M2,Grinding_M2,26,0,0,2,Low,Normal,0,High
P0050,Grinding_M2,Maintenance,8,25,No,Morning,Ceramic_Hybrid,55,21,47,Packaging_Line,Lathe_M1,6,0,2,0,Medium,Warm,0,Low
P0164,Polishing_M3,Overloaded,23,18,No,Evening,Bearing_Stainless,57,8,28,Assembly_M4,Lathe_M1,9,0,3,,High,Warm,1,Low
P0279,Polishing_M3,Idle,10,27,Yes,Evening,Ceramic_Hybrid,72,20,6,Packaging_Line,Lathe_M1,15,1,0,,Medium,Hot,0,Medium
P0354,Polishing_M3,Overloaded,2,40,Yes,Night,Ceramic_Hybrid,76,23,32,Packaging_Line,Lathe_M1,7,1,3,2,Low,Hot,0,Low
P0194,Lathe_M1,Busy,11,8,No,Evening,Bearing_Stainless,34,7,34,Packaging_Line,Grinding_M2,22,0,1,,Medium,Normal,0,High
P0120,Assembly_M4,Overloaded,13,39,No,Evening,Bearing_Steel_Chrome,73,12,14,Grinding_M2,Assembly_M4,26,0,3,,Medium,Hot,0,High
P0163,Grinding_M2,Maintenance,20,36,No,Morning,Bearing_Steel_Chrome,66,11,7,Packaging_Line,Lathe_M1,24,0,2,0,High,Warm,1,High
P0154,Lathe_M1,Idle,14,21,No,Morning,Ceramic_Hybrid,51,19,55,Grinding_M2,Polishing_M3,19,0,0,0,Medium,Warm,0,Medium
P0100,Assembly_M4,Maintenance,11,28,Yes,Night,Ceramic_Hybrid,29,25,31,Packaging_Line,Polishing_M3,16,1,2,2,Medium,Normal,0,Medium
P0138,Polishing_M3,Maintenance,14,42,No,Morning,Bearing_Stainless,68,3,31,Grinding_M2,Polishing_M3,20,0,2,0,Medium,Warm,0,High
P0346,Grinding_M2,Idle,8,36,Yes,Evening,Bearing_Steel_Chrome,28,6,57,Polishing_M3,Polishing_M3,26,1,0,,Medium,Normal,0,High
P0263,Lathe_M1,Busy,7,26,No,Morning,Bearing_Stainless,66,8,26,Polishing_M3,Polishing_M3,14,0,1,0,Medium,Warm,0,Medium
P0057,Polishing_M3,Overloaded,4,20,Yes,Evening,Ceramic_Hybrid,39,6,7,Grinding_M2,Polishing_M3,23,1,3,,Low,Normal,0,High
P0274,Polishing_M3,Overloaded,9,9,No,Evening,Ceramic_Hybrid,47,16,22,Grinding_M2,Assembly_M4,25,0,3,,Medium,Normal,0,High
P0090,Assembly_M4,Maintenance,7,35,Yes,Morning,Bearing_Stainless,45,3,26,Polishing_M3,Polishing_M3,8,1,2,0,Medium,Normal,0,Low
P0232,Lathe_M1,Idle,22,36,Yes,Morning,Ceramic_Hybrid,32,5,34,Polishing_M3,Polishing_M3,19,1,0,0,High,Normal,1,Medium
P0346,Polishing_M3,Overloaded,22,22,Yes,Morning,Bearing_Steel_Chrome,77,24,37,Assembly_M4,Grinding_M2,20,1,3,0,High,Hot,1,High
P0269,Assembly_M4,Idle,14,22,Yes,Evening,Bearing_Steel_Chrome,78,13,37,Polishing_M3,Assembly_M4,7,1,0,,Medium,Hot,0,Low
P0201,Grinding_M2,Busy,18,32,No,Morning,Bearing_Steel_Chrome,25,25,43,Packaging_Line,Polishing_M3,2,0,1,0,High,Normal,1,Low
P0488,Grinding_M2,Idle,6,23,Yes,Morning,Bearing_Stainless,55,14,28,Grinding_M2,Assembly_M4,5,1,0,0,Medium,Warm,0,Low
P0238,Grinding_M2,Busy,22,23,No,Night,Bearing_Steel_Chrome,25,2,54,Polishing_M3,Assembly_M4,24,0,1,2,High,Normal,1,High
P0196,Grinding_M2,Maintenance,0,36,Yes,Evening,Bearing_Steel_Chrome,83,29,41,Polishing_M3,Polishing_M3,9,1,2,,Low,Hot,0,Low
P0385,Lathe_M1,Idle,11,13,Yes,Morning,Ceramic_Hybrid,74,24,15,Polishing_M3,Lathe_M1,1,1,0,0,Medium,Hot,0,Low
P0155,Polishing_M3,Busy,18,38,Yes,Morning,Bearing_Steel_Chrome,31,21,6,Packaging_Line,Lathe_M1,19,1,1,0,High,Normal,1,Medium
P0344,Lathe_M1,Busy,5,36,Yes,Night,Bearing_Steel_Chrome,34,10,12,Polishing_M3,Polishing_M3,26,1,1,2,Medium,Normal,0,High
P0317,Grinding_M2,Maintenance,10,24,No,Morning,Ceramic_Hybrid,84,21,13,Grinding_M2,Lathe_M1,8,0,2,0,Medium,Hot,0,Low
P0030,Lathe_M1,Idle,14,38,No,Evening,Bearing_Steel_Chrome,48,2,45,Packaging_Line,Grinding_M2,9,0,0,,Medium,Normal,0,Low
P0095,Polishing_M3,Maintenance,12,44,No,Night,Bearing_Stainless,51,22,9,Grinding_M2,Polishing_M3,29,0,2,2,Medium,Warm,0,High
P0182,Polishing_M3,Busy,2,25,No,Night,Ceramic_Hybrid,28,18,52,Polishing_M3,Grinding_M2,16,0,1,2,Low,Normal,0,Medium
P0001,Polishing_M3,Overloaded,24,35,Yes,Morning,Ceramic_Hybrid,50,21,39,Polishing_M3,Lathe_M1,6,1,3,0,High,Warm,1,Low
P0493,Assembly_M4,Maintenance,0,25,No,Night,Bearing_Steel_Chrome,40,16,43,Assembly_M4,Polishing_M3,2,0,2,2,Low,Normal,0,Low
P0193,Polishing_M3,Maintenance,9,19,No,Morning,Bearing_Stainless,30,3,28,Grinding_M2,Lathe_M1,24,0,2,0,Medium,Normal,0,High
P0315,Polishing_M3,Overloaded,16,32,Yes,Night,Ceramic_Hybrid,25,2,32,Grinding_M2,Lathe_M1,4,1,3,2,High,Normal,1,Low
P0344,Assembly_M4,Maintenance,19,12,No,Evening,Ceramic_Hybrid,25,27,55,Packaging_Line,Polishing_M3,11,0,2,,High,Normal,1,Medium
P0030,Polishing_M3,Idle,16,29,No,Night,Bearing_Stainless,34,13,45,Grinding_M2,Grinding_M2,7,0,0,2,High,Normal,1,Low
P0014,Grinding_M2,Busy,11,44,No,Evening,Ceramic_Hybrid,41,6,18,Grinding_M2,Assembly_M4,2,0,1,,Medium,Normal,0,Low
P0340,Lathe_M1,Busy,15,21,Yes,Morning,Bearing_Steel_Chrome,59,24,5,Grinding_M2,Lathe_M1,27,1,1,0,High,Warm,1,High
P0201,Assembly_M4,Maintenance,17,40,Yes,Evening,Ceramic_Hybrid,39,29,23,Packaging_Line,Assembly_M4,19,1,2,,High,Normal,1,Medium
P0105,Polishing_M3,Idle,9,9,Yes,Morning,Bearing_Steel_Chrome,43,12,43,Packaging_Line,Lathe_M1,5,1,0,0,Medium,Normal,0,Low
P0277,Polishing_M3,Idle,19,16,Yes,Morning,Bearing_Stainless,43,16,16,Assembly_M4,Polishing_M3,4,1,0,0,High,Normal,1,Low
P0213,Grinding_M2,Maintenance,11,22,Yes,Morning,Bearing_Stainless,73,20,52,Polishing_M3,Polishing_M3,11,1,2,0,Medium,Hot,0,Medium
P0099,Lathe_M1,Busy,1,37,Yes,Night,Bearing_Steel_Chrome,73,19,33,Packaging_Line,Polishing_M3,13,1,1,2,Low,Hot,0,Medium
P0396,Grinding_M2,Idle,4,29,Yes,Night,Ceramic_Hybrid,48,28,42,Grinding_M2,Grinding_M2,1,1,0,2,Low,Normal,0,Low
P0074,Polishing_M3,Maintenance,9,41,No,Night,Ceramic_Hybrid,84,2,27,Packaging_Line,Assembly_M4,26,0,2,2,Medium,Hot,0,High
P0314,Grinding_M2,Idle,10,28,No,Night,Ceramic_Hybrid,48,8,54,Assembly_M4,Lathe_M1,21,0,0,2,Medium,Normal,0,High
P0252,Grinding_M2,Maintenance,19,14,No,Evening,Ceramic_Hybrid,49,16,40,Grinding_M2,Polishing_M3,16,0,2,,High,Normal,1,Medium
P0459,Grinding_M2,Idle,14,19,Yes,Morning,Bearing_Steel_Chrome,68,9,44,Assembly_M4,Lathe_M1,18,1,0,0,Medium,Warm,0,Medium
P0418,Assembly_M4,Overloaded,5,41,Yes,Night,Bearing_Stainless,26,13,8,Packaging_Line,Polishing_M3,23,1,3,2,Medium,Normal,0,High
P0095,Assembly_M4,Maintenance,12,21,Yes,Evening,Bearing_Steel_Chrome,55,17,45,Polishing_M3,Assembly_M4,26,1,2,,Medium,Warm,0,High
P0094,Polishing_M3,Overloaded,0,16,No,Morning,Bearing_Steel_Chrome,61,24,54,Packaging_Line,Polishing_M3,20,0,3,0,Low,Warm,0,High
P0345,Assembly_M4,Overloaded,1,40,No,Night,Bearing_Stainless,39,7,26,Packaging_Line,Polishing_M3,12,0,3,2,Low,Normal,0,Medium
P0271,Assembly_M4,Overloaded,17,36,No,Morning,Bearing_Steel_Chrome,83,21,40,Assembly_M4,Polishing_M3,1,0,3,0,High,Hot,1,Low
P0363,Polishing_M3,Busy,14,7,Yes,Evening,Bearing_Stainless,53,16,31,Polishing_M3,Polishing_M3,5,1,1,,Medium,Warm,0,Low
P0003,Assembly_M4,Idle,23,35,No,Evening,Bearing_Stainless,46,4,58,Assembly_M4,Lathe_M1,7,0,0,,High,Normal,1,Low
P0074,Lathe_M1,Maintenance,5,30,Yes,Evening,Bearing_Stainless,78,2,23,Packaging_Line,Grinding_M2,7,1,2,,Medium,Hot,0,Low
P0306,Grinding_M2,Overloaded,3,16,Yes,Night,Bearing_Stainless,44,24,29,Polishing_M3,Polishing_M3,27,1,3,2,Low,Normal,0,High
P0351,Polishing_M3,Idle,17,23,Yes,Morning,Ceramic_Hybrid,78,5,5,Grinding_M2,Polishing_M3,9,1,0,0,High,Hot,1,Low
P0224,Polishing_M3,Busy,14,12,Yes,Morning,Bearing_Steel_Chrome,39,16,54,Assembly_M4,Assembly_M4,7,1,1,0,Medium,Normal,0,Low
P0237,Lathe_M1,Overloaded,21,22,No,Evening,Ceramic_Hybrid,40,3,40,Packaging_Line,Grinding_M2,20,0,3,,High,Normal,1,High
P0192,Lathe_M1,Overloaded,15,7,Yes,Evening,Bearing_Steel_Chrome,80,24,6,Polishing_M3,Grinding_M2,3,1,3,,High,Hot,1,Low
P0333,Grinding_M2,Busy,24,9,No,Evening,Ceramic_Hybrid,26,20,24,Polishing_M3,Grinding_M2,2,0,1,,High,Normal,1,Low
P0099,Assembly_M4,Idle,1,24,Yes,Night,Ceramic_Hybrid,74,26,24,Assembly_M4,Polishing_M3,25,1,0,2,Low,Hot,0,High
P0033,Assembly_M4,Maintenance,20,18,No,Night,Bearing_Stainless,84,16,48,Grinding_M2,Assembly_M4,11,0,2,2,High,Hot,1,Medium
P0101,Assembly_M4,Idle,10,43,Yes,Night,Bearing_Stainless,36,17,9,Polishing_M3,Lathe_M1,2,1,0,2,Medium,Normal,0,Low
P0058,Lathe_M1,Idle,21,20,Yes,Morning,Bearing_Steel_Chrome,79,16,47,Assembly_M4,Polishing_M3,29,1,0,0,High,Hot,1,High
P0065,Assembly_M4,Overloaded,5,28,Yes,Morning,Bearing_Steel_Chrome,75,6,57,Packaging_Line,Assembly_M4,7,1,3,0,Medium,Hot,0,Low
P0346,Assembly_M4,Busy,10,18,Yes,Night,Ceramic_Hybrid,47,22,20,Packaging_Line,Assembly_M4,18,1,1,2,Medium,Normal,0,Medium
P0371,Lathe_M1,Idle,20,8,No,Morning,Bearing_Stainless,57,23,51,Assembly_M4,Polishing_M3,14,0,0,0,High,Warm,1,Medium
P0457,Assembly_M4,Idle,18,9,Yes,Night,Bearing_Stainless,60,14,22,Packaging_Line,Polishing_M3,12,1,0,2,High,Warm,1,Medium
P0291,Lathe_M1,Busy,22,34,Yes,Morning,Bearing_Stainless,45,16,34,Assembly_M4,Lathe_M1,23,1,1,0,High,Normal,1,High
P0465,Grinding_M2,Overloaded,8,8,Yes,Night,Bearing_Steel_Chrome,29,10,49,Grinding_M2,Lathe_M1,10,1,3,2,Medium,Normal,0,Medium
P0461,Polishing_M3,Overloaded,15,34,No,Morning,Bearing_Stainless,37,5,25,Assembly_M4,Lathe_M1,13,0,3,0,High,Normal,1,Medium
P0277,Lathe_M1,Idle,20,44,Yes,Evening,Bearing_Stainless,69,16,24,Grinding_M2,Lathe_M1,20,1,0,,High,Warm,1,High
P0145,Lathe_M1,Overloaded,12,9,Yes,Morning,Bearing_Stainless,78,23,36,Packaging_Line,Assembly_M4,6,1,3,0,Medium,Hot,0,Low
P0458,Polishing_M3,Busy,4,17,Yes,Evening,Bearing_Steel_Chrome,53,6,29,Grinding_M2,Polishing_M3,13,1,1,,Low,Warm,0,Medium
P0264,Grinding_M2,Maintenance,23,35,No,Evening,Bearing_Stainless,44,24,12,Assembly_M4,Lathe_M1,28,0,2,,High,Normal,1,High
P0101,Lathe_M1,Busy,8,25,Yes,Evening,Ceramic_Hybrid,75,21,19,Assembly_M4,Assembly_M4,26,1,1,,Medium,Hot,0,High
P0145,Assembly_M4,Busy,21,15,No,Evening,Ceramic_Hybrid,61,10,15,Assembly_M4,Lathe_M1,27,0,1,,High,Warm,1,High
P0047,Lathe_M1,Idle,18,38,No,Night,Bearing_Steel_Chrome,62,24,57,Packaging_Line,Grinding_M2,1,0,0,2,High,Warm,1,Low
P0248,Lathe_M1,Maintenance,2,7,Yes,Morning,Bearing_Stainless,52,15,56,Packaging_Line,Assembly_M4,26,1,2,0,Low,Warm,0,High
P0410,Assembly_M4,Busy,21,9,Yes,Night,Ceramic_Hybrid,73,16,42,Packaging_Line,Assembly_M4,14,1,1,2,High,Hot,1,Medium
P0225,Polishing_M3,Idle,13,12,Yes,Morning,Bearing_Stainless,32,20,36,Grinding_M2,Assembly_M4,29,1,0,0,Medium,Normal,0,High
P0446,Lathe_M1,Overloaded,8,15,Yes,Evening,Ceramic_Hybrid,69,14,31,Polishing_M3,Polishing_M3,24,1,3,,Medium,Warm,0,High
P0098,Polishing_M3,Overloaded,18,30,Yes,Night,Bearing_Stainless,77,20,41,Packaging_Line,Polishing_M3,16,1,3,2,High,Hot,1,Medium
P0226,Grinding_M2,Overloaded,8,32,Yes,Evening,Bearing_Steel_Chrome,56,21,58,Polishing_M3,Grinding_M2,3,1,3,,Medium,Warm,0,Low
P0145,Grinding_M2,Maintenance,18,36,No,Night,Bearing_Steel_Chrome,29,9,18,Grinding_M2,Assembly_M4,24,0,2,2,High,Normal,1,High
P0464,Assembly_M4,Overloaded,2,28,Yes,Morning,Ceramic_Hybrid,37,12,33,Assembly_M4,Polishing_M3,8,1,3,0,Low,Normal,0,Low
P0476,Assembly_M4,Maintenance,18,35,No,Night,Bearing_Steel_Chrome,50,19,22,Grinding_M2,Grinding_M2,25,0,2,2,High,Warm,1,High
P0004,Grinding_M2,Overloaded,6,42,Yes,Morning,Bearing_Stainless,72,17,59,Polishing_M3,Assembly_M4,24,1,3,0,Medium,Hot,0,High
P0387,Assembly_M4,Maintenance,0,7,Yes,Evening,Bearing_Stainless,62,5,40,Grinding_M2,Polishing_M3,4,1,2,,Low,Warm,0,Low
P0416,Lathe_M1,Idle,9,13,No,Morning,Ceramic_Hybrid,64,20,21,Assembly_M4,Polishing_M3,17,0,0,0,Medium,Warm,0,Medium
P0219,Lathe_M1,Idle,0,24,Yes,Night,Bearing_Stainless,38,23,56,Polishing_M3,Lathe_M1,27,1,0,2,Low,Normal,0,High
P0275,Assembly_M4,Idle,10,7,Yes,Night,Bearing_Stainless,48,9,26,Polishing_M3,Grinding_M2,25,1,0,2,Medium,Normal,0,High
P0487,Assembly_M4,Maintenance,9,33,No,Evening,Ceramic_Hybrid,64,23,5,Grinding_M2,Lathe_M1,20,0,2,,Medium,Warm,0,High
P0450,Polishing_M3,Idle,20,43,No,Morning,Ceramic_Hybrid,48,10,48,Packaging_Line,Assembly_M4,22,0,0,0,High,Normal,1,High
P0102,Lathe_M1,Busy,8,24,Yes,Evening,Bearing_Steel_Chrome,80,4,40,Polishing_M3,Lathe_M1,10,1,1,,Medium,Hot,0,Medium
P0025,Grinding_M2,Overloaded,3,13,Yes,Morning,Bearing_Stainless,46,2,9,Assembly_M4,Assembly_M4,9,1,3,0,Low,Normal,0,Low
P0111,Lathe_M1,Overloaded,4,42,No,Night,Ceramic_Hybrid,43,9,46,Packaging_Line,Assembly_M4,11,0,3,2,Low,Normal,0,Medium
P0049,Assembly_M4,Busy,12,24,No,Morning,Bearing_Stainless,60,12,48,Assembly_M4,Assembly_M4,5,0,1,0,Medium,Warm,0,Low
P0180,Assembly_M4,Maintenance,9,35,No,Evening,Bearing_Stainless,49,25,43,Grinding_M2,Assembly_M4,21,0,2,,Medium,Normal,0,High
P0269,Grinding_M2,Idle,8,13,No,Evening,Bearing_Steel_Chrome,66,11,6,Grinding_M2,Polishing_M3,4,0,0,,Medium,Warm,0,Low
P0078,Grinding_M2,Overloaded,7,36,Yes,Night,Bearing_Stainless,38,18,17,Assembly_M4,Grinding_M2,21,1,3,2,Medium,Normal,0,High
P0400,Assembly_M4,Idle,23,22,Yes,Morning,Bearing_Steel_Chrome,69,9,30,Grinding_M2,Polishing_M3,12,1,0,0,High,Warm,1,Medium
P0125,Lathe_M1,Maintenance,24,37,Yes,Evening,Ceramic_Hybrid,76,19,39,Assembly_M4,Assembly_M4,12,1,2,,High,Hot,1,Medium
P0344,Grinding_M2,Maintenance,18,29,Yes,Morning,Bearing_Stainless,69,11,51,Packaging_Line,Lathe_M1,20,1,2,0,High,Warm,1,High
P0043,Polishing_M3,Busy,1,7,Yes,Morning,Bearing_Steel_Chrome,70,8,12,Packaging_Line,Grinding_M2,29,1,1,0,Low,Hot,0,High
P0215,Lathe_M1,Busy,10,33,Yes,Morning,Bearing_Stainless,46,21,10,Assembly_M4,Grinding_M2,29,1,1,0,Medium,Normal,0,High
P0343,Polishing_M3,Maintenance,10,33,No,Night,Bearing_Stainless,66,25,21,Polishing_M3,Grinding_M2,21,0,2,2,Medium,Warm,0,High
P0164,Polishing_M3,Idle,1,42,No,Evening,Bearing_Steel_Chrome,81,6,8,Polishing_M3,Lathe_M1,2,0,0,,Low,Hot,0,Low
P0146,Assembly_M4,Maintenance,11,39,Yes,Evening,Bearing_Stainless,30,25,50,Polishing_M3,Assembly_M4,8,1,2,,Medium,Normal,0,Low
P0325,Assembly_M4,Overloaded,20,39,Yes,Morning,Bearing_Steel_Chrome,72,16,11,Polishing_M3,Lathe_M1,15,1,3,0,High,Hot,1,Medium
P0483,Assembly_M4,Idle,12,10,No,Evening,Bearing_Stainless,71,18,8,Polishing_M3,Grinding_M2,22,0,0,,Medium,Hot,0,High
P0159,Assembly_M4,Overloaded,21,31,No,Night,Bearing_Steel_Chrome,70,16,48,Packaging_Line,Grinding_M2,19,0,3,2,High,Hot,1,Medium
P0149,Lathe_M1,Busy,21,32,Yes,Night,Ceramic_Hybrid,66,7,13,Polishing_M3,Lathe_M1,2,1,1,2,High,Warm,1,Low
P0280,Assembly_M4,Busy,3,13,Yes,Evening,Ceramic_Hybrid,39,14,24,Packaging_Line,Lathe_M1,8,1,1,,Low,Normal,0,Low
P0164,Lathe_M1,Busy,18,23,No,Evening,Bearing_Steel_Chrome,81,17,15,Polishing_M3,Assembly_M4,10,0,1,,High,Hot,1,Medium
P0450,Lathe_M1,Maintenance,7,37,Yes,Night,Bearing_Steel_Chrome,34,19,39,Polishing_M3,Grinding_M2,11,1,2,2,Medium,Normal,0,Medium
P0164,Assembly_M4,Idle,17,7,No,Night,Ceramic_Hybrid,64,28,32,Polishing_M3,Lathe_M1,14,0,0,2,High,Warm,1,Medium
P0046,Lathe_M1,Busy,5,18,Yes,Night,Bearing_Steel_Chrome,31,11,19,Polishing_M3,Lathe_M1,29,1,1,2,Medium,Normal,0,High
P0284,Assembly_M4,Busy,9,21,Yes,Evening,Ceramic_Hybrid,83,20,33,Grinding_M2,Grinding_M2,17,1,1,,Medium,Hot,0,Medium
P0270,Grinding_M2,Overloaded,11,19,No,Morning,Bearing_Stainless,50,13,29,Polishing_M3,Lathe_M1,29,0,3,0,Medium,Warm,0,High
P0319,Grinding_M2,Busy,8,9,No,Night,Bearing_Steel_Chrome,28,13,52,Packaging_Line,Assembly_M4,9,0,1,2,Medium,Normal,0,Low
P0218,Lathe_M1,Idle,24,35,No,Evening,Bearing_Steel_Chrome,27,22,7,Grinding_M2,Lathe_M1,26,0,0,,High,Normal,1,High
P0072,Grinding_M2,Maintenance,17,21,Yes,Evening,Ceramic_Hybrid,84,11,6,Assembly_M4,Assembly_M4,24,1,2,,High,Hot,1,High
P0458,Polishing_M3,Maintenance,10,28,Yes,Evening,Ceramic_Hybrid,59,24,36,Polishing_M3,Lathe_M1,23,1,2,,Medium,Warm,0,High
P0425,Lathe_M1,Busy,1,23,No,Night,Ceramic_Hybrid,26,29,55,Polishing_M3,Grinding_M2,2,0,1,2,Low,Normal,0,Low
P0005,Assembly_M4,Maintenance,14,25,Yes,Night,Bearing_Stainless,59,6,47,Assembly_M4,Grinding_M2,27,1,2,2,Medium,Warm,0,High
P0049,Lathe_M1,Overloaded,23,11,Yes,Night,Bearing_Stainless,30,15,37,Polishing_M3,Assembly_M4,26,1,3,2,High,Normal,1,High
P0209,Polishing_M3,Busy,16,21,Yes,Evening,Bearing_Stainless,70,11,34,Packaging_Line,Assembly_M4,8,1,1,,High,Hot,1,Low
P0354,Lathe_M1,Maintenance,7,11,No,Evening,Bearing_Steel_Chrome,30,5,5,Polishing_M3,Assembly_M4,15,0,2,,Medium,Normal,0,Medium
P0475,Grinding_M2,Maintenance,24,37,No,Morning,Bearing_Steel_Chrome,76,4,59,Packaging_Line,Grinding_M2,5,0,2,0,High,Hot,1,Low
P0236,Assembly_M4,Idle,4,40,Yes,Morning,Bearing_Stainless,41,22,56,Packaging_Line,Assembly_M4,14,1,0,0,Low,Normal,0,Medium
P0228,Lathe_M1,Idle,7,38,No,Night,Bearing_Stainless,64,2,33,Grinding_M2,Assembly_M4,4,0,0,2,Medium,Warm,0,Low
P0419,Polishing_M3,Idle,18,41,Yes,Night,Ceramic_Hybrid,53,6,57,Grinding_M2,Assembly_M4,28,1,0,2,High,Warm,1,High
P0150,Grinding_M2,Overloaded,19,28,Yes,Morning,Bearing_Stainless,43,13,56,Assembly_M4,Assembly_M4,1,1,3,0,High,Normal,1,Low
P0246,Assembly_M4,Idle,6,21,No,Evening,Ceramic_Hybrid,58,12,11,Packaging_Line,Assembly_M4,17,0,0,,Medium,Warm,0,Medium
P0152,Lathe_M1,Idle,2,33,No,Night,Ceramic_Hybrid,46,7,58,Grinding_M2,Polishing_M3,11,0,0,2,Low,Normal,0,Medium
P0016,Lathe_M1,Overloaded,17,9,Yes,Evening,Bearing_Steel_Chrome,54,24,59,Packaging_Line,Polishing_M3,21,1,3,,High,Warm,1,High
P0248,Grinding_M2,Busy,23,30,Yes,Night,Bearing_Stainless,78,16,25,Packaging_Line,Polishing_M3,20,1,1,2,High,Hot,1,High
P0411,Lathe_M1,Maintenance,22,8,Yes,Night,Bearing_Steel_Chrome,45,22,5,Assembly_M4,Assembly_M4,15,1,2,2,High,Normal,1,Medium
P0021,Lathe_M1,Overloaded,16,18,Yes,Morning,Ceramic_Hybrid,83,20,54,Polishing_M3,Polishing_M3,28,1,3,0,High,Hot,1,High
P0139,Grinding_M2,Maintenance,1,10,No,Evening,Ceramic_Hybrid,69,18,10,Packaging_Line,Lathe_M1,21,0,2,,Low,Warm,0,High
P0321,Grinding_M2,Busy,21,9,Yes,Night,Bearing_Steel_Chrome,31,2,17,Grinding_M2,Lathe_M1,19,1,1,2,High,Normal,1,Medium
P0053,Grinding_M2,Overloaded,21,5,Yes,Morning,Ceramic_Hybrid,37,12,31,Packaging_Line,Lathe_M1,7,1,3,0,High,Normal,1,Low
P0253,Polishing_M3,Idle,19,7,Yes,Evening,Ceramic_Hybrid,82,26,37,Assembly_M4,Grinding_M2,8,1,0,,High,Hot,1,Low
P0093,Grinding_M2,Idle,16,18,Yes,Evening,Ceramic_Hybrid,61,27,58,Polishing_M3,Lathe_M1,23,1,0,,High,Warm,1,High
P0325,Lathe_M1,Maintenance,23,33,Yes,Morning,Bearing_Steel_Chrome,62,28,58,Packaging_Line,Grinding_M2,27,1,2,0,High,Warm,1,High
P0011,Grinding_M2,Overloaded,5,44,Yes,Evening,Ceramic_Hybrid,69,19,27,Packaging_Line,Grinding_M2,4,1,3,,Medium,Warm,0,Low
P0133,Assembly_M4,Overloaded,16,41,Yes,Evening,Ceramic_Hybrid,27,5,59,Assembly_M4,Lathe_M1,5,1,3,,High,Normal,1,Low
P0358,Polishing_M3,Maintenance,13,19,Yes,Night,Bearing_Stainless,76,18,10,Assembly_M4,Assembly_M4,27,1,2,2,Medium,Hot,0,High
P0485,Polishing_M3,Maintenance,9,36,No,Evening,Bearing_Steel_Chrome,47,17,21,Packaging_Line,Assembly_M4,14,0,2,,Medium,Normal,0,Medium
P0404,Grinding_M2,Overloaded,19,19,No,Evening,Bearing_Stainless,68,15,26,Polishing_M3,Polishing_M3,18,0,3,,High,Warm,1,Medium
P0170,Lathe_M1,Overloaded,19,10,No,Night,Bearing_Stainless,28,27,27,Packaging_Line,Polishing_M3,12,0,3,2,High,Normal,1,Medium
P0475,Grinding_M2,Overloaded,12,23,Yes,Evening,Ceramic_Hybrid,78,14,35,Polishing_M3,Polishing_M3,12,1,3,,Medium,Hot,0,Medium
P0336,Assembly_M4,Idle,19,7,No,Evening,Bearing_Steel_Chrome,52,4,18,Packaging_Line,Assembly_M4,18,0,0,,High,Warm,1,Medium
P0425,Polishing_M3,Overloaded,18,14,Yes,Morning,Bearing_Steel_Chrome,73,16,23,Packaging_Line,Assembly_M4,9,1,3,0,High,Hot,1,Low
P0187,Assembly_M4,Busy,3,19,No,Morning,Bearing_Steel_Chrome,75,17,12,Packaging_Line,Grinding_M2,17,0,1,0,Low,Hot,0,Medium
P0337,Polishing_M3,Overloaded,20,5,Yes,Night,Bearing_Stainless,31,22,35,Assembly_M4,Lathe_M1,18,1,3,2,High,Normal,1,Medium
P0183,Lathe_M1,Overloaded,11,34,No,Morning,Bearing_Stainless,57,28,51,Grinding_M2,Grinding_M2,7,0,3,0,Medium,Warm,0,Low
P0273,Polishing_M3,Maintenance,16,7,No,Morning,Ceramic_Hybrid,67,7,35,Grinding_M2,Lathe_M1,6,0,2,0,High,Warm,1,Low
P0235,Grinding_M2,Overloaded,14,11,Yes,Night,Bearing_Steel_Chrome,67,28,21,Grinding_M2,Assembly_M4,23,1,3,2,Medium,Warm,0,High
P0229,Grinding_M2,Maintenance,17,26,Yes,Night,Bearing_Stainless,80,22,30,Assembly_M4,Polishing_M3,19,1,2,2,High,Hot,1,Medium
P0342,Lathe_M1,Idle,7,28,Yes,Morning,Bearing_Stainless,76,9,25,Polishing_M3,Polishing_M3,29,1,0,0,Medium,Hot,0,High
P0287,Polishing_M3,Busy,10,25,No,Morning,Ceramic_Hybrid,27,24,31,Polishing_M3,Lathe_M1,14,0,1,0,Medium,Normal,0,Medium
P0154,Polishing_M3,Busy,8,37,Yes,Night,Bearing_Steel_Chrome,57,27,32,Assembly_M4,Grinding_M2,12,1,1,2,Medium,Warm,0,Medium
P0176,Grinding_M2,Busy,10,35,Yes,Evening,Ceramic_Hybrid,77,2,24,Assembly_M4,Grinding_M2,12,1,1,,Medium,Hot,0,Medium
P0423,Grinding_M2,Maintenance,16,19,No,Morning,Bearing_Steel_Chrome,58,19,20,Grinding_M2,Lathe_M1,4,0,2,0,High,Warm,1,Low
P0073,Grinding_M2,Overloaded,7,38,Yes,Evening,Bearing_Steel_Chrome,70,26,19,Packaging_Line,Polishing_M3,28,1,3,,Medium,Hot,0,High
P0095,Assembly_M4,Overloaded,8,6,Yes,Night,Bearing_Stainless,41,27,14,Packaging_Line,Grinding_M2,9,1,3,2,Medium,Normal,0,Low
P0413,Polishing_M3,Busy,1,28,Yes,Night,Bearing_Stainless,43,18,47,Packaging_Line,Grinding_M2,17,1,1,2,Low,Normal,0,Medium
P0271,Grinding_M2,Overloaded,9,32,No,Evening,Bearing_Stainless,62,17,32,Grinding_M2,Polishing_M3,27,0,3,,Medium,Warm,0,High
P0324,Assembly_M4,Busy,17,5,Yes,Night,Bearing_Steel_Chrome,84,4,19,Assembly_M4,Lathe_M1,20,1,1,2,High,Hot,1,High
P0041,Assembly_M4,Overloaded,9,25,No,Evening,Bearing_Stainless,61,16,27,Polishing_M3,Assembly_M4,14,0,3,,Medium,Warm,0,Medium
P0358,Lathe_M1,Maintenance,14,14,Yes,Evening,Bearing_Steel_Chrome,80,10,48,Grinding_M2,Assembly_M4,7,1,2,,Medium,Hot,0,Low
P0234,Grinding_M2,Idle,4,29,No,Evening,Bearing_Stainless,80,11,30,Grinding_M2,Grinding_M2,8,0,0,,Low,Hot,0,Low
P0434,Lathe_M1,Overloaded,21,29,No,Evening,Bearing_Stainless,72,13,13,Polishing_M3,Assembly_M4,10,0,3,,High,Hot,1,Medium
P0132,Lathe_M1,Idle,15,14,No,Morning,Ceramic_Hybrid,33,27,39,Assembly_M4,Lathe_M1,27,0,0,0,High,Normal,1,High
P0262,Assembly_M4,Maintenance,18,42,Yes,Morning,Ceramic_Hybrid,30,16,33,Grinding_M2,Assembly_M4,15,1,2,0,High,Normal,1,Medium
P0293,Grinding_M2,Busy,12,9,No,Morning,Bearing_Steel_Chrome,38,22,6,Polishing_M3,Polishing_M3,23,0,1,0,Medium,Normal,0,High
P0487,Lathe_M1,Maintenance,11,23,No,Morning,Bearing_Stainless,48,21,51,Assembly_M4,Lathe_M1,27,0,2,0,Medium,Normal,0,High
P0365,Polishing_M3,Idle,19,28,Yes,Night,Ceramic_Hybrid,41,26,50,Packaging_Line,Assembly_M4,23,1,0,2,High,Normal,1,High
P0117,Lathe_M1,Idle,17,32,Yes,Evening,Bearing_Steel_Chrome,46,25,9,Grinding_M2,Polishing_M3,22,1,0,,High,Normal,1,High
P0258,Polishing_M3,Busy,11,12,No,Night,Bearing_Steel_Chrome,62,29,51,Grinding_M2,Grinding_M2,12,0,1,2,Medium,Warm,0,Medium
P0190,Grinding_M2,Maintenance,24,29,No,Evening,Bearing_Steel_Chrome,62,13,19,Polishing_M3,Grinding_M2,12,0,2,,High,Warm,1,Medium
P0403,Grinding_M2,Busy,8,38,Yes,Evening,Bearing_Steel_Chrome,84,14,17,Packaging_Line,Polishing_M3,8,1,1,,Medium,Hot,0,Low
P0393,Polishing_M3,Maintenance,12,40,No,Evening,Bearing_Steel_Chrome,30,7,36,Grinding_M2,Lathe_M1,21,0,2,,Medium,Normal,0,High
P0368,Polishing_M3,Overloaded,11,11,Yes,Night,Bearing_Stainless,50,16,53,Assembly_M4,Grinding_M2,10,1,3,2,Medium,Warm,0,Medium
P0459,Lathe_M1,Idle,22,42,No,Morning,Bearing_Stainless,65,16,52,Assembly_M4,Grinding_M2,21,0,0,0,High,Warm,1,High
P0469,Lathe_M1,Busy,7,20,Yes,Night,Ceramic_Hybrid,56,6,22,Packaging_Line,Assembly_M4,20,1,1,2,Medium,Warm,0,High
P0061,Lathe_M1,Overloaded,13,6,Yes,Evening,Bearing_Steel_Chrome,79,24,34,Grinding_M2,Assembly_M4,3,1,3,,Medium,Hot,0,Low
P0310,Grinding_M2,Maintenance,13,43,No,Morning,Bearing_Stainless,71,18,5,Polishing_M3,Grinding_M2,9,0,2,0,Medium,Hot,0,Low
P0261,Lathe_M1,Maintenance,21,33,Yes,Night,Ceramic_Hybrid,38,17,32,Grinding_M2,Lathe_M1,21,1,2,2,High,Normal,1,High
P0375,Assembly_M4,Idle,12,36,Yes,Morning,Bearing_Steel_Chrome,30,23,5,Polishing_M3,Assembly_M4,21,1,0,0,Medium,Normal,0,High
P0291,Lathe_M1,Overloaded,24,8,No,Morning,Ceramic_Hybrid,27,18,34,Packaging_Line,Assembly_M4,2,0,3,0,High,Normal,1,Low
P0399,Assembly_M4,Busy,18,24,Yes,Evening,Bearing_Steel_Chrome,47,23,44,Packaging_Line,Assembly_M4,25,1,1,,High,Normal,1,High
P0001,Assembly_M4,Overloaded,14,42,No,Night,Ceramic_Hybrid,47,21,6,Grinding_M2,Polishing_M3,25,0,3,2,Medium,Normal,0,High
P0443,Grinding_M2,Busy,24,19,No,Evening,Bearing_Stainless,76,13,39,Grinding_M2,Lathe_M1,10,0,1,,High,Hot,1,Medium
P0415,Grinding_M2,Busy,13,31,Yes,Night,Bearing_Stainless,78,15,39,Polishing_M3,Assembly_M4,1,1,1,2,Medium,Hot,0,Low
P0285,Lathe_M1,Idle,19,5,No,Night,Bearing_Stainless,58,20,28,Grinding_M2,Grinding_M2,10,0,0,2,High,Warm,1,Medium
P0305,Polishing_M3,Maintenance,3,40,No,Evening,Bearing_Steel_Chrome,37,27,36,Polishing_M3,Lathe_M1,9,0,2,,Low,Normal,0,Low
P0140,Lathe_M1,Idle,6,20,No,Evening,Ceramic_Hybrid,74,4,56,Packaging_Line,Polishing_M3,20,0,0,,Medium,Hot,0,High
P0153,Lathe_M1,Idle,9,26,Yes,Evening,Ceramic_Hybrid,72,4,15,Grinding_M2,Lathe_M1,25,1,0,,Medium,Hot,0,High
P0039,Grinding_M2,Idle,9,12,No,Morning,Bearing_Steel_Chrome,33,16,36,Grinding_M2,Polishing_M3,21,0,0,0,Medium,Normal,0,High
P0052,Grinding_M2,Idle,2,8,No,Evening,Bearing_Steel_Chrome,54,14,48,Grinding_M2,Polishing_M3,21,0,0,,Low,Warm,0,High
P0082,Grinding_M2,Busy,8,23,Yes,Morning,Ceramic_Hybrid,63,17,26,Polishing_M3,Polishing_M3,20,1,1,0,Medium,Warm,0,High
P0408,Grinding_M2,Idle,4,35,Yes,Night,Ceramic_Hybrid,34,19,47,Polishing_M3,Lathe_M1,7,1,0,2,Low,Normal,0,Low
P0452,Assembly_M4,Busy,13,24,No,Morning,Bearing_Stainless,42,12,26,Grinding_M2,Grinding_M2,27,0,1,0,Medium,Normal,0,High
P0276,Lathe_M1,Maintenance,11,22,Yes,Night,Bearing_Stainless,82,3,27,Grinding_M2,Assembly_M4,1,1,2,2,Medium,Hot,0,Low
P0384,Polishing_M3,Maintenance,22,14,No,Evening,Bearing_Steel_Chrome,77,2,42,Grinding_M2,Lathe_M1,7,0,2,,High,Hot,1,Low
P0012,Polishing_M3,Idle,16,13,Yes,Evening,Ceramic_Hybrid,55,8,21,Grinding_M2,Lathe_M1,3,1,0,,High,Warm,1,Low
P0495,Assembly_M4,Busy,15,41,No,Morning,Bearing_Stainless,76,19,37,Polishing_M3,Polishing_M3,4,0,1,0,High,Hot,1,Low
P0288,Polishing_M3,Busy,22,15,No,Morning,Bearing_Steel_Chrome,76,10,34,Polishing_M3,Assembly_M4,8,0,1,0,High,Hot,1,Low
P0004,Polishing_M3,Busy,7,9,Yes,Night,Bearing_Steel_Chrome,36,2,19,Assembly_M4,Polishing_M3,25,1,1,2,Medium,Normal,0,High
P0186,Polishing_M3,Overloaded,17,42,No,Night,Bearing_Stainless,66,15,57,Polishing_M3,Assembly_M4,26,0,3,2,High,Warm,1,High
P0177,Polishing_M3,Maintenance,7,7,Yes,Night,Bearing_Steel_Chrome,78,23,30,Packaging_Line,Assembly_M4,19,1,2,2,Medium,Hot,0,Medium
P0256,Lathe_M1,Idle,11,43,No,Evening,Ceramic_Hybrid,83,5,25,Grinding_M2,Assembly_M4,9,0,0,,Medium,Hot,0,Low
P0385,Grinding_M2,Maintenance,21,30,Yes,Night,Bearing_Stainless,37,5,28,Packaging_Line,Lathe_M1,9,1,2,2,High,Normal,1,Low
P0069,Assembly_M4,Maintenance,20,22,No,Night,Bearing_Steel_Chrome,39,16,10,Grinding_M2,Polishing_M3,11,0,2,2,High,Normal,1,Medium
P0187,Assembly_M4,Idle,7,33,No,Morning,Bearing_Steel_Chrome,45,18,53,Packaging_Line,Polishing_M3,24,0,0,0,Medium,Normal,0,High
P0422,Lathe_M1,Idle,17,40,Yes,Morning,Ceramic_Hybrid,55,16,38,Assembly_M4,Assembly_M4,2,1,0,0,High,Warm,1,Low
P0493,Lathe_M1,Overloaded,9,7,No,Evening,Bearing_Stainless,54,9,56,Polishing_M3,Assembly_M4,7,0,3,,Medium,Warm,0,Low
P0218,Grinding_M2,Idle,11,23,Yes,Evening,Ceramic_Hybrid,50,29,19,Grinding_M2,Lathe_M1,14,1,0,,Medium,Warm,0,Medium
P0413,Assembly_M4,Maintenance,15,18,Yes,Night,Bearing_Stainless,27,19,33,Polishing_M3,Lathe_M1,28,1,2,2,High,Normal,1,High
P0192,Grinding_M2,Overloaded,21,10,Yes,Morning,Ceramic_Hybrid,73,24,32,Packaging_Line,Assembly_M4,14,1,3,0,High,Hot,1,Medium
P0107,Assembly_M4,Overloaded,13,24,No,Morning,Bearing_Stainless,37,28,39,Packaging_Line,Polishing_M3,13,0,3,0,Medium,Normal,0,Medium
P0194,Assembly_M4,Maintenance,23,6,Yes,Morning,Bearing_Stainless,65,14,44,Polishing_M3,Lathe_M1,16,1,2,0,High,Warm,1,Medium
P0015,Polishing_M3,Idle,23,33,No,Night,Ceramic_Hybrid,27,14,8,Polishing_M3,Assembly_M4,18,0,0,2,High,Normal,1,Medium
P0374,Grinding_M2,Busy,1,24,No,Night,Bearing_Steel_Chrome,78,22,19,Polishing_M3,Lathe_M1,17,0,1,2,Low,Hot,0,Medium
P0339,Grinding_M2,Maintenance,9,5,Yes,Evening,Bearing_Stainless,62,4,55,Polishing_M3,Polishing_M3,7,1,2,,Medium,Warm,0,Low
P0033,Lathe_M1,Overloaded,12,17,Yes,Evening,Ceramic_Hybrid,73,2,18,Polishing_M3,Lathe_M1,29,1,3,,Medium,Hot,0,High
P0042,Assembly_M4,Idle,2,28,Yes,Night,Bearing_Steel_Chrome,25,17,14,Assembly_M4,Assembly_M4,13,1,0,2,Low,Normal,0,Medium
P0064,Grinding_M2,Busy,3,13,Yes,Night,Bearing_Steel_Chrome,38,5,14,Packaging_Line,Assembly_M4,8,1,1,2,Low,Normal,0,Low
P0334,Lathe_M1,Maintenance,22,39,No,Night,Bearing_Stainless,79,8,46,Assembly_M4,Assembly_M4,3,0,2,2,High,Hot,1,Low
P0458,Polishing_M3,Maintenance,1,19,Yes,Evening,Bearing_Steel_Chrome,33,16,21,Polishing_M3,Lathe_M1,7,1,2,,Low,Normal,0,Low
P0252,Lathe_M1,Busy,19,22,No,Night,Bearing_Stainless,39,19,28,Assembly_M4,Assembly_M4,23,0,1,2,High,Normal,1,High
P0183,Lathe_M1,Busy,11,27,Yes,Evening,Bearing_Steel_Chrome,45,27,12,Packaging_Line,Grinding_M2,2,1,1,,Medium,Normal,0,Low
P0324,Polishing_M3,Maintenance,1,9,Yes,Morning,Bearing_Stainless,55,2,58,Polishing_M3,Lathe_M1,4,1,2,0,Low,Warm,0,Low
P0087,Assembly_M4,Overloaded,5,27,No,Evening,Bearing_Steel_Chrome,69,20,47,Packaging_Line,Lathe_M1,13,0,3,,Medium,Warm,0,Medium
P0215,Polishing_M3,Maintenance,7,43,Yes,Evening,Ceramic_Hybrid,37,2,10,Grinding_M2,Lathe_M1,7,1,2,,Medium,Normal,0,Low
P0294,Grinding_M2,Busy,15,31,No,Night,Bearing_Steel_Chrome,39,21,38,Grinding_M2,Lathe_M1,26,0,1,2,High,Normal,1,High
P0391,Grinding_M2,Busy,24,27,No,Morning,Bearing_Stainless,72,18,28,Packaging_Line,Polishing_M3,15,0,1,0,High,Hot,1,Medium
P0097,Grinding_M2,Busy,2,8,No,Morning,Ceramic_Hybrid,68,6,21,Polishing_M3,Assembly_M4,6,0,1,0,Low,Warm,0,Low
P0472,Lathe_M1,Idle,9,31,Yes,Evening,Ceramic_Hybrid,66,7,10,Assembly_M4,Polishing_M3,20,1,0,,Medium,Warm,0,High
P0297,Lathe_M1,Busy,14,8,No,Night,Ceramic_Hybrid,81,17,58,Grinding_M2,Grinding_M2,24,0,1,2,Medium,Hot,0,High
P0244,Grinding_M2,Overloaded,7,11,No,Evening,Ceramic_Hybrid,75,27,53,Assembly_M4,Grinding_M2,21,0,3,,Medium,Hot,0,High
P0175,Assembly_M4,Idle,12,30,Yes,Morning,Bearing_Stainless,82,3,32,Assembly_M4,Grinding_M2,10,1,0,0,Medium,Hot,0,Medium
P0310,Grinding_M2,Idle,12,22,No,Evening,Bearing_Steel_Chrome,54,24,15,Packaging_Line,Polishing_M3,13,0,0,,Medium,Warm,0,Medium
P0036,Grinding_M2,Overloaded,18,28,Yes,Night,Ceramic_Hybrid,81,25,58,Assembly_M4,Assembly_M4,5,1,3,2,High,Hot,1,Low
P0445,Assembly_M4,Idle,2,23,Yes,Night,Bearing_Steel_Chrome,79,14,9,Polishing_M3,Assembly_M4,12,1,0,2,Low,Hot,0,Medium
P0416,Lathe_M1,Busy,13,42,No,Morning,Ceramic_Hybrid,46,10,53,Assembly_M4,Polishing_M3,8,0,1,0,Medium,Normal,0,Low
P0133,Lathe_M1,Idle,12,9,No,Evening,Bearing_Steel_Chrome,53,23,26,Grinding_M2,Polishing_M3,17,0,0,,Medium,Warm,0,Medium
P0200,Grinding_M2,Busy,2,32,Yes,Morning,Bearing_Stainless,62,15,51,Packaging_Line,Polishing_M3,14,1,1,0,Low,Warm,0,Medium
P0397,Lathe_M1,Maintenance,10,15,No,Evening,Ceramic_Hybrid,33,7,51,Packaging_Line,Grinding_M2,12,0,2,,Medium,Normal,0,Medium
P0323,Polishing_M3,Busy,5,5,Yes,Night,Bearing_Steel_Chrome,49,17,56,Packaging_Line,Assembly_M4,15,1,1,2,Medium,Normal,0,Medium
P0326,Grinding_M2,Overloaded,1,21,Yes,Evening,Bearing_Stainless,27,4,41,Grinding_M2,Lathe_M1,17,1,3,,Low,Normal,0,Medium
P0450,Grinding_M2,Idle,22,42,No,Morning,Bearing_Stainless,25,8,30,Packaging_Line,Lathe_M1,15,0,0,0,High,Normal,1,Medium
P0245,Grinding_M2,Busy,6,23,No,Night,Bearing_Steel_Chrome,76,23,34,Assembly_M4,Lathe_M1,11,0,1,2,Medium,Hot,0,Medium
P0362,Grinding_M2,Overloaded,22,18,Yes,Night,Bearing_Steel_Chrome,37,21,30,Polishing_M3,Polishing_M3,27,1,3,2,High,Normal,1,High
P0049,Grinding_M2,Busy,24,13,No,Night,Bearing_Steel_Chrome,65,17,16,Polishing_M3,Grinding_M2,10,0,1,2,High,Warm,1,Medium
P0223,Polishing_M3,Overloaded,5,38,Yes,Morning,Ceramic_Hybrid,83,21,45,Grinding_M2,Polishing_M3,19,1,3,0,Medium,Hot,0,Medium
P0149,Polishing_M3,Idle,5,6,No,Night,Bearing_Stainless,39,18,20,Polishing_M3,Lathe_M1,28,0,0,2,Medium,Normal,0,High
P0081,Polishing_M3,Idle,20,12,No,Morning,Ceramic_Hybrid,34,11,54,Assembly_M4,Assembly_M4,10,0,0,0,High,Normal,1,Medium
P0211,Polishing_M3,Busy,8,32,Yes,Night,Ceramic_Hybrid,48,20,37,Packaging_Line,Lathe_M1,4,1,1,2,Medium,Normal,0,Low
P0173,Assembly_M4,Overloaded,23,7,Yes,Night,Ceramic_Hybrid,66,13,22,Assembly_M4,Lathe_M1,23,1,3,2,High,Warm,1,High
P0159,Assembly_M4,Overloaded,19,10,Yes,Night,Ceramic_Hybrid,77,3,46,Grinding_M2,Grinding_M2,2,1,3,2,High,Hot,1,Low
P0240,Lathe_M1,Overloaded,8,31,No,Night,Bearing_Steel_Chrome,66,3,44,Assembly_M4,Polishing_M3,24,0,3,2,Medium,Warm,0,High
P0048,Lathe_M1,Idle,16,21,No,Morning,Ceramic_Hybrid,53,5,54,Grinding_M2,Lathe_M1,12,0,0,0,High,Warm,1,Medium
P0330,Grinding_M2,Overloaded,16,13,No,Evening,Ceramic_Hybrid,43,15,50,Assembly_M4,Grinding_M2,17,0,3,,High,Normal,1,Medium
P0384,Grinding_M2,Busy,1,44,Yes,Morning,Bearing_Stainless,29,28,43,Packaging_Line,Assembly_M4,22,1,1,0,Low,Normal,0,High
P0222,Assembly_M4,Idle,15,20,Yes,Night,Bearing_Stainless,41,23,31,Polishing_M3,Grinding_M2,7,1,0,2,High,Normal,1,Low
P0276,Assembly_M4,Busy,19,12,No,Morning,Bearing_Steel_Chrome,32,24,36,Polishing_M3,Lathe_M1,11,0,1,0,High,Normal,1,Medium
P0428,Grinding_M2,Overloaded,14,22,Yes,Evening,Ceramic_Hybrid,62,23,16,Polishing_M3,Polishing_M3,15,1,3,,Medium,Warm,0,Medium
P0002,Assembly_M4,Maintenance,22,42,Yes,Night,Ceramic_Hybrid,74,25,35,Polishing_M3,Polishing_M3,20,1,2,2,High,Hot,1,High
P0210,Grinding_M2,Idle,8,12,No,Night,Ceramic_Hybrid,70,20,55,Polishing_M3,Grinding_M2,8,0,0,2,Medium,Hot,0,Low
P0132,Grinding_M2,Maintenance,1,8,No,Morning,Ceramic_Hybrid,55,7,7,Packaging_Line,Assembly_M4,3,0,2,0,Low,Warm,0,Low
P0463,Polishing_M3,Busy,18,33,No,Evening,Bearing_Stainless,34,13,50,Polishing_M3,Polishing_M3,28,0,1,,High,Normal,1,High
P0128,Grinding_M2,Maintenance,17,28,Yes,Night,Bearing_Stainless,56,10,51,Assembly_M4,Lathe_M1,24,1,2,2,High,Warm,1,High
P0231,Polishing_M3,Idle,2,27,No,Morning,Ceramic_Hybrid,35,11,54,Assembly_M4,Grinding_M2,4,0,0,0,Low,Normal,0,Low
P0499,Polishing_M3,Overloaded,12,33,No,Night,Bearing_Steel_Chrome,62,28,57,Polishing_M3,Assembly_M4,13,0,3,2,Medium,Warm,0,Medium
P0414,Assembly_M4,Overloaded,24,30,No,Morning,Bearing_Stainless,44,6,24,Grinding_M2,Assembly_M4,14,0,3,0,High,Normal,1,Medium
P0208,Polishing_M3,Busy,12,18,No,Evening,Bearing_Steel_Chrome,32,17,17,Polishing_M3,Lathe_M1,24,0,1,,Medium,Normal,0,High
P0020,Polishing_M3,Overloaded,14,5,Yes,Night,Ceramic_Hybrid,46,3,54,Packaging_Line,Grinding_M2,19,1,3,2,Medium,Normal,0,Medium
P0479,Polishing_M3,Overloaded,7,7,No,Night,Bearing_Stainless,79,27,18,Packaging_Line,Assembly_M4,26,0,3,2,Medium,Hot,0,High
P0231,Polishing_M3,Maintenance,8,12,Yes,Evening,Ceramic_Hybrid,73,24,59,Grinding_M2,Assembly_M4,24,1,2,,Medium,Hot,0,High
P0359,Lathe_M1,Maintenance,15,25,Yes,Morning,Bearing_Stainless,34,26,29,Packaging_Line,Lathe_M1,24,1,2,0,High,Normal,1,High
P0042,Lathe_M1,Idle,5,26,No,Night,Bearing_Stainless,73,17,51,Grinding_M2,Polishing_M3,22,0,0,2,Medium,Hot,0,High
P0201,Assembly_M4,Overloaded,13,8,No,Evening,Ceramic_Hybrid,28,3,33,Assembly_M4,Lathe_M1,11,0,3,,Medium,Normal,0,Medium
P0335,Polishing_M3,Busy,3,25,No,Morning,Ceramic_Hybrid,84,22,52,Grinding_M2,Assembly_M4,21,0,1,0,Low,Hot,0,High
P0252,Polishing_M3,Overloaded,3,5,Yes,Morning,Bearing_Stainless,50,25,55,Polishing_M3,Polishing_M3,2,1,3,0,Low,Warm,0,Low
P0313,Assembly_M4,Overloaded,8,22,Yes,Evening,Bearing_Stainless,72,17,46,Grinding_M2,Polishing_M3,9,1,3,,Medium,Hot,0,Low
P0401,Assembly_M4,Maintenance,10,29,Yes,Evening,Bearing_Stainless,50,27,40,Assembly_M4,Lathe_M1,10,1,2,,Medium,Warm,0,Medium
P0070,Polishing_M3,Idle,2,42,No,Morning,Bearing_Stainless,27,28,45,Polishing_M3,Polishing_M3,3,0,0,0,Low,Normal,0,Low
P0411,Assembly_M4,Busy,17,44,No,Morning,Bearing_Steel_Chrome,46,9,19,Assembly_M4,Lathe_M1,13,0,1,0,High,Normal,1,Medium
P0442,Grinding_M2,Overloaded,6,23,No,Evening,Ceramic_Hybrid,64,11,21,Polishing_M3,Assembly_M4,1,0,3,,Medium,Warm,0,Low
P0448,Polishing_M3,Busy,12,33,No,Morning,Ceramic_Hybrid,82,14,52,Assembly_M4,Grinding_M2,29,0,1,0,Medium,Hot,0,High
P0389,Assembly_M4,Busy,8,10,No,Morning,Bearing_Stainless,29,3,15,Assembly_M4,Grinding_M2,9,0,1,0,Medium,Normal,0,Low
P0010,Lathe_M1,Busy,5,44,Yes,Morning,Bearing_Stainless,65,10,12,Packaging_Line,Polishing_M3,12,1,1,0,Medium,Warm,0,Medium
P0044,Grinding_M2,Busy,7,7,No,Night,Ceramic_Hybrid,37,20,38,Assembly_M4,Grinding_M2,17,0,1,2,Medium,Normal,0,Medium
P0465,Assembly_M4,Maintenance,15,40,No,Night,Bearing_Stainless,42,15,34,Packaging_Line,Lathe_M1,2,0,2,2,High,Normal,1,Low
P0457,Grinding_M2,Maintenance,12,31,No,Evening,Bearing_Steel_Chrome,83,22,56,Grinding_M2,Grinding_M2,17,0,2,,Medium,Hot,0,Medium
P0383,Assembly_M4,Idle,14,24,No,Evening,Ceramic_Hybrid,29,8,22,Assembly_M4,Grinding_M2,24,0,0,,Medium,Normal,0,High
P0322,Polishing_M3,Maintenance,10,36,No,Night,Ceramic_Hybrid,74,28,30,Polishing_M3,Grinding_M2,5,0,2,2,Medium,Hot,0,Low
P0054,Lathe_M1,Idle,12,32,Yes,Morning,Bearing_Stainless,74,3,24,Packaging_Line,Assembly_M4,4,1,0,0,Medium,Hot,0,Low
P0046,Assembly_M4,Busy,12,28,No,Morning,Bearing_Steel_Chrome,72,7,44,Packaging_Line,Polishing_M3,16,0,1,0,Medium,Hot,0,Medium
P0144,Polishing_M3,Maintenance,12,33,No,Evening,Bearing_Steel_Chrome,82,5,6,Packaging_Line,Grinding_M2,9,0,2,,Medium,Hot,0,Low
P0199,Grinding_M2,Maintenance,17,12,No,Night,Bearing_Stainless,82,16,45,Grinding_M2,Assembly_M4,17,0,2,2,High,Hot,1,Medium
P0417,Assembly_M4,Overloaded,22,6,No,Evening,Ceramic_Hybrid,30,28,41,Assembly_M4,Polishing_M3,17,0,3,,High,Normal,1,Medium
P0333,Grinding_M2,Overloaded,1,22,No,Morning,Ceramic_Hybrid,66,11,42,Assembly_M4,Grinding_M2,27,0,3,0,Low,Warm,0,High
P0229,Assembly_M4,Overloaded,11,21,Yes,Morning,Bearing_Stainless,83,14,56,Packaging_Line,Assembly_M4,28,1,3,0,Medium,Hot,0,High
P0215,Assembly_M4,Overloaded,15,31,Yes,Evening,Bearing_Steel_Chrome,77,3,38,Grinding_M2,Assembly_M4,23,1,3,,High,Hot,1,High
P0216,Assembly_M4,Overloaded,6,42,Yes,Evening,Ceramic_Hybrid,57,13,49,Packaging_Line,Polishing_M3,12,1,3,,Medium,Warm,0,Medium
P0103,Polishing_M3,Busy,18,13,Yes,Evening,Bearing_Stainless,34,18,54,Polishing_M3,Grinding_M2,8,1,1,,High,Normal,1,Low
P0031,Lathe_M1,Busy,6,14,Yes,Night,Bearing_Stainless,36,16,35,Grinding_M2,Assembly_M4,15,1,1,2,Medium,Normal,0,Medium
P0191,Assembly_M4,Overloaded,3,40,Yes,Morning,Ceramic_Hybrid,79,2,48,Assembly_M4,Polishing_M3,25,1,3,0,Low,Hot,0,High
P0176,Grinding_M2,Overloaded,1,21,No,Evening,Bearing_Steel_Chrome,63,7,48,Assembly_M4,Grinding_M2,19,0,3,,Low,Warm,0,Medium
P0468,Grinding_M2,Idle,0,25,No,Evening,Bearing_Steel_Chrome,50,15,40,Grinding_M2,Lathe_M1,5,0,0,,Low,Warm,0,Low
P0134,Assembly_M4,Busy,0,5,Yes,Morning,Bearing_Steel_Chrome,77,7,41,Polishing_M3,Polishing_M3,2,1,1,0,Low,Hot,0,Low
P0300,Polishing_M3,Maintenance,24,9,Yes,Morning,Ceramic_Hybrid,50,10,55,Packaging_Line,Polishing_M3,21,1,2,0,High,Warm,1,High
P0042,Lathe_M1,Busy,14,17,No,Night,Bearing_Steel_Chrome,36,6,6,Packaging_Line,Polishing_M3,27,0,1,2,Medium,Normal,0,High
P0206,Assembly_M4,Busy,3,31,No,Night,Bearing_Stainless,74,22,14,Packaging_Line,Assembly_M4,13,0,1,2,Low,Hot,0,Medium
P0218,Lathe_M1,Maintenance,11,6,No,Night,Bearing_Steel_Chrome,50,16,50,Assembly_M4,Assembly_M4,25,0,2,2,Medium,Warm,0,High
P0376,Assembly_M4,Maintenance,9,26,No,Night,Bearing_Steel_Chrome,64,26,19,Grinding_M2,Polishing_M3,13,0,2,2,Medium,Warm,0,Medium
P0365,Grinding_M2,Overloaded,7,25,No,Evening,Ceramic_Hybrid,45,23,50,Assembly_M4,Lathe_M1,1,0,3,,Medium,Normal,0,Low
P0270,Lathe_M1,Overloaded,12,31,Yes,Night,Bearing_Steel_Chrome,64,19,26,Polishing_M3,Lathe_M1,9,1,3,2,Medium,Warm,0,Low
P0374,Grinding_M2,Idle,12,39,No,Evening,Bearing_Stainless,42,11,9,Grinding_M2,Polishing_M3,27,0,0,,Medium,Normal,0,High
P0143,Assembly_M4,Idle,24,10,No,Morning,Bearing_Steel_Chrome,56,9,43,Grinding_M2,Polishing_M3,21,0,0,0,High,Warm,1,High
P0029,Polishing_M3,Busy,17,18,Yes,Morning,Ceramic_Hybrid,39,11,30,Packaging_Line,Assembly_M4,21,1,1,0,High,Normal,1,High
P0017,Polishing_M3,Maintenance,11,36,No,Evening,Bearing_Steel_Chrome,63,29,43,Polishing_M3,Lathe_M1,11,0,2,,Medium,Warm,0,Medium
P0130,Assembly_M4,Overloaded,12,19,Yes,Evening,Bearing_Stainless,42,8,10,Assembly_M4,Polishing_M3,23,1,3,,Medium,Normal,0,High
P0424,Grinding_M2,Busy,10,36,Yes,Evening,Ceramic_Hybrid,64,21,37,Assembly_M4,Polishing_M3,8,1,1,,Medium,Warm,0,Low
P0053,Lathe_M1,Idle,7,39,Yes,Night,Bearing_Stainless,29,4,51,Polishing_M3,Polishing_M3,14,1,0,2,Medium,Normal,0,Medium
P0043,Assembly_M4,Maintenance,20,28,No,Evening,Bearing_Stainless,41,19,38,Assembly_M4,Lathe_M1,12,0,2,,High,Normal,1,Medium
P0105,Lathe_M1,Idle,15,8,No,Morning,Ceramic_Hybrid,49,3,32,Polishing_M3,Lathe_M1,14,0,0,0,High,Normal,1,Medium
P0073,Polishing_M3,Overloaded,10,17,Yes,Evening,Bearing_Stainless,55,29,29,Assembly_M4,Lathe_M1,7,1,3,,Medium,Warm,0,Low
P0179,Grinding_M2,Overloaded,9,28,Yes,Night,Bearing_Steel_Chrome,25,22,29,Packaging_Line,Polishing_M3,28,1,3,2,Medium,Normal,0,High
P0176,Lathe_M1,Overloaded,3,22,Yes,Morning,Ceramic_Hybrid,30,3,7,Packaging_Line,Polishing_M3,14,1,3,0,Low,Normal,0,Medium
P0185,Lathe_M1,Maintenance,7,35,No,Evening,Ceramic_Hybrid,72,20,54,Polishing_M3,Grinding_M2,6,0,2,,Medium,Hot,0,Low
P0276,Grinding_M2,Busy,13,7,Yes,Evening,Ceramic_Hybrid,72,2,48,Grinding_M2,Lathe_M1,14,1,1,,Medium,Hot,0,Medium
P0375,Lathe_M1,Idle,18,23,Yes,Evening,Bearing_Stainless,33,8,50,Polishing_M3,Polishing_M3,5,1,0,,High,Normal,1,Low
P0066,Grinding_M2,Overloaded,17,11,Yes,Morning,Ceramic_Hybrid,33,5,29,Assembly_M4,Assembly_M4,17,1,3,0,High,Normal,1,Medium
P0382,Grinding_M2,Busy,11,10,Yes,Morning,Bearing_Steel_Chrome,42,9,25,Assembly_M4,Grinding_M2,15,1,1,0,Medium,Normal,0,Medium
P0242,Grinding_M2,Overloaded,2,6,Yes,Morning,Bearing_Stainless,80,24,45,Packaging_Line,Lathe_M1,8,1,3,0,Low,Hot,0,Low
P0101,Grinding_M2,Busy,3,36,No,Night,Bearing_Stainless,26,15,33,Assembly_M4,Grinding_M2,2,0,1,2,Low,Normal,0,Low
P0435,Lathe_M1,Busy,1,31,No,Morning,Bearing_Steel_Chrome,84,23,43,Polishing_M3,Lathe_M1,12,0,1,0,Low,Hot,0,Medium
P0414,Polishing_M3,Overloaded,5,22,Yes,Evening,Bearing_Stainless,60,20,31,Grinding_M2,Lathe_M1,13,1,3,,Medium,Warm,0,Medium
P0458,Lathe_M1,Maintenance,19,25,No,Night,Ceramic_Hybrid,47,26,35,Assembly_M4,Polishing_M3,27,0,2,2,High,Normal,1,High
P0164,Assembly_M4,Maintenance,1,12,No,Morning,Ceramic_Hybrid,43,10,30,Assembly_M4,Polishing_M3,28,0,2,0,Low,Normal,0,High
P0454,Polishing_M3,Busy,3,35,Yes,Night,Ceramic_Hybrid,40,20,14,Grinding_M2,Grinding_M2,6,1,1,2,Low,Normal,0,Low
P0209,Polishing_M3,Overloaded,15,14,Yes,Morning,Bearing_Stainless,69,10,43,Assembly_M4,Lathe_M1,4,1,3,0,High,Warm,1,Low
P0479,Lathe_M1,Busy,18,40,No,Morning,Ceramic_Hybrid,43,29,23,Packaging_Line,Assembly_M4,12,0,1,0,High,Normal,1,Medium
P0354,Lathe_M1,Busy,12,29,Yes,Night,Ceramic_Hybrid,60,26,32,Polishing_M3,Grinding_M2,10,1,1,2,Medium,Warm,0,Medium
P0341,Polishing_M3,Idle,20,43,Yes,Evening,Ceramic_Hybrid,54,6,21,Polishing_M3,Assembly_M4,18,1,0,,High,Warm,1,Medium
P0423,Grinding_M2,Idle,10,25,Yes,Night,Bearing_Stainless,46,8,54,Assembly_M4,Assembly_M4,26,1,0,2,Medium,Normal,0,High
P0088,Assembly_M4,Maintenance,24,10,Yes,Morning,Ceramic_Hybrid,74,17,6,Polishing_M3,Polishing_M3,19,1,2,0,High,Hot,1,Medium
P0255,Lathe_M1,Busy,0,34,Yes,Evening,Ceramic_Hybrid,82,12,56,Polishing_M3,Grinding_M2,5,1,1,,Low,Hot,0,Low
P0339,Polishing_M3,Maintenance,15,27,Yes,Morning,Ceramic_Hybrid,25,20,50,Packaging_Line,Lathe_M1,3,1,2,0,High,Normal,1,Low
P0361,Grinding_M2,Idle,1,41,Yes,Morning,Bearing_Steel_Chrome,41,29,22,Packaging_Line,Polishing_M3,1,1,0,0,Low,Normal,0,Low
P0287,Polishing_M3,Maintenance,14,26,Yes,Evening,Bearing_Steel_Chrome,65,28,59,Packaging_Line,Lathe_M1,5,1,2,,Medium,Warm,0,Low
P0075,Polishing_M3,Busy,12,23,No,Evening,Bearing_Steel_Chrome,52,29,14,Grinding_M2,Polishing_M3,20,0,1,,Medium,Warm,0,High
P0347,Lathe_M1,Idle,24,25,No,Morning,Bearing_Stainless,38,23,57,Grinding_M2,Polishing_M3,26,0,0,0,High,Normal,1,High
P0283,Lathe_M1,Idle,11,15,Yes,Evening,Bearing_Steel_Chrome,79,8,21,Packaging_Line,Polishing_M3,18,1,0,,Medium,Hot,0,Medium
P0434,Polishing_M3,Maintenance,6,24,No,Evening,Bearing_Stainless,62,12,48,Assembly_M4,Lathe_M1,26,0,2,,Medium,Warm,0,High
P0368,Lathe_M1,Overloaded,15,31,Yes,Night,Ceramic_Hybrid,75,12,20,Assembly_M4,Assembly_M4,23,1,3,2,High,Hot,1,High
P0201,Polishing_M3,Idle,11,44,Yes,Morning,Bearing_Stainless,27,3,42,Assembly_M4,Polishing_M3,16,1,0,0,Medium,Normal,0,Medium
P0221,Grinding_M2,Idle,19,28,No,Night,Ceramic_Hybrid,53,16,50,Packaging_Line,Assembly_M4,2,0,0,2,High,Warm,1,Low
P0178,Assembly_M4,Idle,19,22,Yes,Morning,Bearing_Stainless,38,19,6,Grinding_M2,Assembly_M4,1,1,0,0,High,Normal,1,Low
P0332,Grinding_M2,Idle,19,38,Yes,Morning,Bearing_Steel_Chrome,65,10,52,Polishing_M3,Assembly_M4,11,1,0,0,High,Warm,1,Medium
P0005,Polishing_M3,Maintenance,22,42,No,Night,Bearing_Stainless,68,4,16,Grinding_M2,Lathe_M1,23,0,2,2,High,Warm,1,High
P0110,Lathe_M1,Idle,0,24,No,Morning,Ceramic_Hybrid,78,7,15,Assembly_M4,Polishing_M3,3,0,0,0,Low,Hot,0,Low
P0374,Grinding_M2,Idle,3,33,No,Evening,Bearing_Steel_Chrome,83,11,55,Grinding_M2,Polishing_M3,29,0,0,,Low,Hot,0,High
P0236,Lathe_M1,Overloaded,5,5,Yes,Evening,Bearing_Stainless,64,9,42,Polishing_M3,Grinding_M2,17,1,3,,Medium,Warm,0,Medium
P0302,Polishing_M3,Busy,18,37,No,Evening,Bearing_Steel_Chrome,39,14,35,Grinding_M2,Polishing_M3,21,0,1,,High,Normal,1,High
P0374,Grinding_M2,Idle,2,6,No,Evening,Bearing_Steel_Chrome,59,10,20,Assembly_M4,Assembly_M4,24,0,0,,Low,Warm,0,High
P0418,Assembly_M4,Overloaded,12,25,No,Night,Ceramic_Hybrid,36,29,16,Polishing_M3,Grinding_M2,1,0,3,2,Medium,Normal,0,Low
P0189,Grinding_M2,Idle,19,44,Yes,Night,Ceramic_Hybrid,73,22,56,Grinding_M2,Lathe_M1,22,1,0,2,High,Hot,1,High
P0270,Grinding_M2,Idle,6,40,Yes,Evening,Bearing_Steel_Chrome,46,27,11,Grinding_M2,Assembly_M4,7,1,0,,Medium,Normal,0,Low
P0460,Polishing_M3,Maintenance,7,30,No,Night,Bearing_Stainless,48,25,44,Packaging_Line,Assembly_M4,16,0,2,2,Medium,Normal,0,Medium
P0328,Assembly_M4,Busy,11,12,No,Evening,Bearing_Stainless,78,10,7,Polishing_M3,Assembly_M4,22,0,1,,Medium,Hot,0,High
P0499,Polishing_M3,Overloaded,20,35,No,Night,Bearing_Stainless,72,16,28,Assembly_M4,Grinding_M2,4,0,3,2,High,Hot,1,Low
P0041,Grinding_M2,Overloaded,19,20,Yes,Morning,Bearing_Stainless,34,12,30,Assembly_M4,Polishing_M3,29,1,3,0,High,Normal,1,High
P0351,Polishing_M3,Idle,4,15,No,Evening,Ceramic_Hybrid,53,14,19,Packaging_Line,Polishing_M3,6,0,0,,Low,Warm,0,Low
P0045,Lathe_M1,Overloaded,15,19,No,Night,Bearing_Steel_Chrome,67,21,38,Packaging_Line,Assembly_M4,28,0,3,2,High,Warm,1,High
P0166,Lathe_M1,Busy,1,20,No,Evening,Bearing_Stainless,43,3,53,Assembly_M4,Grinding_M2,14,0,1,,Low,Normal,0,Medium
P0138,Assembly_M4,Overloaded,23,32,No,Morning,Bearing_Stainless,72,6,14,Packaging_Line,Polishing_M3,17,0,3,0,High,Hot,1,Medium
P0455,Lathe_M1,Maintenance,12,13,No,Night,Ceramic_Hybrid,48,5,33,Packaging_Line,Grinding_M2,28,0,2,2,Medium,Normal,0,High
P0479,Lathe_M1,Busy,15,27,Yes,Evening,Ceramic_Hybrid,51,12,11,Polishing_M3,Lathe_M1,17,1,1,,High,Warm,1,Medium
P0428,Lathe_M1,Maintenance,21,8,Yes,Morning,Bearing_Steel_Chrome,38,11,46,Assembly_M4,Assembly_M4,10,1,2,0,High,Normal,1,Medium
P0334,Grinding_M2,Idle,11,38,No,Morning,Bearing_Steel_Chrome,50,24,13,Assembly_M4,Grinding_M2,29,0,0,0,Medium,Warm,0,High
P0157,Grinding_M2,Maintenance,4,12,No,Evening,Ceramic_Hybrid,77,15,11,Grinding_M2,Polishing_M3,7,0,2,,Low,Hot,0,Low
P0224,Lathe_M1,Busy,8,7,Yes,Evening,Bearing_Steel_Chrome,38,18,54,Polishing_M3,Grinding_M2,12,1,1,,Medium,Normal,0,Medium
P0466,Polishing_M3,Busy,21,30,Yes,Evening,Bearing_Steel_Chrome,82,29,49,Packaging_Line,Grinding_M2,14,1,1,,High,Hot,1,Medium
P0192,Assembly_M4,Maintenance,8,30,No,Morning,Bearing_Stainless,26,12,21,Assembly_M4,Polishing_M3,2,0,2,0,Medium,Normal,0,Low
P0140,Assembly_M4,Busy,18,43,No,Morning,Ceramic_Hybrid,42,14,9,Polishing_M3,Assembly_M4,18,0,1,0,High,Normal,1,Medium
P0021,Assembly_M4,Maintenance,22,28,No,Night,Bearing_Stainless,53,17,51,Polishing_M3,Assembly_M4,8,0,2,2,High,Warm,1,Low
P0070,Lathe_M1,Overloaded,14,5,Yes,Evening,Ceramic_Hybrid,52,18,51,Assembly_M4,Lathe_M1,14,1,3,,Medium,Warm,0,Medium
P0055,Grinding_M2,Overloaded,13,38,No,Evening,Ceramic_Hybrid,83,7,53,Polishing_M3,Polishing_M3,5,0,3,,Medium,Hot,0,Low
P0378,Lathe_M1,Idle,4,19,Yes,Evening,Bearing_Stainless,39,21,47,Polishing_M3,Grinding_M2,5,1,0,,Low,Normal,0,Low
P0441,Lathe_M1,Maintenance,0,15,No,Evening,Bearing_Stainless,67,7,27,Polishing_M3,Lathe_M1,8,0,2,,Low,Warm,0,Low
P0469,Grinding_M2,Maintenance,1,19,Yes,Evening,Bearing_Stainless,47,23,13,Polishing_M3,Polishing_M3,15,1,2,,Low,Normal,0,Medium
P0204,Assembly_M4,Overloaded,7,34,No,Night,Bearing_Stainless,40,28,50,Grinding_M2,Assembly_M4,15,0,3,2,Medium,Normal,0,Medium
P0288,Lathe_M1,Maintenance,19,34,No,Morning,Ceramic_Hybrid,69,10,5,Grinding_M2,Lathe_M1,27,0,2,0,High,Warm,1,High
P0234,Assembly_M4,Overloaded,5,12,No,Morning,Bearing_Steel_Chrome,83,28,56,Assembly_M4,Polishing_M3,18,0,3,0,Medium,Hot,0,Medium
P0050,Polishing_M3,Idle,17,36,No,Morning,Ceramic_Hybrid,82,18,36,Grinding_M2,Assembly_M4,21,0,0,0,High,Hot,1,High
P0470,Polishing_M3,Idle,15,40,Yes,Night,Ceramic_Hybrid,60,22,50,Assembly_M4,Assembly_M4,5,1,0,2,High,Warm,1,Low
P0140,Assembly_M4,Maintenance,15,18,No,Evening,Bearing_Stainless,81,25,29,Assembly_M4,Lathe_M1,29,0,2,,High,Hot,1,High
P0247,Lathe_M1,Overloaded,13,39,No,Evening,Ceramic_Hybrid,41,15,46,Assembly_M4,Grinding_M2,13,0,3,,Medium,Normal,0,Medium
P0327,Polishing_M3,Idle,21,8,No,Night,Bearing_Stainless,35,16,19,Packaging_Line,Lathe_M1,24,0,0,2,High,Normal,1,High
P0173,Assembly_M4,Idle,1,38,Yes,Night,Bearing_Steel_Chrome,47,6,17,Assembly_M4,Lathe_M1,1,1,0,2,Low,Normal,0,Low
P0250,Assembly_M4,Idle,6,36,No,Morning,Bearing_Stainless,31,11,42,Polishing_M3,Polishing_M3,20,0,0,0,Medium,Normal,0,High
P0304,Assembly_M4,Maintenance,11,17,Yes,Morning,Ceramic_Hybrid,48,29,36,Grinding_M2,Lathe_M1,11,1,2,0,Medium,Normal,0,Medium
P0064,Polishing_M3,Overloaded,17,38,No,Evening,Bearing_Steel_Chrome,72,3,55,Assembly_M4,Polishing_M3,6,0,3,,High,Hot,1,Low
P0124,Lathe_M1,Overloaded,0,35,No,Morning,Bearing_Steel_Chrome,74,29,5,Assembly_M4,Polishing_M3,19,0,3,0,Low,Hot,0,Medium
P0240,Polishing_M3,Maintenance,15,43,No,Morning,Bearing_Steel_Chrome,39,2,27,Assembly_M4,Polishing_M3,21,0,2,0,High,Normal,1,High
P0332,Assembly_M4,Overloaded,8,38,Yes,Evening,Ceramic_Hybrid,41,26,46,Assembly_M4,Polishing_M3,6,1,3,,Medium,Normal,0,Low
P0240,Grinding_M2,Overloaded,4,44,Yes,Morning,Bearing_Steel_Chrome,64,6,16,Assembly_M4,Polishing_M3,7,1,3,0,Low,Warm,0,Low
P0179,Lathe_M1,Overloaded,12,17,No,Night,Ceramic_Hybrid,73,5,54,Assembly_M4,Assembly_M4,10,0,3,2,Medium,Hot,0,Medium
P0186,Lathe_M1,Maintenance,2,16,No,Morning,Bearing_Steel_Chrome,25,28,47,Assembly_M4,Lathe_M1,18,0,2,0,Low,Normal,0,Medium
P0398,Grinding_M2,Maintenance,12,21,Yes,Morning,Bearing_Steel_Chrome,32,21,55,Assembly_M4,Assembly_M4,17,1,2,0,Medium,Normal,0,Medium
P0001,Polishing_M3,Busy,1,39,No,Morning,Bearing_Stainless,59,7,46,Packaging_Line,Assembly_M4,24,0,1,0,Low,Warm,0,High
P0325,Lathe_M1,Overloaded,21,22,No,Night,Ceramic_Hybrid,74,15,52,Packaging_Line,Grinding_M2,7,0,3,2,High,Hot,1,Low
P0499,Polishing_M3,Busy,0,27,No,Night,Bearing_Stainless,49,6,31,Assembly_M4,Lathe_M1,1,0,1,2,Low,Normal,0,Low
P0266,Grinding_M2,Maintenance,20,14,No,Evening,Ceramic_Hybrid,55,13,29,Packaging_Line,Lathe_M1,20,0,2,,High,Warm,1,High
P0063,Assembly_M4,Busy,24,6,Yes,Night,Bearing_Stainless,79,17,19,Grinding_M2,Lathe_M1,28,1,1,2,High,Hot,1,High
P0040,Assembly_M4,Overloaded,12,18,Yes,Night,Bearing_Steel_Chrome,74,3,38,Grinding_M2,Assembly_M4,3,1,3,2,Medium,Hot,0,Low
P0384,Lathe_M1,Maintenance,4,29,No,Night,Ceramic_Hybrid,72,23,19,Assembly_M4,Lathe_M1,12,0,2,2,Low,Hot,0,Medium
P0251,Assembly_M4,Idle,8,35,No,Evening,Ceramic_Hybrid,38,22,52,Grinding_M2,Assembly_M4,11,0,0,,Medium,Normal,0,Medium
P0463,Grinding_M2,Busy,5,12,No,Night,Bearing_Steel_Chrome,72,4,6,Packaging_Line,Assembly_M4,16,0,1,2,Medium,Hot,0,Medium
P0206,Grinding_M2,Overloaded,18,34,Yes,Evening,Bearing_Stainless,65,17,35,Polishing_M3,Polishing_M3,22,1,3,,High,Warm,1,High
P0451,Polishing_M3,Maintenance,3,14,Yes,Evening,Bearing_Steel_Chrome,75,14,22,Packaging_Line,Grinding_M2,15,1,2,,Low,Hot,0,Medium
P0069,Grinding_M2,Overloaded,3,13,Yes,Morning,Bearing_Steel_Chrome,60,17,32,Assembly_M4,Lathe_M1,21,1,3,0,Low,Warm,0,High
P0386,Grinding_M2,Busy,14,6,Yes,Evening,Bearing_Steel_Chrome,84,28,50,Grinding_M2,Assembly_M4,3,1,1,,Medium,Hot,0,Low
P0467,Polishing_M3,Idle,21,32,No,Night,Bearing_Stainless,79,5,35,Polishing_M3,Assembly_M4,1,0,0,2,High,Hot,1,Low
P0208,Grinding_M2,Overloaded,22,21,No,Night,Ceramic_Hybrid,70,18,5,Packaging_Line,Assembly_M4,10,0,3,2,High,Hot,1,Medium
P0394,Lathe_M1,Overloaded,22,31,Yes,Morning,Ceramic_Hybrid,49,20,28,Grinding_M2,Lathe_M1,25,1,3,0,High,Normal,1,High
P0469,Assembly_M4,Idle,2,16,No,Night,Bearing_Stainless,59,16,21,Assembly_M4,Grinding_M2,18,0,0,2,Low,Warm,0,Medium
P0200,Lathe_M1,Idle,6,23,No,Morning,Ceramic_Hybrid,31,6,44,Packaging_Line,Grinding_M2,21,0,0,0,Medium,Normal,0,High
P0460,Assembly_M4,Overloaded,15,11,Yes,Morning,Ceramic_Hybrid,61,24,15,Packaging_Line,Assembly_M4,10,1,3,0,High,Warm,1,Medium
P0481,Lathe_M1,Busy,24,25,Yes,Night,Bearing_Steel_Chrome,79,28,45,Polishing_M3,Grinding_M2,1,1,1,2,High,Hot,1,Low
P0039,Polishing_M3,Idle,19,37,No,Morning,Bearing_Stainless,64,4,38,Grinding_M2,Lathe_M1,4,0,0,0,High,Warm,1,Low
P0300,Assembly_M4,Idle,18,9,No,Night,Bearing_Stainless,53,25,14,Packaging_Line,Polishing_M3,24,0,0,2,High,Warm,1,High
P0232,Polishing_M3,Overloaded,22,44,No,Evening,Ceramic_Hybrid,37,6,16,Polishing_M3,Grinding_M2,27,0,3,,High,Normal,1,High
P0192,Polishing_M3,Overloaded,12,26,No,Morning,Bearing_Steel_Chrome,64,16,17,Grinding_M2,Polishing_M3,1,0,3,0,Medium,Warm,0,Low
P0044,Grinding_M2,Maintenance,21,42,No,Morning,Ceramic_Hybrid,67,14,57,Grinding_M2,Polishing_M3,20,0,2,0,High,Warm,1,High
P0074,Lathe_M1,Idle,0,15,Yes,Night,Ceramic_Hybrid,82,12,44,Polishing_M3,Assembly_M4,22,1,0,2,Low,Hot,0,High
P0429,Assembly_M4,Overloaded,2,10,Yes,Night,Bearing_Stainless,52,24,12,Packaging_Line,Lathe_M1,5,1,3,2,Low,Warm,0,Low
P0134,Assembly_M4,Idle,9,21,Yes,Morning,Bearing_Steel_Chrome,62,10,14,Assembly_M4,Grinding_M2,20,1,0,0,Medium,Warm,0,High
P0102,Grinding_M2,Overloaded,13,18,No,Morning,Bearing_Steel_Chrome,50,18,31,Grinding_M2,Grinding_M2,25,0,3,0,Medium,Warm,0,High
P0227,Grinding_M2,Idle,15,40,No,Morning,Bearing_Steel_Chrome,58,17,37,Grinding_M2,Assembly_M4,3,0,0,0,High,Warm,1,Low
P0450,Assembly_M4,Overloaded,22,15,No,Evening,Bearing_Steel_Chrome,72,27,22,Grinding_M2,Assembly_M4,15,0,3,,High,Hot,1,Medium
P0339,Assembly_M4,Maintenance,8,33,Yes,Night,Bearing_Steel_Chrome,83,19,9,Packaging_Line,Assembly_M4,24,1,2,2,Medium,Hot,0,High
P0074,Polishing_M3,Busy,7,7,No,Evening,Ceramic_Hybrid,26,26,23,Packaging_Line,Lathe_M1,8,0,1,,Medium,Normal,0,Low
P0326,Assembly_M4,Idle,1,23,Yes,Evening,Bearing_Steel_Chrome,25,28,58,Grinding_M2,Polishing_M3,13,1,0,,Low,Normal,0,Medium
P0280,Assembly_M4,Busy,22,39,No,Morning,Ceramic_Hybrid,65,6,42,Packaging_Line,Grinding_M2,4,0,1,0,High,Warm,1,Low
P0023,Grinding_M2,Idle,16,25,No,Evening,Ceramic_Hybrid,77,17,35,Assembly_M4,Assembly_M4,16,0,0,,High,Hot,1,Medium
P0132,Assembly_M4,Maintenance,21,15,No,Morning,Ceramic_Hybrid,58,18,19,Grinding_M2,Assembly_M4,18,0,2,0,High,Warm,1,Medium
P0019,Polishing_M3,Idle,9,42,Yes,Evening,Bearing_Stainless,56,22,52,Grinding_M2,Assembly_M4,5,1,0,,Medium,Warm,0,Low
P0331,Lathe_M1,Idle,11,32,No,Morning,Bearing_Stainless,55,7,18,Grinding_M2,Assembly_M4,26,0,0,0,Medium,Warm,0,High
P0350,Lathe_M1,Busy,22,20,Yes,Night,Bearing_Stainless,49,8,6,Grinding_M2,Grinding_M2,6,1,1,2,High,Normal,1,Low
P0204,Grinding_M2,Maintenance,8,43,No,Morning,Bearing_Stainless,58,20,44,Assembly_M4,Grinding_M2,11,0,2,0,Medium,Warm,0,Medium
P0061,Polishing_M3,Idle,24,40,Yes,Night,Bearing_Steel_Chrome,40,26,22,Packaging_Line,Grinding_M2,13,1,0,2,High,Normal,1,Medium
P0400,Polishing_M3,Idle,4,31,No,Morning,Bearing_Steel_Chrome,58,12,5,Polishing_M3,Lathe_M1,13,0,0,0,Low,Warm,0,Medium
P0217,Lathe_M1,Maintenance,4,22,No,Evening,Ceramic_Hybrid,38,14,36,Grinding_M2,Grinding_M2,7,0,2,,Low,Normal,0,Low
P0443,Grinding_M2,Idle,7,11,No,Night,Bearing_Steel_Chrome,76,18,20,Assembly_M4,Grinding_M2,11,0,0,2,Medium,Hot,0,Medium
P0350,Lathe_M1,Busy,18,31,No,Evening,Bearing_Stainless,84,2,57,Polishing_M3,Polishing_M3,29,0,1,,High,Hot,1,High
P0436,Lathe_M1,Maintenance,7,37,No,Evening,Bearing_Stainless,65,20,25,Packaging_Line,Grinding_M2,9,0,2,,Medium,Warm,0,Low
P0396,Polishing_M3,Busy,20,29,Yes,Morning,Ceramic_Hybrid,66,25,27,Grinding_M2,Polishing_M3,11,1,1,0,High,Warm,1,Medium
P0025,Lathe_M1,Idle,0,24,Yes,Morning,Bearing_Steel_Chrome,49,27,44,Assembly_M4,Polishing_M3,20,1,0,0,Low,Normal,0,High
P0263,Assembly_M4,Busy,11,36,Yes,Evening,Ceramic_Hybrid,57,11,8,Packaging_Line,Lathe_M1,15,1,1,,Medium,Warm,0,Medium
P0253,Assembly_M4,Busy,18,10,No,Night,Bearing_Steel_Chrome,51,6,9,Polishing_M3,Lathe_M1,18,0,1,2,High,Warm,1,Medium
P0177,Assembly_M4,Maintenance,2,26,Yes,Night,Bearing_Stainless,58,5,22,Grinding_M2,Grinding_M2,9,1,2,2,Low,Warm,0,Low
P0130,Assembly_M4,Busy,18,30,No,Morning,Bearing_Stainless,66,23,51,Assembly_M4,Grinding_M2,1,0,1,0,High,Warm,1,Low
P0390,Polishing_M3,Idle,10,18,Yes,Evening,Bearing_Stainless,55,11,55,Assembly_M4,Lathe_M1,24,1,0,,Medium,Warm,0,High
P0388,Assembly_M4,Maintenance,20,12,No,Evening,Ceramic_Hybrid,56,3,27,Packaging_Line,Lathe_M1,25,0,2,,High,Warm,1,High
P0005,Assembly_M4,Overloaded,6,23,Yes,Evening,Bearing_Stainless,31,16,12,Packaging_Line,Grinding_M2,14,1,3,,Medium,Normal,0,Medium
P0432,Lathe_M1,Maintenance,0,17,Yes,Morning,Bearing_Steel_Chrome,27,22,32,Polishing_M3,Grinding_M2,6,1,2,0,Low,Normal,0,Low
P0136,Assembly_M4,Maintenance,18,19,No,Evening,Bearing_Stainless,60,22,7,Assembly_M4,Lathe_M1,4,0,2,,High,Warm,1,Low
P0400,Lathe_M1,Overloaded,4,30,No,Night,Bearing_Steel_Chrome,49,11,12,Assembly_M4,Assembly_M4,12,0,3,2,Low,Normal,0,Medium
P0372,Grinding_M2,Busy,21,7,Yes,Evening,Bearing_Stainless,51,19,27,Grinding_M2,Polishing_M3,8,1,1,,High,Warm,1,Low
P0433,Polishing_M3,Idle,0,18,No,Morning,Bearing_Stainless,78,24,35,Assembly_M4,Polishing_M3,13,0,0,0,Low,Hot,0,Medium
P0412,Assembly_M4,Maintenance,24,16,Yes,Morning,Bearing_Steel_Chrome,59,19,25,Grinding_M2,Assembly_M4,13,1,2,0,High,Warm,1,Medium
P0489,Assembly_M4,Maintenance,14,5,No,Evening,Bearing_Stainless,62,10,46,Assembly_M4,Polishing_M3,15,0,2,,Medium,Warm,0,Medium
P0215,Polishing_M3,Maintenance,8,27,Yes,Night,Ceramic_Hybrid,38,12,11,Packaging_Line,Grinding_M2,24,1,2,2,Medium,Normal,0,High
P0086,Assembly_M4,Idle,1,42,No,Night,Bearing_Stainless,29,6,23,Assembly_M4,Lathe_M1,19,0,0,2,Low,Normal,0,Medium
P0389,Grinding_M2,Busy,5,32,No,Night,Bearing_Stainless,50,11,27,Assembly_M4,Assembly_M4,14,0,1,2,Medium,Warm,0,Medium
P0006,Assembly_M4,Maintenance,16,34,Yes,Night,Ceramic_Hybrid,27,29,37,Packaging_Line,Lathe_M1,10,1,2,2,High,Normal,1,Medium
P0112,Grinding_M2,Maintenance,2,9,No,Morning,Ceramic_Hybrid,81,20,46,Packaging_Line,Assembly_M4,26,0,2,0,Low,Hot,0,High
P0456,Assembly_M4,Maintenance,24,5,No,Evening,Bearing_Steel_Chrome,62,10,9,Polishing_M3,Assembly_M4,27,0,2,,High,Warm,1,High
P0074,Assembly_M4,Idle,13,38,No,Evening,Ceramic_Hybrid,61,2,29,Polishing_M3,Assembly_M4,10,0,0,,Medium,Warm,0,Medium
P0036,Lathe_M1,Busy,24,13,No,Morning,Bearing_Stainless,27,16,8,Grinding_M2,Grinding_M2,13,0,1,0,High,Normal,1,Medium
P0284,Assembly_M4,Idle,5,24,Yes,Night,Bearing_Steel_Chrome,73,24,41,Packaging_Line,Grinding_M2,15,1,0,2,Medium,Hot,0,Medium
P0148,Grinding_M2,Idle,7,41,Yes,Morning,Ceramic_Hybrid,80,14,37,Polishing_M3,Lathe_M1,1,1,0,0,Medium,Hot,0,Low
P0404,Grinding_M2,Idle,6,26,Yes,Evening,Bearing_Stainless,29,15,19,Packaging_Line,Lathe_M1,21,1,0,,Medium,Normal,0,High
P0404,Assembly_M4,Busy,24,21,No,Night,Bearing_Stainless,80,19,11,Polishing_M3,Lathe_M1,22,0,1,2,High,Hot,1,High
P0205,Polishing_M3,Idle,17,23,Yes,Evening,Bearing_Stainless,76,8,44,Packaging_Line,Polishing_M3,13,1,0,,High,Hot,1,Medium
P0399,Grinding_M2,Overloaded,17,28,Yes,Morning,Ceramic_Hybrid,35,10,59,Assembly_M4,Grinding_M2,1,1,3,0,High,Normal,1,Low
P0247,Lathe_M1,Busy,21,36,No,Evening,Bearing_Stainless,64,22,48,Assembly_M4,Polishing_M3,2,0,1,,High,Warm,1,Low
P0273,Assembly_M4,Overloaded,14,25,Yes,Morning,Bearing_Steel_Chrome,48,19,21,Grinding_M2,Polishing_M3,15,1,3,0,Medium,Normal,0,Medium
P0086,Polishing_M3,Overloaded,19,13,No,Morning,Ceramic_Hybrid,59,21,23,Grinding_M2,Polishing_M3,18,0,3,0,High,Warm,1,Medium
P0127,Assembly_M4,Maintenance,19,34,No,Morning,Bearing_Stainless,64,2,28,Assembly_M4,Lathe_M1,24,0,2,0,High,Warm,1,High
P0246,Assembly_M4,Maintenance,14,23,No,Morning,Ceramic_Hybrid,54,27,46,Polishing_M3,Lathe_M1,12,0,2,0,Medium,Warm,0,Medium
P0118,Grinding_M2,Idle,5,33,Yes,Morning,Bearing_Steel_Chrome,37,5,49,Packaging_Line,Lathe_M1,17,1,0,0,Medium,Normal,0,Medium
P0462,Lathe_M1,Overloaded,0,9,No,Evening,Bearing_Steel_Chrome,52,25,21,Polishing_M3,Assembly_M4,18,0,3,,Low,Warm,0,Medium
P0290,Assembly_M4,Idle,6,44,No,Morning,Ceramic_Hybrid,68,15,55,Grinding_M2,Polishing_M3,11,0,0,0,Medium,Warm,0,Medium
P0411,Grinding_M2,Overloaded,11,17,No,Evening,Bearing_Steel_Chrome,32,2,13,Grinding_M2,Assembly_M4,28,0,3,,Medium,Normal,0,High
P0469,Assembly_M4,Overloaded,1,18,No,Morning,Bearing_Stainless,37,17,6,Grinding_M2,Grinding_M2,4,0,3,0,Low,Normal,0,Low
P0100,Grinding_M2,Busy,11,14,No,Morning,Bearing_Steel_Chrome,27,5,10,Assembly_M4,Lathe_M1,23,0,1,0,Medium,Normal,0,High
P0360,Lathe_M1,Idle,4,7,No,Evening,Bearing_Stainless,34,12,23,Grinding_M2,Grinding_M2,14,0,0,,Low,Normal,0,Medium
P0481,Lathe_M1,Idle,20,32,Yes,Night,Ceramic_Hybrid,45,5,28,Grinding_M2,Lathe_M1,22,1,0,2,High,Normal,1,High
P0371,Assembly_M4,Overloaded,5,21,No,Evening,Bearing_Stainless,46,20,49,Grinding_M2,Assembly_M4,22,0,3,,Medium,Normal,0,High
P0142,Assembly_M4,Idle,9,15,Yes,Morning,Bearing_Stainless,62,3,37,Packaging_Line,Assembly_M4,11,1,0,0,Medium,Warm,0,Medium
P0068,Assembly_M4,Overloaded,15,39,Yes,Morning,Bearing_Stainless,61,16,51,Polishing_M3,Assembly_M4,4,1,3,0,High,Warm,1,Low
P0349,Assembly_M4,Overloaded,22,40,No,Morning,Bearing_Steel_Chrome,64,8,30,Polishing_M3,Assembly_M4,25,0,3,0,High,Warm,1,High
P0029,Assembly_M4,Overloaded,16,19,No,Night,Ceramic_Hybrid,61,14,8,Polishing_M3,Grinding_M2,22,0,3,2,High,Warm,1,High
P0007,Polishing_M3,Maintenance,16,26,Yes,Morning,Ceramic_Hybrid,41,15,18,Polishing_M3,Assembly_M4,17,1,2,0,High,Normal,1,Medium
P0274,Lathe_M1,Maintenance,7,38,Yes,Morning,Bearing_Stainless,50,14,34,Assembly_M4,Assembly_M4,22,1,2,0,Medium,Warm,0,High
P0305,Grinding_M2,Idle,15,34,Yes,Evening,Bearing_Stainless,40,7,58,Grinding_M2,Polishing_M3,24,1,0,,High,Normal,1,High
P0380,Polishing_M3,Busy,3,39,No,Morning,Bearing_Steel_Chrome,30,5,22,Assembly_M4,Lathe_M1,6,0,1,0,Low,Normal,0,Low
P0370,Lathe_M1,Maintenance,4,31,No,Night,Bearing_Stainless,65,12,42,Polishing_M3,Lathe_M1,16,0,2,2,Low,Warm,0,Medium
P0317,Grinding_M2,Overloaded,18,19,Yes,Night,Bearing_Steel_Chrome,50,25,45,Grinding_M2,Lathe_M1,24,1,3,2,High,Warm,1,High
P0435,Grinding_M2,Overloaded,18,28,Yes,Morning,Bearing_Steel_Chrome,82,10,27,Polishing_M3,Assembly_M4,4,1,3,0,High,Hot,1,Low
P0431,Lathe_M1,Overloaded,9,13,Yes,Evening,Ceramic_Hybrid,43,16,55,Assembly_M4,Grinding_M2,2,1,3,,Medium,Normal,0,Low
P0304,Lathe_M1,Overloaded,9,23,No,Evening,Bearing_Steel_Chrome,73,21,25,Grinding_M2,Assembly_M4,2,0,3,,Medium,Hot,0,Low
P0432,Grinding_M2,Maintenance,18,21,Yes,Evening,Ceramic_Hybrid,42,18,6,Polishing_M3,Lathe_M1,19,1,2,,High,Normal,1,Medium
P0463,Assembly_M4,Overloaded,0,14,No,Evening,Ceramic_Hybrid,61,17,9,Grinding_M2,Polishing_M3,24,0,3,,Low,Warm,0,High
P0469,Grinding_M2,Overloaded,22,16,No,Morning,Ceramic_Hybrid,60,24,42,Packaging_Line,Grinding_M2,19,0,3,0,High,Warm,1,Medium
P0198,Grinding_M2,Overloaded,8,30,Yes,Night,Ceramic_Hybrid,39,17,17,Polishing_M3,Lathe_M1,25,1,3,2,Medium,Normal,0,High
P0092,Polishing_M3,Maintenance,20,11,No,Morning,Ceramic_Hybrid,81,24,56,Packaging_Line,Assembly_M4,4,0,2,0,High,Hot,1,Low
P0246,Grinding_M2,Overloaded,10,44,No,Morning,Ceramic_Hybrid,62,26,34,Assembly_M4,Grinding_M2,10,0,3,0,Medium,Warm,0,Medium
P0323,Polishing_M3,Overloaded,6,11,No,Night,Bearing_Stainless,60,4,28,Polishing_M3,Assembly_M4,7,0,3,2,Medium,Warm,0,Low
P0186,Assembly_M4,Busy,3,24,No,Evening,Ceramic_Hybrid,73,28,43,Assembly_M4,Grinding_M2,17,0,1,,Low,Hot,0,Medium
P0458,Lathe_M1,Idle,3,39,Yes,Morning,Bearing_Stainless,67,4,16,Grinding_M2,Polishing_M3,1,1,0,0,Low,Warm,0,Low
P0065,Polishing_M3,Maintenance,3,18,No,Morning,Ceramic_Hybrid,57,15,49,Grinding_M2,Lathe_M1,13,0,2,0,Low,Warm,0,Medium
P0291,Polishing_M3,Busy,23,19,Yes,Evening,Ceramic_Hybrid,55,18,16,Assembly_M4,Assembly_M4,22,1,1,,High,Warm,1,High
P0117,Assembly_M4,Maintenance,22,30,Yes,Evening,Bearing_Steel_Chrome,38,13,54,Packaging_Line,Assembly_M4,4,1,2,,High,Normal,1,Low
P0356,Grinding_M2,Idle,13,17,No,Evening,Ceramic_Hybrid,81,24,22,Polishing_M3,Lathe_M1,11,0,0,,Medium,Hot,0,Medium
P0114,Assembly_M4,Idle,5,23,Yes,Night,Bearing_Steel_Chrome,70,16,47,Assembly_M4,Lathe_M1,6,1,0,2,Medium,Hot,0,Low
P0468,Lathe_M1,Overloaded,13,7,Yes,Evening,Bearing_Steel_Chrome,43,21,29,Grinding_M2,Lathe_M1,11,1,3,,Medium,Normal,0,Medium
P0386,Assembly_M4,Idle,23,21,Yes,Evening,Bearing_Stainless,84,28,53,Grinding_M2,Polishing_M3,23,1,0,,High,Hot,1,High
P0252,Polishing_M3,Maintenance,2,18,Yes,Morning,Ceramic_Hybrid,83,8,23,Grinding_M2,Polishing_M3,3,1,2,0,Low,Hot,0,Low
P0065,Grinding_M2,Idle,1,26,No,Night,Ceramic_Hybrid,62,25,31,Assembly_M4,Assembly_M4,21,0,0,2,Low,Warm,0,High
P0411,Polishing_M3,Idle,8,35,Yes,Night,Ceramic_Hybrid,51,6,6,Polishing_M3,Polishing_M3,22,1,0,2,Medium,Warm,0,High
P0316,Assembly_M4,Maintenance,14,13,No,Evening,Bearing_Steel_Chrome,43,11,40,Assembly_M4,Grinding_M2,10,0,2,,Medium,Normal,0,Medium
P0442,Lathe_M1,Idle,7,43,Yes,Evening,Bearing_Steel_Chrome,31,5,19,Assembly_M4,Assembly_M4,12,1,0,,Medium,Normal,0,Medium
P0374,Grinding_M2,Maintenance,15,10,No,Morning,Bearing_Steel_Chrome,84,10,39,Polishing_M3,Grinding_M2,8,0,2,0,High,Hot,1,Low
P0310,Lathe_M1,Busy,6,8,Yes,Evening,Bearing_Stainless,82,14,23,Packaging_Line,Assembly_M4,7,1,1,,Medium,Hot,0,Low
P0035,Polishing_M3,Overloaded,9,29,Yes,Evening,Ceramic_Hybrid,68,27,39,Packaging_Line,Grinding_M2,26,1,3,,Medium,Warm,0,High
P0432,Polishing_M3,Overloaded,24,33,No,Night,Bearing_Steel_Chrome,80,13,55,Assembly_M4,Grinding_M2,15,0,3,2,High,Hot,1,Medium
P0329,Grinding_M2,Busy,7,16,No,Night,Bearing_Stainless,76,7,14,Polishing_M3,Lathe_M1,2,0,1,2,Medium,Hot,0,Low
P0377,Assembly_M4,Maintenance,23,29,No,Evening,Ceramic_Hybrid,31,9,27,Polishing_M3,Grinding_M2,16,0,2,,High,Normal,1,Medium
P0157,Grinding_M2,Maintenance,10,40,Yes,Evening,Bearing_Stainless,73,17,55,Polishing_M3,Grinding_M2,23,1,2,,Medium,Hot,0,High
P0406,Polishing_M3,Idle,10,11,No,Night,Ceramic_Hybrid,51,14,55,Polishing_M3,Polishing_M3,17,0,0,2,Medium,Warm,0,Medium
P0234,Grinding_M2,Idle,24,26,Yes,Morning,Bearing_Steel_Chrome,37,13,11,Grinding_M2,Assembly_M4,1,1,0,0,High,Normal,1,Low
P0120,Polishing_M3,Overloaded,0,18,Yes,Night,Ceramic_Hybrid,83,16,47,Polishing_M3,Lathe_M1,24,1,3,2,Low,Hot,0,High
P0093,Grinding_M2,Maintenance,8,21,No,Morning,Bearing_Steel_Chrome,28,21,55,Polishing_M3,Polishing_M3,7,0,2,0,Medium,Normal,0,Low
P0389,Assembly_M4,Overloaded,0,28,Yes,Night,Ceramic_Hybrid,58,3,28,Assembly_M4,Grinding_M2,27,1,3,2,Low,Warm,0,High
P0366,Assembly_M4,Idle,14,21,Yes,Morning,Bearing_Steel_Chrome,37,8,13,Assembly_M4,Lathe_M1,12,1,0,0,Medium,Normal,0,Medium
P0166,Lathe_M1,Maintenance,2,27,Yes,Morning,Bearing_Steel_Chrome,78,16,43,Polishing_M3,Polishing_M3,23,1,2,0,Low,Hot,0,High
P0050,Lathe_M1,Maintenance,0,18,Yes,Evening,Bearing_Stainless,56,20,52,Assembly_M4,Assembly_M4,10,1,2,,Low,Warm,0,Medium
P0028,Polishing_M3,Busy,0,9,No,Morning,Bearing_Steel_Chrome,27,18,54,Assembly_M4,Polishing_M3,26,0,1,0,Low,Normal,0,High
P0202,Polishing_M3,Busy,20,31,Yes,Night,Ceramic_Hybrid,75,23,26,Polishing_M3,Polishing_M3,18,1,1,2,High,Hot,1,Medium
P0417,Polishing_M3,Busy,15,6,Yes,Evening,Bearing_Steel_Chrome,71,14,49,Grinding_M2,Assembly_M4,16,1,1,,High,Hot,1,Medium
P0395,Lathe_M1,Busy,7,12,Yes,Night,Bearing_Stainless,78,11,59,Grinding_M2,Polishing_M3,1,1,1,2,Medium,Hot,0,Low
P0367,Grinding_M2,Overloaded,11,13,No,Morning,Ceramic_Hybrid,61,10,52,Packaging_Line,Lathe_M1,18,0,3,0,Medium,Warm,0,Medium
P0171,Assembly_M4,Overloaded,7,27,No,Evening,Bearing_Steel_Chrome,35,21,23,Packaging_Line,Assembly_M4,4,0,3,,Medium,Normal,0,Low
P0409,Grinding_M2,Idle,19,30,Yes,Evening,Bearing_Stainless,34,25,17,Polishing_M3,Lathe_M1,29,1,0,,High,Normal,1,High
P0431,Assembly_M4,Busy,19,38,No,Morning,Bearing_Steel_Chrome,53,5,11,Assembly_M4,Assembly_M4,19,0,1,0,High,Warm,1,Medium
P0122,Polishing_M3,Idle,16,17,Yes,Morning,Bearing_Stainless,80,25,58,Packaging_Line,Lathe_M1,23,1,0,0,High,Hot,1,High
P0161,Lathe_M1,Overloaded,17,25,Yes,Morning,Bearing_Stainless,68,24,5,Packaging_Line,Polishing_M3,15,1,3,0,High,Warm,1,Medium
P0342,Assembly_M4,Maintenance,2,10,No,Morning,Bearing_Stainless,38,24,42,Polishing_M3,Grinding_M2,1,0,2,0,Low,Normal,0,Low
P0355,Assembly_M4,Busy,19,42,Yes,Night,Ceramic_Hybrid,32,27,19,Grinding_M2,Lathe_M1,14,1,1,2,High,Normal,1,Medium
P0023,Lathe_M1,Overloaded,15,24,No,Night,Bearing_Steel_Chrome,79,17,23,Grinding_M2,Grinding_M2,24,0,3,2,High,Hot,1,High
P0308,Grinding_M2,Maintenance,0,40,Yes,Night,Ceramic_Hybrid,48,11,56,Polishing_M3,Lathe_M1,18,1,2,2,Low,Normal,0,Medium
P0144,Assembly_M4,Busy,1,40,No,Morning,Ceramic_Hybrid,71,5,20,Grinding_M2,Assembly_M4,15,0,1,0,Low,Hot,0,Medium
P0496,Assembly_M4,Overloaded,17,11,Yes,Night,Ceramic_Hybrid,71,23,36,Assembly_M4,Assembly_M4,11,1,3,2,High,Hot,1,Medium
P0477,Lathe_M1,Overloaded,18,44,Yes,Night,Ceramic_Hybrid,80,2,39,Packaging_Line,Polishing_M3,5,1,3,2,High,Hot,1,Low
P0205,Grinding_M2,Maintenance,17,16,No,Morning,Ceramic_Hybrid,36,22,23,Grinding_M2,Lathe_M1,9,0,2,0,High,Normal,1,Low
P0246,Grinding_M2,Maintenance,10,40,Yes,Morning,Ceramic_Hybrid,66,23,51,Grinding_M2,Polishing_M3,25,1,2,0,Medium,Warm,0,High
P0230,Grinding_M2,Idle,18,36,No,Morning,Bearing_Stainless,59,29,57,Packaging_Line,Polishing_M3,23,0,0,0,High,Warm,1,High
P0010,Assembly_M4,Idle,4,36,Yes,Night,Bearing_Steel_Chrome,67,25,41,Grinding_M2,Assembly_M4,7,1,0,2,Low,Warm,0,Low
P0310,Assembly_M4,Overloaded,5,34,Yes,Night,Bearing_Stainless,82,14,6,Assembly_M4,Polishing_M3,19,1,3,2,Medium,Hot,0,Medium
P0312,Grinding_M2,Maintenance,10,24,No,Morning,Bearing_Stainless,61,10,42,Packaging_Line,Assembly_M4,17,0,2,0,Medium,Warm,0,Medium
P0135,Lathe_M1,Maintenance,18,44,No,Night,Ceramic_Hybrid,31,6,51,Packaging_Line,Assembly_M4,10,0,2,2,High,Normal,1,Medium
P0191,Lathe_M1,Overloaded,23,11,No,Morning,Bearing_Steel_Chrome,35,10,53,Packaging_Line,Polishing_M3,9,0,3,0,High,Normal,1,Low
P0182,Assembly_M4,Busy,2,26,No,Night,Ceramic_Hybrid,64,20,24,Assembly_M4,Assembly_M4,16,0,1,2,Low,Warm,0,Medium
P0107,Polishing_M3,Idle,6,11,Yes,Night,Bearing_Steel_Chrome,44,26,49,Packaging_Line,Grinding_M2,3,1,0,2,Medium,Normal,0,Low
P0302,Grinding_M2,Busy,11,28,Yes,Morning,Bearing_Stainless,64,14,56,Assembly_M4,Assembly_M4,16,1,1,0,Medium,Warm,0,Medium
P0170,Grinding_M2,Idle,6,8,No,Night,Bearing_Stainless,36,18,5,Packaging_Line,Grinding_M2,17,0,0,2,Medium,Normal,0,Medium
P0010,Grinding_M2,Busy,1,10,No,Evening,Ceramic_Hybrid,68,27,15,Packaging_Line,Lathe_M1,21,0,1,,Low,Warm,0,High
P0304,Grinding_M2,Maintenance,10,22,Yes,Evening,Bearing_Stainless,64,26,43,Packaging_Line,Grinding_M2,28,1,2,,Medium,Warm,0,High
P0007,Lathe_M1,Idle,13,20,No,Night,Bearing_Steel_Chrome,36,10,56,Polishing_M3,Polishing_M3,29,0,0,2,Medium,Normal,0,High
P0490,Polishing_M3,Overloaded,22,25,No,Morning,Ceramic_Hybrid,40,22,55,Grinding_M2,Polishing_M3,16,0,3,0,High,Normal,1,Medium
P0152,Lathe_M1,Busy,8,30,Yes,Night,Bearing_Stainless,61,23,55,Packaging_Line,Assembly_M4,10,1,1,2,Medium,Warm,0,Medium
P0122,Assembly_M4,Idle,6,13,No,Evening,Bearing_Steel_Chrome,49,15,19,Packaging_Line,Grinding_M2,13,0,0,,Medium,Normal,0,Medium
P0007,Grinding_M2,Overloaded,9,30,Yes,Night,Bearing_Steel_Chrome,45,24,48,Grinding_M2,Lathe_M1,28,1,3,2,Medium,Normal,0,High
P0016,Lathe_M1,Overloaded,18,42,Yes,Evening,Bearing_Steel_Chrome,36,25,17,Assembly_M4,Grinding_M2,8,1,3,,High,Normal,1,Low
P0010,Assembly_M4,Overloaded,15,6,Yes,Evening,Ceramic_Hybrid,78,8,16,Packaging_Line,Polishing_M3,7,1,3,,High,Hot,1,Low
P0139,Assembly_M4,Maintenance,18,18,Yes,Night,Ceramic_Hybrid,54,10,54,Packaging_Line,Grinding_M2,11,1,2,2,High,Warm,1,Medium
P0184,Lathe_M1,Maintenance,15,23,Yes,Morning,Bearing_Stainless,55,12,54,Polishing_M3,Assembly_M4,11,1,2,0,High,Warm,1,Medium
P0399,Polishing_M3,Maintenance,24,8,Yes,Morning,Bearing_Steel_Chrome,74,20,17,Polishing_M3,Grinding_M2,4,1,2,0,High,Hot,1,Low
P0020,Grinding_M2,Idle,9,41,No,Morning,Bearing_Stainless,27,17,30,Packaging_Line,Assembly_M4,8,0,0,0,Medium,Normal,0,Low
P0232,Lathe_M1,Idle,23,43,No,Morning,Ceramic_Hybrid,43,15,19,Assembly_M4,Lathe_M1,17,0,0,0,High,Normal,1,Medium
P0423,Polishing_M3,Busy,20,5,Yes,Night,Bearing_Steel_Chrome,30,28,27,Assembly_M4,Lathe_M1,15,1,1,2,High,Normal,1,Medium
P0212,Assembly_M4,Maintenance,11,25,Yes,Night,Ceramic_Hybrid,76,3,9,Grinding_M2,Grinding_M2,9,1,2,2,Medium,Hot,0,Low
P0112,Grinding_M2,Maintenance,19,22,No,Evening,Bearing_Stainless,46,9,38,Grinding_M2,Assembly_M4,9,0,2,,High,Normal,1,Low
P0410,Grinding_M2,Maintenance,6,34,Yes,Evening,Bearing_Steel_Chrome,42,28,20,Packaging_Line,Assembly_M4,21,1,2,,Medium,Normal,0,High
P0314,Polishing_M3,Overloaded,4,33,No,Evening,Bearing_Steel_Chrome,71,6,47,Grinding_M2,Grinding_M2,22,0,3,,Low,Hot,0,High
P0082,Polishing_M3,Idle,13,23,No,Night,Ceramic_Hybrid,59,25,46,Packaging_Line,Grinding_M2,28,0,0,2,Medium,Warm,0,High
P0371,Lathe_M1,Idle,5,7,No,Morning,Bearing_Stainless,58,14,54,Grinding_M2,Polishing_M3,2,0,0,0,Medium,Warm,0,Low
P0188,Lathe_M1,Idle,14,41,Yes,Morning,Ceramic_Hybrid,39,29,36,Grinding_M2,Grinding_M2,21,1,0,0,Medium,Normal,0,High
P0195,Assembly_M4,Busy,16,38,No,Morning,Ceramic_Hybrid,56,19,51,Polishing_M3,Assembly_M4,20,0,1,0,High,Warm,1,High
P0004,Assembly_M4,Busy,22,39,Yes,Evening,Bearing_Stainless,61,12,45,Grinding_M2,Lathe_M1,5,1,1,,High,Warm,1,Low
P0426,Lathe_M1,Idle,24,37,No,Evening,Ceramic_Hybrid,49,15,41,Polishing_M3,Polishing_M3,8,0,0,,High,Normal,1,Low
P0372,Assembly_M4,Maintenance,20,42,Yes,Evening,Bearing_Steel_Chrome,64,3,23,Grinding_M2,Grinding_M2,27,1,2,,High,Warm,1,High
P0135,Lathe_M1,Overloaded,8,9,Yes,Morning,Bearing_Steel_Chrome,29,26,30,Grinding_M2,Lathe_M1,19,1,3,0,Medium,Normal,0,Medium
P0484,Lathe_M1,Overloaded,3,20,Yes,Evening,Bearing_Steel_Chrome,31,19,25,Polishing_M3,Grinding_M2,1,1,3,,Low,Normal,0,Low
P0162,Lathe_M1,Maintenance,2,35,Yes,Evening,Bearing_Stainless,49,22,12,Packaging_Line,Lathe_M1,1,1,2,,Low,Normal,0,Low
P0258,Polishing_M3,Maintenance,6,11,Yes,Night,Ceramic_Hybrid,32,20,21,Assembly_M4,Lathe_M1,11,1,2,2,Medium,Normal,0,Medium
P0414,Assembly_M4,Maintenance,14,15,Yes,Evening,Ceramic_Hybrid,62,10,54,Packaging_Line,Grinding_M2,20,1,2,,Medium,Warm,0,High
P0036,Lathe_M1,Idle,1,8,Yes,Evening,Bearing_Stainless,74,29,37,Packaging_Line,Polishing_M3,11,1,0,,Low,Hot,0,Medium
P0162,Assembly_M4,Idle,2,44,Yes,Evening,Bearing_Stainless,29,21,25,Packaging_Line,Polishing_M3,22,1,0,,Low,Normal,0,High
P0405,Lathe_M1,Maintenance,21,41,No,Morning,Bearing_Steel_Chrome,84,12,48,Polishing_M3,Assembly_M4,22,0,2,0,High,Hot,1,High
P0136,Polishing_M3,Maintenance,8,17,Yes,Night,Bearing_Steel_Chrome,78,21,7,Polishing_M3,Lathe_M1,13,1,2,2,Medium,Hot,0,Medium
P0363,Grinding_M2,Maintenance,21,15,No,Morning,Bearing_Steel_Chrome,35,22,56,Packaging_Line,Polishing_M3,21,0,2,0,High,Normal,1,High
P0037,Lathe_M1,Maintenance,6,21,Yes,Morning,Bearing_Steel_Chrome,72,15,37,Packaging_Line,Assembly_M4,11,1,2,0,Medium,Hot,0,Medium
P0180,Grinding_M2,Busy,12,5,Yes,Evening,Bearing_Stainless,58,10,17,Packaging_Line,Grinding_M2,5,1,1,,Medium,Warm,0,Low
P0045,Lathe_M1,Busy,8,41,Yes,Night,Ceramic_Hybrid,71,8,18,Packaging_Line,Polishing_M3,16,1,1,2,Medium,Hot,0,Medium
P0152,Assembly_M4,Busy,5,38,Yes,Evening,Bearing_Steel_Chrome,40,20,41,Packaging_Line,Lathe_M1,4,1,1,,Medium,Normal,0,Low
P0199,Polishing_M3,Busy,13,10,Yes,Evening,Bearing_Stainless,32,25,7,Assembly_M4,Assembly_M4,4,1,1,,Medium,Normal,0,Low
P0238,Polishing_M3,Maintenance,0,38,No,Night,Bearing_Stainless,69,10,16,Grinding_M2,Assembly_M4,10,0,2,2,Low,Warm,0,Medium
P0007,Grinding_M2,Maintenance,9,27,Yes,Morning,Bearing_Steel_Chrome,30,25,28,Packaging_Line,Assembly_M4,21,1,2,0,Medium,Normal,0,High
P0003,Lathe_M1,Maintenance,23,35,No,Morning,Ceramic_Hybrid,71,27,45,Packaging_Line,Polishing_M3,24,0,2,0,High,Hot,1,High
P0294,Polishing_M3,Idle,1,22,Yes,Morning,Bearing_Stainless,36,4,11,Grinding_M2,Lathe_M1,9,1,0,0,Low,Normal,0,Low
P0477,Lathe_M1,Maintenance,7,29,Yes,Night,Ceramic_Hybrid,30,2,50,Packaging_Line,Lathe_M1,16,1,2,2,Medium,Normal,0,Medium
P0019,Polishing_M3,Busy,15,8,Yes,Morning,Bearing_Stainless,53,7,51,Assembly_M4,Polishing_M3,28,1,1,0,High,Warm,1,High
P0045,Polishing_M3,Overloaded,21,12,No,Evening,Bearing_Stainless,56,2,17,Polishing_M3,Grinding_M2,27,0,3,,High,Warm,1,High
P0120,Polishing_M3,Maintenance,17,22,No,Evening,Bearing_Steel_Chrome,37,23,18,Polishing_M3,Lathe_M1,11,0,2,,High,Normal,1,Medium
P0246,Lathe_M1,Idle,6,26,Yes,Evening,Bearing_Steel_Chrome,60,18,55,Grinding_M2,Lathe_M1,14,1,0,,Medium,Warm,0,Medium
P0160,Grinding_M2,Maintenance,9,33,No,Evening,Bearing_Steel_Chrome,30,19,8,Packaging_Line,Lathe_M1,11,0,2,,Medium,Normal,0,Medium
P0491,Assembly_M4,Maintenance,12,44,Yes,Morning,Bearing_Stainless,34,24,32,Polishing_M3,Polishing_M3,11,1,2,0,Medium,Normal,0,Medium
P0391,Assembly_M4,Idle,2,19,No,Night,Bearing_Stainless,32,21,54,Polishing_M3,Grinding_M2,27,0,0,2,Low,Normal,0,High
P0406,Polishing_M3,Maintenance,20,5,No,Night,Bearing_Steel_Chrome,53,25,34,Polishing_M3,Assembly_M4,8,0,2,2,High,Warm,1,Low
P0338,Assembly_M4,Maintenance,2,37,Yes,Evening,Ceramic_Hybrid,44,26,20,Grinding_M2,Grinding_M2,9,1,2,,Low,Normal,0,Low
P0141,Grinding_M2,Busy,16,35,No,Night,Bearing_Stainless,72,24,10,Packaging_Line,Lathe_M1,23,0,1,2,High,Hot,1,High
P0221,Lathe_M1,Overloaded,6,44,No,Night,Ceramic_Hybrid,66,15,15,Grinding_M2,Assembly_M4,2,0,3,2,Medium,Warm,0,Low
P0447,Grinding_M2,Overloaded,11,31,No,Night,Bearing_Steel_Chrome,82,13,17,Grinding_M2,Lathe_M1,8,0,3,2,Medium,Hot,0,Low
P0199,Grinding_M2,Overloaded,15,33,Yes,Evening,Ceramic_Hybrid,59,29,33,Polishing_M3,Polishing_M3,13,1,3,,High,Warm,1,Medium
P0385,Polishing_M3,Maintenance,11,6,No,Evening,Bearing_Steel_Chrome,57,9,45,Packaging_Line,Lathe_M1,25,0,2,,Medium,Warm,0,High
P0053,Polishing_M3,Overloaded,7,36,No,Evening,Bearing_Steel_Chrome,62,29,19,Polishing_M3,Grinding_M2,23,0,3,,Medium,Warm,0,High
P0129,Grinding_M2,Maintenance,23,17,Yes,Night,Ceramic_Hybrid,45,23,16,Packaging_Line,Assembly_M4,13,1,2,2,High,Normal,1,Medium
P0489,Grinding_M2,Overloaded,6,27,No,Morning,Ceramic_Hybrid,74,15,47,Grinding_M2,Polishing_M3,28,0,3,0,Medium,Hot,0,High
P0013,Grinding_M2,Maintenance,13,21,Yes,Morning,Bearing_Steel_Chrome,48,22,38,Grinding_M2,Lathe_M1,19,1,2,0,Medium,Normal,0,Medium
P0342,Lathe_M1,Busy,15,26,No,Evening,Bearing_Steel_Chrome,34,23,12,Packaging_Line,Lathe_M1,21,0,1,,High,Normal,1,High
P0434,Assembly_M4,Idle,4,11,No,Evening,Ceramic_Hybrid,50,14,20,Grinding_M2,Grinding_M2,5,0,0,,Low,Warm,0,Low
P0486,Lathe_M1,Idle,15,13,Yes,Morning,Ceramic_Hybrid,46,24,48,Polishing_M3,Grinding_M2,8,1,0,0,High,Normal,1,Low
P0272,Polishing_M3,Maintenance,12,41,Yes,Night,Ceramic_Hybrid,38,17,47,Packaging_Line,Assembly_M4,20,1,2,2,Medium,Normal,0,High
P0066,Grinding_M2,Idle,11,19,Yes,Morning,Bearing_Stainless,80,13,30,Assembly_M4,Lathe_M1,9,1,0,0,Medium,Hot,0,Low
P0253,Assembly_M4,Idle,0,39,No,Evening,Bearing_Stainless,68,21,49,Packaging_Line,Lathe_M1,23,0,0,,Low,Warm,0,High
P0311,Grinding_M2,Idle,5,14,Yes,Night,Ceramic_Hybrid,72,28,37,Polishing_M3,Grinding_M2,16,1,0,2,Medium,Hot,0,Medium
P0011,Assembly_M4,Idle,3,10,Yes,Night,Ceramic_Hybrid,43,3,22,Packaging_Line,Polishing_M3,10,1,0,2,Low,Normal,0,Medium
P0063,Assembly_M4,Maintenance,3,5,Yes,Night,Ceramic_Hybrid,71,11,54,Polishing_M3,Lathe_M1,16,1,2,2,Low,Hot,0,Medium
P0080,Grinding_M2,Maintenance,12,6,No,Morning,Ceramic_Hybrid,76,5,5,Packaging_Line,Grinding_M2,7,0,2,0,Medium,Hot,0,Low
P0217,Grinding_M2,Overloaded,22,30,Yes,Evening,Bearing_Stainless,35,27,46,Packaging_Line,Polishing_M3,1,1,3,,High,Normal,1,Low
P0008,Grinding_M2,Idle,10,28,Yes,Night,Ceramic_Hybrid,34,15,18,Grinding_M2,Grinding_M2,7,1,0,2,Medium,Normal,0,Low
P0338,Grinding_M2,Overloaded,22,26,Yes,Night,Bearing_Steel_Chrome,84,5,31,Packaging_Line,Assembly_M4,24,1,3,2,High,Hot,1,High
P0467,Lathe_M1,Idle,1,43,No,Night,Bearing_Steel_Chrome,75,15,23,Packaging_Line,Polishing_M3,7,0,0,2,Low,Hot,0,Low
P0310,Polishing_M3,Idle,11,7,Yes,Evening,Bearing_Steel_Chrome,71,6,12,Packaging_Line,Polishing_M3,14,1,0,,Medium,Hot,0,Medium
P0133,Polishing_M3,Overloaded,3,11,Yes,Night,Ceramic_Hybrid,31,19,50,Packaging_Line,Assembly_M4,8,1,3,2,Low,Normal,0,Low
P0260,Lathe_M1,Busy,11,14,Yes,Evening,Bearing_Steel_Chrome,38,10,42,Polishing_M3,Lathe_M1,5,1,1,,Medium,Normal,0,Low
P0219,Polishing_M3,Busy,0,5,Yes,Evening,Ceramic_Hybrid,81,21,53,Packaging_Line,Assembly_M4,11,1,1,,Low,Hot,0,Medium
P0044,Polishing_M3,Overloaded,11,7,No,Night,Ceramic_Hybrid,30,12,49,Grinding_M2,Assembly_M4,11,0,3,2,Medium,Normal,0,Medium
P0358,Grinding_M2,Maintenance,7,33,No,Night,Bearing_Steel_Chrome,34,3,28,Polishing_M3,Polishing_M3,14,0,2,2,Medium,Normal,0,Medium
P0296,Lathe_M1,Idle,15,21,Yes,Night,Ceramic_Hybrid,56,12,38,Assembly_M4,Assembly_M4,24,1,0,2,High,Warm,1,High
P0489,Grinding_M2,Maintenance,22,9,Yes,Morning,Bearing_Stainless,53,17,52,Polishing_M3,Assembly_M4,26,1,2,0,High,Warm,1,High
P0203,Lathe_M1,Idle,1,20,Yes,Morning,Bearing_Stainless,49,6,12,Assembly_M4,Lathe_M1,29,1,0,0,Low,Normal,0,High
P0275,Lathe_M1,Idle,19,29,No,Evening,Ceramic_Hybrid,66,24,38,Packaging_Line,Assembly_M4,3,0,0,,High,Warm,1,Low
P0395,Grinding_M2,Maintenance,17,38,Yes,Night,Bearing_Stainless,56,22,33,Packaging_Line,Polishing_M3,9,1,2,2,High,Warm,1,Low
P0391,Polishing_M3,Busy,1,43,Yes,Evening,Ceramic_Hybrid,31,15,9,Packaging_Line,Polishing_M3,8,1,1,,Low,Normal,0,Low
P0350,Lathe_M1,Busy,22,22,Yes,Evening,Ceramic_Hybrid,62,15,22,Polishing_M3,Assembly_M4,17,1,1,,High,Warm,1,Medium
P0494,Assembly_M4,Busy,8,20,Yes,Night,Ceramic_Hybrid,45,11,46,Packaging_Line,Grinding_M2,4,1,1,2,Medium,Normal,0,Low
P0493,Polishing_M3,Maintenance,11,12,No,Evening,Bearing_Steel_Chrome,71,22,59,Grinding_M2,Grinding_M2,19,0,2,,Medium,Hot,0,Medium
P0187,Polishing_M3,Idle,14,44,Yes,Morning,Bearing_Steel_Chrome,64,20,13,Grinding_M2,Lathe_M1,24,1,0,0,Medium,Warm,0,High
P0186,Assembly_M4,Idle,16,44,Yes,Night,Ceramic_Hybrid,68,28,19,Polishing_M3,Grinding_M2,4,1,0,2,High,Warm,1,Low
P0322,Polishing_M3,Idle,5,20,No,Morning,Bearing_Steel_Chrome,50,26,41,Grinding_M2,Lathe_M1,23,0,0,0,Medium,Warm,0,High
P0455,Assembly_M4,Idle,12,21,Yes,Morning,Ceramic_Hybrid,81,23,31,Packaging_Line,Grinding_M2,20,1,0,0,Medium,Hot,0,High
P0367,Assembly_M4,Overloaded,21,41,No,Night,Bearing_Stainless,43,8,39,Polishing_M3,Grinding_M2,13,0,3,2,High,Normal,1,Medium
P0002,Assembly_M4,Idle,13,35,Yes,Morning,Ceramic_Hybrid,69,3,50,Packaging_Line,Lathe_M1,20,1,0,0,Medium,Warm,0,High
P0282,Polishing_M3,Idle,6,41,No,Evening,Ceramic_Hybrid,38,10,14,Grinding_M2,Assembly_M4,7,0,0,,Medium,Normal,0,Low
P0350,Grinding_M2,Maintenance,13,29,No,Morning,Ceramic_Hybrid,70,26,32,Packaging_Line,Polishing_M3,2,0,2,0,Medium,Hot,0,Low
P0034,Grinding_M2,Overloaded,16,8,No,Evening,Bearing_Steel_Chrome,37,19,7,Grinding_M2,Lathe_M1,19,0,3,,High,Normal,1,Medium
P0490,Polishing_M3,Busy,4,37,Yes,Night,Bearing_Steel_Chrome,65,25,12,Assembly_M4,Polishing_M3,3,1,1,2,Low,Warm,0,Low
P0364,Grinding_M2,Idle,1,37,No,Morning,Bearing_Steel_Chrome,36,23,17,Grinding_M2,Lathe_M1,10,0,0,0,Low,Normal,0,Medium
P0108,Assembly_M4,Busy,16,9,No,Morning,Bearing_Steel_Chrome,81,28,13,Polishing_M3,Polishing_M3,13,0,1,0,High,Hot,1,Medium
P0020,Grinding_M2,Idle,19,27,Yes,Night,Bearing_Steel_Chrome,54,12,59,Assembly_M4,Grinding_M2,4,1,0,2,High,Warm,1,Low
P0450,Polishing_M3,Idle,20,13,No,Evening,Bearing_Steel_Chrome,31,17,27,Grinding_M2,Assembly_M4,26,0,0,,High,Normal,1,High
P0393,Grinding_M2,Busy,22,35,Yes,Evening,Ceramic_Hybrid,81,6,10,Packaging_Line,Grinding_M2,19,1,1,,High,Hot,1,Medium
P0064,Assembly_M4,Maintenance,0,32,No,Night,Bearing_Stainless,42,25,17,Assembly_M4,Lathe_M1,1,0,2,2,Low,Normal,0,Low
P0128,Grinding_M2,Busy,9,11,No,Evening,Bearing_Stainless,61,14,26,Assembly_M4,Lathe_M1,16,0,1,,Medium,Warm,0,Medium
P0483,Lathe_M1,Maintenance,23,18,Yes,Evening,Bearing_Stainless,35,20,27,Assembly_M4,Assembly_M4,2,1,2,,High,Normal,1,Low
P0003,Lathe_M1,Overloaded,7,17,No,Night,Bearing_Stainless,63,13,32,Grinding_M2,Lathe_M1,8,0,3,2,Medium,Warm,0,Low
P0169,Lathe_M1,Maintenance,15,32,No,Evening,Bearing_Steel_Chrome,28,29,16,Packaging_Line,Grinding_M2,16,0,2,,High,Normal,1,Medium
P0265,Lathe_M1,Idle,20,40,No,Morning,Bearing_Steel_Chrome,44,27,30,Assembly_M4,Lathe_M1,22,0,0,0,High,Normal,1,High
P0163,Lathe_M1,Maintenance,23,13,No,Morning,Ceramic_Hybrid,29,18,53,Polishing_M3,Lathe_M1,2,0,2,0,High,Normal,1,Low
P0169,Grinding_M2,Overloaded,1,11,No,Morning,Ceramic_Hybrid,60,14,24,Polishing_M3,Grinding_M2,11,0,3,0,Low,Warm,0,Medium
P0069,Lathe_M1,Overloaded,2,6,Yes,Evening,Ceramic_Hybrid,72,4,19,Packaging_Line,Polishing_M3,17,1,3,,Low,Hot,0,Medium
P0121,Polishing_M3,Overloaded,15,11,Yes,Night,Ceramic_Hybrid,72,6,38,Assembly_M4,Assembly_M4,1,1,3,2,High,Hot,1,Low
P0208,Grinding_M2,Overloaded,21,20,Yes,Night,Bearing_Stainless,61,4,51,Grinding_M2,Lathe_M1,16,1,3,2,High,Warm,1,Medium
P0045,Lathe_M1,Overloaded,10,25,Yes,Evening,Bearing_Stainless,65,9,26,Packaging_Line,Grinding_M2,19,1,3,,Medium,Warm,0,Medium
P0238,Assembly_M4,Idle,21,9,No,Morning,Bearing_Steel_Chrome,41,6,18,Grinding_M2,Assembly_M4,7,0,0,0,High,Normal,1,Low
P0142,Lathe_M1,Idle,8,32,Yes,Evening,Bearing_Stainless,55,18,39,Grinding_M2,Assembly_M4,8,1,0,,Medium,Warm,0,Low
P0061,Assembly_M4,Busy,21,33,No,Morning,Bearing_Steel_Chrome,34,19,39,Polishing_M3,Polishing_M3,12,0,1,0,High,Normal,1,Medium
P0491,Polishing_M3,Overloaded,15,11,No,Night,Bearing_Steel_Chrome,54,20,59,Grinding_M2,Polishing_M3,28,0,3,2,High,Warm,1,High
P0378,Polishing_M3,Maintenance,22,12,No,Evening,Bearing_Stainless,41,22,30,Packaging_Line,Lathe_M1,25,0,2,,High,Normal,1,High
P0055,Grinding_M2,Maintenance,6,37,Yes,Morning,Ceramic_Hybrid,64,20,33,Assembly_M4,Polishing_M3,20,1,2,0,Medium,Warm,0,High
P0240,Assembly_M4,Idle,19,14,No,Evening,Bearing_Stainless,36,25,37,Grinding_M2,Lathe_M1,24,0,0,,High,Normal,1,High
P0200,Lathe_M1,Overloaded,24,29,No,Morning,Bearing_Steel_Chrome,77,5,8,Assembly_M4,Grinding_M2,9,0,3,0,High,Hot,1,Low
P0093,Lathe_M1,Idle,14,30,Yes,Evening,Ceramic_Hybrid,39,27,32,Packaging_Line,Lathe_M1,7,1,0,,Medium,Normal,0,Low
P0004,Grinding_M2,Overloaded,11,39,No,Evening,Ceramic_Hybrid,76,10,18,Grinding_M2,Grinding_M2,13,0,3,,Medium,Hot,0,Medium
P0344,Grinding_M2,Busy,23,37,No,Evening,Bearing_Stainless,56,20,34,Grinding_M2,Lathe_M1,16,0,1,,High,Warm,1,Medium
P0383,Grinding_M2,Maintenance,11,14,Yes,Evening,Bearing_Steel_Chrome,26,19,17,Assembly_M4,Assembly_M4,29,1,2,,Medium,Normal,0,High
P0479,Lathe_M1,Idle,23,42,Yes,Night,Ceramic_Hybrid,36,29,33,Packaging_Line,Polishing_M3,22,1,0,2,High,Normal,1,High
P0452,Grinding_M2,Overloaded,3,5,No,Night,Ceramic_Hybrid,67,24,44,Grinding_M2,Polishing_M3,2,0,3,2,Low,Warm,0,Low
P0398,Grinding_M2,Maintenance,1,37,No,Night,Bearing_Steel_Chrome,28,7,34,Grinding_M2,Lathe_M1,21,0,2,2,Low,Normal,0,High
P0331,Lathe_M1,Maintenance,19,24,Yes,Evening,Ceramic_Hybrid,50,16,11,Assembly_M4,Polishing_M3,7,1,2,,High,Warm,1,Low
P0401,Polishing_M3,Overloaded,17,33,No,Night,Ceramic_Hybrid,47,3,24,Assembly_M4,Polishing_M3,15,0,3,2,High,Normal,1,Medium
P0142,Lathe_M1,Busy,0,21,No,Evening,Ceramic_Hybrid,44,26,17,Polishing_M3,Assembly_M4,12,0,1,,Low,Normal,0,Medium
P0070,Assembly_M4,Overloaded,23,41,No,Night,Bearing_Steel_Chrome,31,9,27,Assembly_M4,Assembly_M4,14,0,3,2,High,Normal,1,Medium
P0426,Polishing_M3,Busy,3,25,No,Morning,Ceramic_Hybrid,70,11,26,Assembly_M4,Grinding_M2,28,0,1,0,Low,Hot,0,High
P0175,Grinding_M2,Overloaded,15,15,Yes,Evening,Ceramic_Hybrid,46,26,18,Packaging_Line,Polishing_M3,14,1,3,,High,Normal,1,Medium
P0260,Polishing_M3,Maintenance,1,17,Yes,Night,Bearing_Stainless,27,19,58,Assembly_M4,Assembly_M4,4,1,2,2,Low,Normal,0,Low
P0341,Lathe_M1,Maintenance,20,23,No,Night,Bearing_Stainless,40,29,8,Polishing_M3,Polishing_M3,19,0,2,2,High,Normal,1,Medium
P0347,Lathe_M1,Maintenance,22,19,Yes,Morning,Bearing_Stainless,25,17,51,Grinding_M2,Assembly_M4,16,1,2,0,High,Normal,1,Medium
P0239,Assembly_M4,Busy,21,24,Yes,Evening,Ceramic_Hybrid,57,18,9,Grinding_M2,Lathe_M1,5,1,1,,High,Warm,1,Low
P0252,Grinding_M2,Maintenance,6,17,Yes,Morning,Bearing_Steel_Chrome,68,5,34,Polishing_M3,Polishing_M3,25,1,2,0,Medium,Warm,0,High
P0145,Lathe_M1,Idle,3,27,Yes,Evening,Ceramic_Hybrid,45,22,10,Assembly_M4,Grinding_M2,24,1,0,,Low,Normal,0,High
P0489,Polishing_M3,Busy,14,35,Yes,Morning,Bearing_Steel_Chrome,43,7,16,Polishing_M3,Assembly_M4,14,1,1,0,Medium,Normal,0,Medium
P0162,Grinding_M2,Idle,17,16,No,Morning,Bearing_Stainless,80,25,19,Assembly_M4,Lathe_M1,19,0,0,0,High,Hot,1,Medium
P0146,Assembly_M4,Idle,7,9,No,Night,Ceramic_Hybrid,29,7,27,Grinding_M2,Grinding_M2,3,0,0,2,Medium,Normal,0,Low
P0072,Grinding_M2,Idle,4,37,No,Evening,Bearing_Stainless,67,27,25,Grinding_M2,Polishing_M3,20,0,0,,Low,Warm,0,High
P0218,Polishing_M3,Busy,0,43,Yes,Night,Bearing_Stainless,71,18,33,Assembly_M4,Polishing_M3,8,1,1,2,Low,Hot,0,Low
P0177,Assembly_M4,Busy,1,30,Yes,Morning,Bearing_Steel_Chrome,37,13,41,Packaging_Line,Lathe_M1,13,1,1,0,Low,Normal,0,Medium
P0241,Polishing_M3,Busy,5,29,Yes,Evening,Bearing_Stainless,71,24,26,Assembly_M4,Polishing_M3,21,1,1,,Medium,Hot,0,High
P0289,Polishing_M3,Maintenance,21,34,No,Morning,Bearing_Steel_Chrome,35,5,37,Grinding_M2,Grinding_M2,15,0,2,0,High,Normal,1,Medium
P0475,Lathe_M1,Idle,11,13,No,Night,Ceramic_Hybrid,56,12,41,Grinding_M2,Assembly_M4,24,0,0,2,Medium,Warm,0,High
P0167,Lathe_M1,Maintenance,6,12,No,Morning,Bearing_Steel_Chrome,57,26,5,Polishing_M3,Grinding_M2,3,0,2,0,Medium,Warm,0,Low
P0465,Grinding_M2,Busy,7,32,No,Evening,Bearing_Stainless,67,2,50,Assembly_M4,Assembly_M4,1,0,1,,Medium,Warm,0,Low
P0286,Polishing_M3,Idle,5,31,Yes,Evening,Bearing_Stainless,62,4,14,Assembly_M4,Polishing_M3,12,1,0,,Medium,Warm,0,Medium
P0416,Polishing_M3,Overloaded,9,38,Yes,Morning,Bearing_Stainless,48,29,26,Polishing_M3,Polishing_M3,13,1,3,0,Medium,Normal,0,Medium
P0220,Lathe_M1,Maintenance,15,17,No,Evening,Ceramic_Hybrid,60,5,47,Assembly_M4,Grinding_M2,23,0,2,,High,Warm,1,High
P0119,Grinding_M2,Maintenance,13,36,No,Morning,Ceramic_Hybrid,27,28,23,Grinding_M2,Polishing_M3,22,0,2,0,Medium,Normal,0,High
P0348,Assembly_M4,Busy,24,5,Yes,Night,Bearing_Steel_Chrome,29,18,37,Polishing_M3,Assembly_M4,19,1,1,2,High,Normal,1,Medium
P0290,Assembly_M4,Idle,18,40,No,Night,Bearing_Steel_Chrome,75,7,19,Polishing_M3,Grinding_M2,4,0,0,2,High,Hot,1,Low
P0077,Lathe_M1,Maintenance,23,37,No,Evening,Ceramic_Hybrid,48,28,53,Grinding_M2,Assembly_M4,11,0,2,,High,Normal,1,Medium
P0054,Assembly_M4,Busy,16,27,No,Night,Bearing_Stainless,57,10,50,Grinding_M2,Lathe_M1,15,0,1,2,High,Warm,1,Medium
P0490,Polishing_M3,Busy,23,33,Yes,Morning,Bearing_Steel_Chrome,55,2,38,Polishing_M3,Grinding_M2,18,1,1,0,High,Warm,1,Medium
P0130,Polishing_M3,Busy,17,10,No,Evening,Ceramic_Hybrid,76,9,5,Packaging_Line,Grinding_M2,15,0,1,,High,Hot,1,Medium
P0468,Lathe_M1,Maintenance,9,34,Yes,Night,Bearing_Steel_Chrome,28,11,47,Polishing_M3,Grinding_M2,5,1,2,2,Medium,Normal,0,Low
P0387,Grinding_M2,Busy,8,9,Yes,Night,Bearing_Stainless,35,4,31,Polishing_M3,Lathe_M1,4,1,1,2,Medium,Normal,0,Low
P0002,Polishing_M3,Idle,9,43,Yes,Evening,Bearing_Steel_Chrome,57,28,42,Polishing_M3,Grinding_M2,8,1,0,,Medium,Warm,0,Low
P0471,Assembly_M4,Busy,16,28,Yes,Night,Bearing_Steel_Chrome,63,2,45,Polishing_M3,Grinding_M2,11,1,1,2,High,Warm,1,Medium
P0335,Assembly_M4,Maintenance,18,6,No,Morning,Bearing_Stainless,79,12,39,Grinding_M2,Polishing_M3,17,0,2,0,High,Hot,1,Medium
P0147,Polishing_M3,Maintenance,9,7,No,Morning,Ceramic_Hybrid,46,4,25,Polishing_M3,Lathe_M1,25,0,2,0,Medium,Normal,0,High
P0205,Grinding_M2,Idle,6,6,Yes,Night,Ceramic_Hybrid,25,8,24,Grinding_M2,Lathe_M1,11,1,0,2,Medium,Normal,0,Medium
P0086,Assembly_M4,Busy,22,10,No,Evening,Bearing_Stainless,79,5,55,Packaging_Line,Polishing_M3,28,0,1,,High,Hot,1,High
P0258,Polishing_M3,Idle,20,39,No,Evening,Bearing_Stainless,60,9,54,Grinding_M2,Assembly_M4,4,0,0,,High,Warm,1,Low
P0420,Lathe_M1,Maintenance,10,20,No,Evening,Bearing_Steel_Chrome,27,8,6,Assembly_M4,Polishing_M3,1,0,2,,Medium,Normal,0,Low
P0091,Polishing_M3,Maintenance,0,42,Yes,Evening,Ceramic_Hybrid,75,8,28,Packaging_Line,Polishing_M3,5,1,2,,Low,Hot,0,Low
P0241,Assembly_M4,Overloaded,20,32,Yes,Evening,Bearing_Steel_Chrome,42,25,36,Assembly_M4,Assembly_M4,13,1,3,,High,Normal,1,Medium
P0163,Assembly_M4,Maintenance,0,14,No,Morning,Bearing_Stainless,33,18,37,Grinding_M2,Grinding_M2,1,0,2,0,Low,Normal,0,Low
P0464,Assembly_M4,Idle,6,8,No,Morning,Bearing_Stainless,52,24,57,Grinding_M2,Grinding_M2,12,0,0,0,Medium,Warm,0,Medium
P0263,Grinding_M2,Maintenance,15,14,Yes,Night,Ceramic_Hybrid,38,8,40,Packaging_Line,Polishing_M3,2,1,2,2,High,Normal,1,Low
P0062,Assembly_M4,Busy,23,22,Yes,Evening,Bearing_Steel_Chrome,40,10,41,Packaging_Line,Lathe_M1,9,1,1,,High,Normal,1,Low
P0331,Assembly_M4,Busy,24,12,No,Evening,Ceramic_Hybrid,48,21,52,Packaging_Line,Lathe_M1,20,0,1,,High,Normal,1,High
P0407,Grinding_M2,Busy,17,8,No,Evening,Bearing_Stainless,72,5,10,Packaging_Line,Polishing_M3,3,0,1,,High,Hot,1,Low
P0326,Lathe_M1,Idle,17,44,No,Night,Ceramic_Hybrid,42,25,27,Polishing_M3,Lathe_M1,3,0,0,2,High,Normal,1,Low
P0451,Grinding_M2,Overloaded,5,30,Yes,Night,Ceramic_Hybrid,45,25,19,Assembly_M4,Grinding_M2,27,1,3,2,Medium,Normal,0,High
P0192,Polishing_M3,Busy,11,9,No,Morning,Bearing_Steel_Chrome,31,23,31,Grinding_M2,Polishing_M3,15,0,1,0,Medium,Normal,0,Medium
P0285,Lathe_M1,Maintenance,6,39,Yes,Night,Bearing_Steel_Chrome,50,24,17,Packaging_Line,Lathe_M1,26,1,2,2,Medium,Warm,0,High
P0355,Assembly_M4,Maintenance,2,33,Yes,Evening,Bearing_Steel_Chrome,26,29,27,Grinding_M2,Assembly_M4,4,1,2,,Low,Normal,0,Low
P0240,Lathe_M1,Busy,16,10,No,Evening,Bearing_Steel_Chrome,35,7,58,Assembly_M4,Grinding_M2,2,0,1,,High,Normal,1,Low
P0116,Assembly_M4,Overloaded,16,7,No,Night,Bearing_Stainless,68,15,38,Packaging_Line,Grinding_M2,22,0,3,2,High,Warm,1,High
P0332,Polishing_M3,Maintenance,21,33,Yes,Night,Bearing_Steel_Chrome,29,11,14,Assembly_M4,Lathe_M1,21,1,2,2,High,Normal,1,High
P0047,Lathe_M1,Busy,8,25,Yes,Night,Bearing_Stainless,37,11,42,Grinding_M2,Lathe_M1,11,1,1,2,Medium,Normal,0,Medium
P0255,Polishing_M3,Busy,3,35,Yes,Morning,Bearing_Stainless,73,21,38,Grinding_M2,Grinding_M2,10,1,1,0,Low,Hot,0,Medium
P0179,Polishing_M3,Maintenance,2,43,Yes,Night,Ceramic_Hybrid,63,2,12,Polishing_M3,Grinding_M2,23,1,2,2,Low,Warm,0,High
P0017,Lathe_M1,Busy,0,12,Yes,Night,Bearing_Stainless,70,15,38,Assembly_M4,Assembly_M4,8,1,1,2,Low,Hot,0,Low
P0138,Assembly_M4,Overloaded,18,11,Yes,Night,Bearing_Stainless,37,23,25,Assembly_M4,Assembly_M4,15,1,3,2,High,Normal,1,Medium
P0384,Polishing_M3,Overloaded,10,18,Yes,Evening,Bearing_Steel_Chrome,35,3,38,Packaging_Line,Polishing_M3,29,1,3,,Medium,Normal,0,High
P0343,Grinding_M2,Busy,11,21,No,Morning,Bearing_Stainless,38,26,52,Assembly_M4,Lathe_M1,27,0,1,0,Medium,Normal,0,High
P0179,Grinding_M2,Maintenance,7,21,No,Morning,Ceramic_Hybrid,29,13,42,Assembly_M4,Lathe_M1,18,0,2,0,Medium,Normal,0,Medium
P0462,Grinding_M2,Idle,4,10,No,Night,Bearing_Steel_Chrome,65,16,46,Packaging_Line,Assembly_M4,17,0,0,2,Low,Warm,0,Medium
P0408,Assembly_M4,Maintenance,18,16,No,Night,Bearing_Steel_Chrome,65,16,18,Packaging_Line,Lathe_M1,1,0,2,2,High,Warm,1,Low
P0429,Polishing_M3,Overloaded,16,37,No,Morning,Bearing_Stainless,79,22,58,Assembly_M4,Lathe_M1,13,0,3,0,High,Hot,1,Medium
P0410,Polishing_M3,Overloaded,7,34,No,Night,Ceramic_Hybrid,37,17,6,Grinding_M2,Polishing_M3,13,0,3,2,Medium,Normal,0,Medium
P0140,Lathe_M1,Busy,17,39,Yes,Evening,Ceramic_Hybrid,69,20,17,Packaging_Line,Grinding_M2,19,1,1,,High,Warm,1,Medium
P0146,Lathe_M1,Overloaded,3,23,No,Evening,Bearing_Stainless,74,26,42,Assembly_M4,Lathe_M1,19,0,3,,Low,Hot,0,Medium
P0290,Assembly_M4,Idle,24,35,Yes,Evening,Bearing_Stainless,60,5,43,Polishing_M3,Polishing_M3,7,1,0,,High,Warm,1,Low
P0075,Assembly_M4,Busy,22,20,Yes,Morning,Bearing_Steel_Chrome,83,17,9,Grinding_M2,Polishing_M3,15,1,1,0,High,Hot,1,Medium
P0410,Lathe_M1,Overloaded,22,40,No,Night,Bearing_Stainless,56,25,29,Assembly_M4,Grinding_M2,13,0,3,2,High,Warm,1,Medium
P0420,Grinding_M2,Busy,18,11,Yes,Evening,Ceramic_Hybrid,68,27,45,Packaging_Line,Lathe_M1,17,1,1,,High,Warm,1,Medium
P0257,Grinding_M2,Busy,1,20,No,Night,Ceramic_Hybrid,63,19,43,Polishing_M3,Polishing_M3,1,0,1,2,Low,Warm,0,Low
P0355,Lathe_M1,Busy,2,25,Yes,Morning,Ceramic_Hybrid,84,12,26,Packaging_Line,Polishing_M3,15,1,1,0,Low,Hot,0,Medium
P0080,Polishing_M3,Maintenance,24,29,Yes,Morning,Bearing_Stainless,27,25,49,Assembly_M4,Polishing_M3,4,1,2,0,High,Normal,1,Low
P0280,Grinding_M2,Maintenance,22,12,Yes,Night,Ceramic_Hybrid,78,5,54,Polishing_M3,Lathe_M1,7,1,2,2,High,Hot,1,Low
P0438,Polishing_M3,Maintenance,10,35,No,Night,Ceramic_Hybrid,53,28,40,Assembly_M4,Assembly_M4,13,0,2,2,Medium,Warm,0,Medium
P0157,Assembly_M4,Busy,8,13,No,Morning,Ceramic_Hybrid,79,22,55,Polishing_M3,Assembly_M4,3,0,1,0,Medium,Hot,0,Low
P0491,Lathe_M1,Maintenance,24,29,No,Night,Bearing_Stainless,36,12,56,Polishing_M3,Lathe_M1,11,0,2,2,High,Normal,1,Medium
P0135,Assembly_M4,Busy,16,30,No,Morning,Bearing_Stainless,77,15,20,Assembly_M4,Lathe_M1,24,0,1,0,High,Hot,1,High
P0415,Polishing_M3,Overloaded,9,35,Yes,Night,Bearing_Steel_Chrome,55,5,14,Packaging_Line,Assembly_M4,26,1,3,2,Medium,Warm,0,High
P0443,Assembly_M4,Maintenance,19,13,No,Evening,Bearing_Stainless,39,10,11,Assembly_M4,Polishing_M3,26,0,2,,High,Normal,1,High
P0169,Polishing_M3,Maintenance,23,16,No,Morning,Bearing_Steel_Chrome,84,21,18,Assembly_M4,Lathe_M1,22,0,2,0,High,Hot,1,High
P0060,Grinding_M2,Idle,15,33,No,Morning,Ceramic_Hybrid,56,20,59,Assembly_M4,Assembly_M4,3,0,0,0,High,Warm,1,Low
P0094,Assembly_M4,Overloaded,10,36,Yes,Night,Ceramic_Hybrid,79,22,24,Polishing_M3,Polishing_M3,19,1,3,2,Medium,Hot,0,Medium
P0193,Grinding_M2,Busy,7,24,Yes,Morning,Bearing_Stainless,32,27,39,Assembly_M4,Polishing_M3,10,1,1,0,Medium,Normal,0,Medium
P0246,Grinding_M2,Maintenance,12,10,No,Evening,Bearing_Steel_Chrome,71,17,9,Grinding_M2,Polishing_M3,21,0,2,,Medium,Hot,0,High
P0210,Assembly_M4,Idle,12,38,Yes,Night,Bearing_Steel_Chrome,30,28,37,Grinding_M2,Assembly_M4,15,1,0,2,Medium,Normal,0,Medium
P0015,Assembly_M4,Overloaded,14,18,No,Night,Bearing_Steel_Chrome,63,6,56,Assembly_M4,Grinding_M2,25,0,3,2,Medium,Warm,0,High
P0053,Assembly_M4,Busy,15,21,Yes,Night,Bearing_Steel_Chrome,67,16,56,Packaging_Line,Polishing_M3,16,1,1,2,High,Warm,1,Medium
P0124,Grinding_M2,Busy,2,42,Yes,Evening,Ceramic_Hybrid,77,24,17,Polishing_M3,Assembly_M4,1,1,1,,Low,Hot,0,Low
P0035,Assembly_M4,Idle,20,38,No,Evening,Bearing_Stainless,58,28,19,Assembly_M4,Assembly_M4,27,0,0,,High,Warm,1,High
P0097,Lathe_M1,Busy,17,13,Yes,Night,Bearing_Steel_Chrome,50,4,40,Polishing_M3,Lathe_M1,15,1,1,2,High,Warm,1,Medium
P0252,Grinding_M2,Maintenance,4,24,Yes,Evening,Bearing_Stainless,44,6,14,Grinding_M2,Polishing_M3,16,1,2,,Low,Normal,0,Medium
P0357,Polishing_M3,Overloaded,24,29,No,Night,Bearing_Stainless,54,15,26,Packaging_Line,Grinding_M2,11,0,3,2,High,Warm,1,Medium
P0182,Assembly_M4,Overloaded,18,42,No,Morning,Ceramic_Hybrid,66,21,39,Grinding_M2,Grinding_M2,22,0,3,0,High,Warm,1,High
P0322,Grinding_M2,Overloaded,14,15,Yes,Morning,Bearing_Steel_Chrome,78,3,28,Packaging_Line,Assembly_M4,6,1,3,0,Medium,Hot,0,Low
P0300,Lathe_M1,Overloaded,16,32,No,Evening,Ceramic_Hybrid,74,5,59,Assembly_M4,Grinding_M2,9,0,3,,High,Hot,1,Low
P0275,Grinding_M2,Overloaded,9,25,No,Morning,Bearing_Stainless,82,3,35,Polishing_M3,Lathe_M1,29,0,3,0,Medium,Hot,0,High
P0125,Lathe_M1,Idle,10,15,Yes,Night,Ceramic_Hybrid,57,27,50,Packaging_Line,Lathe_M1,29,1,0,2,Medium,Warm,0,High
P0406,Grinding_M2,Idle,0,25,Yes,Morning,Bearing_Steel_Chrome,47,26,13,Packaging_Line,Assembly_M4,24,1,0,0,Low,Normal,0,High
P0268,Assembly_M4,Overloaded,0,25,Yes,Evening,Ceramic_Hybrid,46,23,8,Packaging_Line,Assembly_M4,1,1,3,,Low,Normal,0,Low
P0070,Assembly_M4,Overloaded,18,14,Yes,Evening,Bearing_Steel_Chrome,39,21,40,Packaging_Line,Assembly_M4,29,1,3,,High,Normal,1,High
P0015,Grinding_M2,Idle,19,9,Yes,Night,Bearing_Stainless,53,16,51,Packaging_Line,Grinding_M2,27,1,0,2,High,Warm,1,High
P0426,Polishing_M3,Maintenance,24,20,Yes,Night,Bearing_Steel_Chrome,40,5,29,Packaging_Line,Grinding_M2,9,1,2,2,High,Normal,1,Low
P0341,Grinding_M2,Idle,0,9,No,Night,Ceramic_Hybrid,65,21,9,Assembly_M4,Polishing_M3,4,0,0,2,Low,Warm,0,Low
P0246,Grinding_M2,Overloaded,15,38,No,Morning,Bearing_Steel_Chrome,82,17,22,Polishing_M3,Assembly_M4,2,0,3,0,High,Hot,1,Low
P0256,Lathe_M1,Busy,15,33,No,Evening,Bearing_Steel_Chrome,57,17,39,Assembly_M4,Polishing_M3,15,0,1,,High,Warm,1,Medium
P0362,Assembly_M4,Idle,10,21,Yes,Morning,Bearing_Stainless,28,18,8,Polishing_M3,Grinding_M2,19,1,0,0,Medium,Normal,0,Medium
P0088,Polishing_M3,Maintenance,24,37,Yes,Evening,Ceramic_Hybrid,38,25,15,Polishing_M3,Polishing_M3,25,1,2,,High,Normal,1,High
P0022,Grinding_M2,Overloaded,6,40,No,Evening,Bearing_Stainless,34,18,40,Packaging_Line,Grinding_M2,19,0,3,,Medium,Normal,0,Medium
P0297,Assembly_M4,Maintenance,17,10,Yes,Evening,Bearing_Steel_Chrome,52,8,42,Grinding_M2,Assembly_M4,25,1,2,,High,Warm,1,High
P0245,Lathe_M1,Overloaded,11,38,No,Night,Bearing_Stainless,49,18,57,Packaging_Line,Assembly_M4,1,0,3,2,Medium,Normal,0,Low
P0120,Assembly_M4,Overloaded,22,13,No,Night,Bearing_Steel_Chrome,30,3,42,Assembly_M4,Polishing_M3,9,0,3,2,High,Normal,1,Low
P0264,Polishing_M3,Maintenance,2,20,No,Night,Bearing_Steel_Chrome,49,25,51,Polishing_M3,Grinding_M2,29,0,2,2,Low,Normal,0,High
P0365,Grinding_M2,Busy,11,44,Yes,Evening,Ceramic_Hybrid,50,7,39,Assembly_M4,Polishing_M3,23,1,1,,Medium,Warm,0,High
P0274,Assembly_M4,Maintenance,3,18,Yes,Morning,Ceramic_Hybrid,77,25,51,Packaging_Line,Grinding_M2,7,1,2,0,Low,Hot,0,Low
P0123,Polishing_M3,Overloaded,6,12,No,Morning,Bearing_Stainless,66,20,23,Assembly_M4,Lathe_M1,2,0,3,0,Medium,Warm,0,Low
P0250,Assembly_M4,Busy,14,5,No,Morning,Bearing_Steel_Chrome,66,7,58,Grinding_M2,Grinding_M2,13,0,1,0,Medium,Warm,0,Medium
P0484,Lathe_M1,Idle,9,28,Yes,Night,Ceramic_Hybrid,56,7,42,Grinding_M2,Lathe_M1,1,1,0,2,Medium,Warm,0,Low
P0124,Assembly_M4,Busy,11,27,No,Morning,Ceramic_Hybrid,34,26,50,Polishing_M3,Grinding_M2,15,0,1,0,Medium,Normal,0,Medium
P0183,Assembly_M4,Busy,22,40,No,Night,Bearing_Steel_Chrome,81,2,12,Grinding_M2,Lathe_M1,3,0,1,2,High,Hot,1,Low
P0485,Lathe_M1,Overloaded,13,21,Yes,Morning,Bearing_Stainless,58,16,10,Assembly_M4,Grinding_M2,5,1,3,0,Medium,Warm,0,Low
P0167,Assembly_M4,Maintenance,13,44,Yes,Morning,Ceramic_Hybrid,53,4,22,Packaging_Line,Assembly_M4,8,1,2,0,Medium,Warm,0,Low
P0085,Assembly_M4,Busy,15,34,No,Evening,Bearing_Stainless,39,22,19,Packaging_Line,Polishing_M3,16,0,1,,High,Normal,1,Medium
P0237,Polishing_M3,Overloaded,24,37,No,Evening,Ceramic_Hybrid,34,20,41,Assembly_M4,Polishing_M3,18,0,3,,High,Normal,1,Medium
P0500,Polishing_M3,Busy,2,40,No,Evening,Ceramic_Hybrid,28,12,45,Polishing_M3,Assembly_M4,1,0,1,,Low,Normal,0,Low
P0069,Lathe_M1,Maintenance,24,20,Yes,Evening,Ceramic_Hybrid,33,12,10,Assembly_M4,Polishing_M3,27,1,2,,High,Normal,1,High
P0460,Lathe_M1,Idle,16,31,No,Morning,Ceramic_Hybrid,36,23,44,Assembly_M4,Grinding_M2,16,0,0,0,High,Normal,1,Medium
P0379,Polishing_M3,Idle,4,25,Yes,Evening,Ceramic_Hybrid,57,18,33,Polishing_M3,Lathe_M1,21,1,0,,Low,Warm,0,High
P0202,Polishing_M3,Busy,7,14,Yes,Night,Ceramic_Hybrid,42,16,56,Polishing_M3,Lathe_M1,13,1,1,2,Medium,Normal,0,Medium
P0154,Polishing_M3,Maintenance,9,36,No,Night,Bearing_Stainless,65,14,7,Assembly_M4,Grinding_M2,22,0,2,2,Medium,Warm,0,High
P0031,Grinding_M2,Busy,22,7,Yes,Evening,Ceramic_Hybrid,57,3,15,Packaging_Line,Polishing_M3,14,1,1,,High,Warm,1,Medium
P0238,Grinding_M2,Busy,9,43,Yes,Evening,Bearing_Steel_Chrome,79,29,37,Polishing_M3,Polishing_M3,26,1,1,,Medium,Hot,0,High
P0350,Grinding_M2,Idle,6,19,Yes,Morning,Ceramic_Hybrid,50,12,42,Assembly_M4,Polishing_M3,27,1,0,0,Medium,Warm,0,High
P0005,Grinding_M2,Idle,21,43,No,Morning,Bearing_Stainless,31,2,14,Grinding_M2,Polishing_M3,21,0,0,0,High,Normal,1,High
P0047,Grinding_M2,Busy,14,34,Yes,Evening,Ceramic_Hybrid,54,9,28,Polishing_M3,Polishing_M3,19,1,1,,Medium,Warm,0,Medium
P0245,Polishing_M3,Busy,2,19,Yes,Evening,Bearing_Stainless,60,7,46,Assembly_M4,Lathe_M1,18,1,1,,Low,Warm,0,Medium
P0070,Grinding_M2,Idle,15,22,No,Evening,Bearing_Stainless,62,20,53,Grinding_M2,Lathe_M1,18,0,0,,High,Warm,1,Medium
P0284,Lathe_M1,Busy,12,43,Yes,Evening,Ceramic_Hybrid,76,13,38,Polishing_M3,Polishing_M3,27,1,1,,Medium,Hot,0,High
P0411,Polishing_M3,Maintenance,11,28,Yes,Morning,Bearing_Steel_Chrome,28,5,54,Packaging_Line,Grinding_M2,16,1,2,0,Medium,Normal,0,Medium
P0457,Assembly_M4,Maintenance,13,21,No,Morning,Bearing_Steel_Chrome,73,4,42,Packaging_Line,Grinding_M2,23,0,2,0,Medium,Hot,0,High
P0149,Grinding_M2,Busy,12,13,Yes,Morning,Bearing_Steel_Chrome,45,10,12,Polishing_M3,Lathe_M1,17,1,1,0,Medium,Normal,0,Medium
P0453,Grinding_M2,Busy,15,20,Yes,Morning,Bearing_Steel_Chrome,83,29,55,Assembly_M4,Polishing_M3,24,1,1,0,High,Hot,1,High
P0287,Lathe_M1,Idle,15,18,Yes,Night,Ceramic_Hybrid,70,13,42,Grinding_M2,Assembly_M4,20,1,0,2,High,Hot,1,High
P0347,Assembly_M4,Overloaded,12,38,No,Morning,Bearing_Steel_Chrome,78,28,33,Grinding_M2,Lathe_M1,3,0,3,0,Medium,Hot,0,Low
P0347,Lathe_M1,Idle,9,24,Yes,Night,Bearing_Steel_Chrome,26,28,36,Polishing_M3,Polishing_M3,24,1,0,2,Medium,Normal,0,High
P0201,Grinding_M2,Busy,9,44,No,Morning,Bearing_Steel_Chrome,41,27,58,Packaging_Line,Assembly_M4,1,0,1,0,Medium,Normal,0,Low
P0251,Lathe_M1,Overloaded,5,43,Yes,Evening,Bearing_Steel_Chrome,71,19,13,Grinding_M2,Grinding_M2,8,1,3,,Medium,Hot,0,Low
P0354,Lathe_M1,Busy,24,35,No,Evening,Bearing_Steel_Chrome,66,5,24,Assembly_M4,Lathe_M1,28,0,1,,High,Warm,1,High
P0058,Grinding_M2,Idle,7,5,Yes,Morning,Bearing_Steel_Chrome,64,24,48,Assembly_M4,Polishing_M3,23,1,0,0,Medium,Warm,0,High
P0304,Polishing_M3,Maintenance,24,17,Yes,Evening,Bearing_Steel_Chrome,40,27,59,Assembly_M4,Assembly_M4,18,1,2,,High,Normal,1,Medium
P0395,Assembly_M4,Overloaded,0,21,Yes,Night,Bearing_Stainless,40,24,41,Packaging_Line,Polishing_M3,20,1,3,2,Low,Normal,0,High
P0385,Grinding_M2,Overloaded,20,14,No,Morning,Bearing_Steel_Chrome,82,7,48,Grinding_M2,Assembly_M4,10,0,3,0,High,Hot,1,Medium
P0388,Grinding_M2,Busy,21,38,No,Morning,Bearing_Steel_Chrome,75,21,10,Packaging_Line,Lathe_M1,28,0,1,0,High,Hot,1,High
P0048,Lathe_M1,Overloaded,12,16,No,Morning,Bearing_Steel_Chrome,74,9,54,Packaging_Line,Grinding_M2,25,0,3,0,Medium,Hot,0,High
P0031,Assembly_M4,Maintenance,22,6,No,Morning,Bearing_Steel_Chrome,32,11,13,Assembly_M4,Polishing_M3,28,0,2,0,High,Normal,1,High
P0207,Assembly_M4,Maintenance,23,12,Yes,Night,Bearing_Steel_Chrome,75,4,13,Polishing_M3,Grinding_M2,13,1,2,2,High,Hot,1,Medium
P0354,Assembly_M4,Busy,8,35,Yes,Evening,Bearing_Steel_Chrome,49,21,48,Assembly_M4,Lathe_M1,23,1,1,,Medium,Normal,0,High
P0401,Lathe_M1,Maintenance,12,12,Yes,Evening,Ceramic_Hybrid,71,14,57,Grinding_M2,Assembly_M4,13,1,2,,Medium,Hot,0,Medium
P0102,Grinding_M2,Idle,16,23,Yes,Evening,Bearing_Steel_Chrome,27,15,34,Grinding_M2,Assembly_M4,10,1,0,,High,Normal,1,Medium
P0173,Assembly_M4,Overloaded,16,33,No,Night,Ceramic_Hybrid,64,19,16,Polishing_M3,Grinding_M2,17,0,3,2,High,Warm,1,Medium
P0125,Assembly_M4,Overloaded,22,15,Yes,Night,Bearing_Stainless,33,23,28,Polishing_M3,Grinding_M2,25,1,3,2,High,Normal,1,High
P0269,Polishing_M3,Idle,22,29,No,Night,Bearing_Stainless,71,10,16,Assembly_M4,Polishing_M3,11,0,0,2,High,Hot,1,Medium
P0162,Lathe_M1,Idle,16,42,Yes,Night,Bearing_Stainless,52,9,14,Grinding_M2,Grinding_M2,25,1,0,2,High,Warm,1,High
P0471,Polishing_M3,Idle,14,40,Yes,Evening,Bearing_Stainless,74,12,13,Polishing_M3,Assembly_M4,9,1,0,,Medium,Hot,0,Low
P0101,Assembly_M4,Idle,7,7,Yes,Morning,Ceramic_Hybrid,77,19,50,Grinding_M2,Lathe_M1,3,1,0,0,Medium,Hot,0,Low
P0133,Grinding_M2,Maintenance,16,40,No,Evening,Bearing_Stainless,77,29,54,Assembly_M4,Assembly_M4,15,0,2,,High,Hot,1,Medium
P0216,Polishing_M3,Maintenance,18,26,No,Night,Bearing_Stainless,30,16,11,Grinding_M2,Assembly_M4,12,0,2,2,High,Normal,1,Medium
P0119,Assembly_M4,Busy,15,13,Yes,Morning,Bearing_Stainless,44,6,15,Polishing_M3,Lathe_M1,2,1,1,0,High,Normal,1,Low
P0235,Polishing_M3,Overloaded,21,40,Yes,Night,Bearing_Stainless,29,8,10,Packaging_Line,Assembly_M4,24,1,3,2,High,Normal,1,High
P0020,Lathe_M1,Overloaded,21,14,No,Night,Bearing_Stainless,70,9,50,Grinding_M2,Lathe_M1,14,0,3,2,High,Hot,1,Medium
P0057,Polishing_M3,Overloaded,19,32,Yes,Evening,Bearing_Stainless,47,4,5,Polishing_M3,Lathe_M1,29,1,3,,High,Normal,1,High
P0362,Polishing_M3,Idle,8,13,No,Morning,Bearing_Steel_Chrome,46,3,20,Packaging_Line,Assembly_M4,8,0,0,0,Medium,Normal,0,Low
P0061,Lathe_M1,Overloaded,5,17,No,Morning,Bearing_Steel_Chrome,57,20,19,Packaging_Line,Lathe_M1,1,0,3,0,Medium,Warm,0,Low
P0046,Grinding_M2,Maintenance,9,5,Yes,Evening,Bearing_Stainless,84,13,47,Assembly_M4,Polishing_M3,29,1,2,,Medium,Hot,0,High
P0195,Polishing_M3,Overloaded,16,8,Yes,Night,Bearing_Stainless,53,24,11,Polishing_M3,Assembly_M4,12,1,3,2,High,Warm,1,Medium
P0260,Polishing_M3,Idle,12,9,No,Evening,Bearing_Steel_Chrome,84,7,38,Assembly_M4,Lathe_M1,21,0,0,,Medium,Hot,0,High
P0102,Polishing_M3,Overloaded,6,32,No,Evening,Bearing_Stainless,70,11,8,Assembly_M4,Assembly_M4,3,0,3,,Medium,Hot,0,Low
P0404,Assembly_M4,Busy,24,27,Yes,Morning,Bearing_Steel_Chrome,51,15,42,Grinding_M2,Lathe_M1,23,1,1,0,High,Warm,1,High
P0308,Assembly_M4,Idle,14,44,Yes,Evening,Bearing_Steel_Chrome,61,4,39,Polishing_M3,Assembly_M4,13,1,0,,Medium,Warm,0,Medium
P0410,Assembly_M4,Overloaded,1,28,Yes,Night,Bearing_Steel_Chrome,25,13,12,Packaging_Line,Grinding_M2,19,1,3,2,Low,Normal,0,Medium
P0200,Grinding_M2,Overloaded,8,32,Yes,Night,Bearing_Stainless,38,29,31,Packaging_Line,Lathe_M1,18,1,3,2,Medium,Normal,0,Medium
P0405,Grinding_M2,Overloaded,9,10,Yes,Night,Ceramic_Hybrid,57,6,46,Grinding_M2,Assembly_M4,25,1,3,2,Medium,Warm,0,High
P0350,Polishing_M3,Busy,12,27,Yes,Morning,Bearing_Steel_Chrome,60,2,25,Packaging_Line,Polishing_M3,2,1,1,0,Medium,Warm,0,Low
P0439,Lathe_M1,Idle,23,40,No,Night,Ceramic_Hybrid,41,11,27,Assembly_M4,Polishing_M3,12,0,0,2,High,Normal,1,Medium
P0097,Assembly_M4,Maintenance,1,39,Yes,Morning,Ceramic_Hybrid,38,26,51,Packaging_Line,Grinding_M2,13,1,2,0,Low,Normal,0,Medium
P0415,Assembly_M4,Overloaded,8,6,No,Night,Bearing_Steel_Chrome,43,17,47,Assembly_M4,Grinding_M2,12,0,3,2,Medium,Normal,0,Medium
P0305,Polishing_M3,Overloaded,24,5,No,Night,Ceramic_Hybrid,26,17,31,Packaging_Line,Assembly_M4,2,0,3,2,High,Normal,1,Low
P0295,Polishing_M3,Overloaded,18,14,Yes,Morning,Ceramic_Hybrid,43,11,20,Packaging_Line,Polishing_M3,13,1,3,0,High,Normal,1,Medium
P0433,Assembly_M4,Idle,15,12,No,Evening,Bearing_Steel_Chrome,80,19,35,Grinding_M2,Lathe_M1,13,0,0,,High,Hot,1,Medium
P0058,Assembly_M4,Busy,24,43,No,Morning,Bearing_Stainless,84,22,59,Assembly_M4,Assembly_M4,24,0,1,0,High,Hot,1,High
P0297,Polishing_M3,Overloaded,24,42,Yes,Morning,Bearing_Stainless,65,7,22,Grinding_M2,Assembly_M4,17,1,3,0,High,Warm,1,Medium
P0365,Grinding_M2,Idle,11,39,Yes,Evening,Bearing_Stainless,51,6,11,Packaging_Line,Lathe_M1,10,1,0,,Medium,Warm,0,Medium
P0352,Lathe_M1,Busy,9,32,Yes,Evening,Bearing_Steel_Chrome,60,11,54,Packaging_Line,Lathe_M1,3,1,1,,Medium,Warm,0,Low
P0065,Polishing_M3,Overloaded,20,39,No,Evening,Bearing_Steel_Chrome,61,17,24,Polishing_M3,Lathe_M1,13,0,3,,High,Warm,1,Medium
P0439,Polishing_M3,Overloaded,10,23,No,Morning,Ceramic_Hybrid,52,7,49,Assembly_M4,Grinding_M2,28,0,3,0,Medium,Warm,0,High
P0321,Grinding_M2,Overloaded,3,41,No,Morning,Ceramic_Hybrid,43,6,57,Polishing_M3,Grinding_M2,14,0,3,0,Low,Normal,0,Medium
P0248,Grinding_M2,Maintenance,3,42,No,Evening,Ceramic_Hybrid,43,11,5,Packaging_Line,Lathe_M1,23,0,2,,Low,Normal,0,High
P0338,Grinding_M2,Busy,22,32,Yes,Evening,Bearing_Stainless,72,5,45,Packaging_Line,Polishing_M3,28,1,1,,High,Hot,1,High
P0327,Assembly_M4,Maintenance,17,43,Yes,Morning,Bearing_Stainless,49,19,10,Polishing_M3,Lathe_M1,19,1,2,0,High,Normal,1,Medium
P0428,Assembly_M4,Busy,20,16,No,Morning,Ceramic_Hybrid,49,4,5,Grinding_M2,Assembly_M4,5,0,1,0,High,Normal,1,Low
P0373,Lathe_M1,Busy,0,12,No,Morning,Bearing_Steel_Chrome,63,16,47,Assembly_M4,Assembly_M4,18,0,1,0,Low,Warm,0,Medium
P0132,Polishing_M3,Maintenance,13,13,Yes,Morning,Ceramic_Hybrid,29,24,8,Polishing_M3,Lathe_M1,12,1,2,0,Medium,Normal,0,Medium
P0389,Assembly_M4,Overloaded,0,34,No,Morning,Ceramic_Hybrid,80,14,5,Assembly_M4,Assembly_M4,3,0,3,0,Low,Hot,0,Low
P0109,Polishing_M3,Idle,21,12,Yes,Evening,Ceramic_Hybrid,80,19,29,Packaging_Line,Polishing_M3,16,1,0,,High,Hot,1,Medium
P0287,Assembly_M4,Maintenance,19,24,Yes,Morning,Bearing_Stainless,55,17,6,Grinding_M2,Grinding_M2,17,1,2,0,High,Warm,1,Medium
P0175,Grinding_M2,Idle,9,11,No,Morning,Bearing_Steel_Chrome,83,11,55,Grinding_M2,Lathe_M1,20,0,0,0,Medium,Hot,0,High
P0282,Grinding_M2,Idle,8,21,No,Evening,Ceramic_Hybrid,33,10,41,Grinding_M2,Assembly_M4,24,0,0,,Medium,Normal,0,High
P0341,Assembly_M4,Maintenance,6,15,Yes,Morning,Ceramic_Hybrid,32,26,50,Packaging_Line,Polishing_M3,2,1,2,0,Medium,Normal,0,Low
P0467,Grinding_M2,Idle,9,28,No,Evening,Bearing_Steel_Chrome,72,17,23,Packaging_Line,Polishing_M3,27,0,0,,Medium,Hot,0,High
P0207,Grinding_M2,Busy,10,10,Yes,Morning,Bearing_Steel_Chrome,30,8,52,Packaging_Line,Lathe_M1,13,1,1,0,Medium,Normal,0,Medium
P0426,Lathe_M1,Maintenance,2,39,Yes,Morning,Bearing_Stainless,62,26,21,Grinding_M2,Assembly_M4,3,1,2,0,Low,Warm,0,Low
P0471,Assembly_M4,Idle,1,16,Yes,Morning,Bearing_Stainless,48,7,46,Grinding_M2,Grinding_M2,11,1,0,0,Low,Normal,0,Medium
P0140,Polishing_M3,Idle,15,31,No,Evening,Ceramic_Hybrid,72,25,22,Assembly_M4,Assembly_M4,27,0,0,,High,Hot,1,High
P0443,Assembly_M4,Idle,21,25,No,Evening,Bearing_Steel_Chrome,83,20,38,Packaging_Line,Polishing_M3,24,0,0,,High,Hot,1,High
P0345,Polishing_M3,Overloaded,0,22,No,Evening,Bearing_Stainless,27,25,5,Polishing_M3,Assembly_M4,6,0,3,,Low,Normal,0,Low
P0242,Assembly_M4,Overloaded,18,26,No,Morning,Ceramic_Hybrid,75,12,12,Polishing_M3,Lathe_M1,5,0,3,0,High,Hot,1,Low
P0229,Polishing_M3,Maintenance,19,13,No,Night,Bearing_Stainless,71,22,32,Grinding_M2,Lathe_M1,14,0,2,2,High,Hot,1,Medium
P0100,Polishing_M3,Overloaded,3,28,Yes,Morning,Bearing_Steel_Chrome,32,21,21,Polishing_M3,Assembly_M4,2,1,3,0,Low,Normal,0,Low
P0500,Grinding_M2,Maintenance,19,20,Yes,Morning,Bearing_Steel_Chrome,34,3,47,Polishing_M3,Assembly_M4,10,1,2,0,High,Normal,1,Medium
P0340,Polishing_M3,Overloaded,18,29,Yes,Evening,Bearing_Stainless,81,15,47,Polishing_M3,Grinding_M2,9,1,3,,High,Hot,1,Low
P0006,Lathe_M1,Maintenance,6,24,No,Morning,Ceramic_Hybrid,41,4,51,Packaging_Line,Grinding_M2,14,0,2,0,Medium,Normal,0,Medium
P0172,Lathe_M1,Maintenance,7,40,No,Morning,Ceramic_Hybrid,50,11,38,Polishing_M3,Polishing_M3,14,0,2,0,Medium,Warm,0,Medium
P0239,Assembly_M4,Maintenance,7,31,No,Morning,Bearing_Steel_Chrome,34,26,54,Assembly_M4,Grinding_M2,15,0,2,0,Medium,Normal,0,Medium
P0247,Lathe_M1,Busy,4,26,No,Morning,Bearing_Stainless,69,19,35,Packaging_Line,Grinding_M2,2,0,1,0,Low,Warm,0,Low
P0100,Grinding_M2,Maintenance,12,35,No,Morning,Bearing_Steel_Chrome,38,11,34,Assembly_M4,Grinding_M2,4,0,2,0,Medium,Normal,0,Low
P0077,Polishing_M3,Maintenance,14,44,Yes,Night,Bearing_Steel_Chrome,39,15,35,Packaging_Line,Grinding_M2,29,1,2,2,Medium,Normal,0,High
P0459,Grinding_M2,Maintenance,20,13,Yes,Morning,Bearing_Stainless,44,4,19,Polishing_M3,Lathe_M1,24,1,2,0,High,Normal,1,High
P0019,Grinding_M2,Idle,16,20,No,Night,Ceramic_Hybrid,60,12,12,Grinding_M2,Lathe_M1,3,0,0,2,High,Warm,1,Low
P0279,Polishing_M3,Idle,18,7,Yes,Evening,Bearing_Steel_Chrome,60,26,40,Polishing_M3,Assembly_M4,11,1,0,,High,Warm,1,Medium
P0006,Polishing_M3,Idle,18,20,Yes,Morning,Bearing_Steel_Chrome,79,23,21,Grinding_M2,Grinding_M2,10,1,0,0,High,Hot,1,Medium
P0274,Polishing_M3,Overloaded,23,21,No,Night,Bearing_Steel_Chrome,72,21,26,Polishing_M3,Polishing_M3,6,0,3,2,High,Hot,1,Low
P0331,Assembly_M4,Busy,6,18,No,Evening,Bearing_Steel_Chrome,35,13,50,Packaging_Line,Lathe_M1,5,0,1,,Medium,Normal,0,Low
P0304,Polishing_M3,Busy,4,24,No,Evening,Ceramic_Hybrid,78,24,19,Packaging_Line,Lathe_M1,26,0,1,,Low,Hot,0,High
P0458,Assembly_M4,Overloaded,0,34,No,Night,Bearing_Stainless,48,24,13,Assembly_M4,Polishing_M3,3,0,3,2,Low,Normal,0,Low
P0373,Grinding_M2,Busy,3,11,No,Evening,Ceramic_Hybrid,46,15,52,Polishing_M3,Assembly_M4,29,0,1,,Low,Normal,0,High
P0318,Grinding_M2,Maintenance,17,20,No,Morning,Bearing_Stainless,72,3,14,Polishing_M3,Grinding_M2,7,0,2,0,High,Hot,1,Low
P0323,Assembly_M4,Idle,24,31,No,Night,Ceramic_Hybrid,39,29,13,Assembly_M4,Grinding_M2,7,0,0,2,High,Normal,1,Low
P0135,Grinding_M2,Idle,23,20,Yes,Morning,Ceramic_Hybrid,50,4,21,Packaging_Line,Assembly_M4,23,1,0,0,High,Warm,1,High
P0468,Grinding_M2,Idle,7,6,Yes,Night,Bearing_Stainless,55,26,56,Grinding_M2,Grinding_M2,26,1,0,2,Medium,Warm,0,High
P0085,Lathe_M1,Overloaded,24,36,No,Evening,Bearing_Stainless,53,4,12,Grinding_M2,Lathe_M1,27,0,3,,High,Warm,1,High
P0066,Polishing_M3,Busy,1,35,No,Evening,Bearing_Stainless,75,18,41,Packaging_Line,Lathe_M1,20,0,1,,Low,Hot,0,High
P0207,Assembly_M4,Idle,16,14,No,Evening,Bearing_Stainless,65,23,10,Packaging_Line,Lathe_M1,11,0,0,,High,Warm,1,Medium
P0446,Polishing_M3,Maintenance,1,35,Yes,Morning,Ceramic_Hybrid,79,13,16,Assembly_M4,Lathe_M1,16,1,2,0,Low,Hot,0,Medium
P0456,Lathe_M1,Idle,24,26,No,Morning,Bearing_Stainless,51,25,16,Polishing_M3,Assembly_M4,21,0,0,0,High,Warm,1,High
P0196,Grinding_M2,Idle,17,20,Yes,Evening,Bearing_Stainless,28,13,53,Packaging_Line,Grinding_M2,1,1,0,,High,Normal,1,Low
P0465,Assembly_M4,Overloaded,21,22,Yes,Night,Ceramic_Hybrid,78,17,37,Packaging_Line,Grinding_M2,27,1,3,2,High,Hot,1,High
P0306,Polishing_M3,Overloaded,9,23,No,Morning,Bearing_Steel_Chrome,72,15,29,Assembly_M4,Polishing_M3,2,0,3,0,Medium,Hot,0,Low
P0404,Polishing_M3,Maintenance,23,42,No,Evening,Ceramic_Hybrid,84,23,27,Assembly_M4,Grinding_M2,5,0,2,,High,Hot,1,Low
P0039,Assembly_M4,Busy,11,40,No,Morning,Bearing_Steel_Chrome,78,25,40,Grinding_M2,Grinding_M2,5,0,1,0,Medium,Hot,0,Low
P0379,Lathe_M1,Busy,6,10,Yes,Night,Bearing_Stainless,69,5,49,Polishing_M3,Assembly_M4,4,1,1,2,Medium,Warm,0,Low
P0344,Assembly_M4,Idle,9,5,Yes,Evening,Ceramic_Hybrid,45,9,43,Packaging_Line,Assembly_M4,5,1,0,,Medium,Normal,0,Low
P0105,Grinding_M2,Idle,2,35,Yes,Evening,Ceramic_Hybrid,51,18,27,Packaging_Line,Polishing_M3,13,1,0,,Low,Warm,0,Medium
P0289,Grinding_M2,Busy,14,31,No,Night,Bearing_Stainless,75,21,50,Grinding_M2,Lathe_M1,21,0,1,2,Medium,Hot,0,High
P0298,Lathe_M1,Busy,12,28,Yes,Evening,Ceramic_Hybrid,79,10,7,Packaging_Line,Assembly_M4,11,1,1,,Medium,Hot,0,Medium
P0369,Lathe_M1,Maintenance,9,5,Yes,Night,Bearing_Steel_Chrome,73,29,17,Packaging_Line,Polishing_M3,14,1,2,2,Medium,Hot,0,Medium
P0156,Assembly_M4,Idle,0,6,No,Night,Bearing_Stainless,26,8,45,Assembly_M4,Polishing_M3,24,0,0,2,Low,Normal,0,High
P0047,Assembly_M4,Maintenance,3,38,Yes,Night,Ceramic_Hybrid,43,27,41,Grinding_M2,Grinding_M2,9,1,2,2,Low,Normal,0,Low
P0254,Lathe_M1,Maintenance,23,17,No,Night,Ceramic_Hybrid,68,20,45,Assembly_M4,Lathe_M1,10,0,2,2,High,Warm,1,Medium
P0008,Polishing_M3,Overloaded,18,18,No,Morning,Ceramic_Hybrid,64,17,53,Assembly_M4,Assembly_M4,20,0,3,0,High,Warm,1,High
P0223,Polishing_M3,Overloaded,3,42,No,Morning,Ceramic_Hybrid,68,29,54,Polishing_M3,Assembly_M4,7,0,3,0,Low,Warm,0,Low
P0394,Lathe_M1,Overloaded,4,36,Yes,Night,Ceramic_Hybrid,30,28,18,Grinding_M2,Polishing_M3,6,1,3,2,Low,Normal,0,Low
P0200,Assembly_M4,Overloaded,13,16,Yes,Night,Bearing_Steel_Chrome,51,23,30,Packaging_Line,Polishing_M3,12,1,3,2,Medium,Warm,0,Medium
P0379,Assembly_M4,Maintenance,7,14,Yes,Night,Ceramic_Hybrid,40,21,30,Polishing_M3,Assembly_M4,8,1,2,2,Medium,Normal,0,Low
P0141,Grinding_M2,Overloaded,8,33,No,Morning,Ceramic_Hybrid,44,18,23,Packaging_Line,Polishing_M3,17,0,3,0,Medium,Normal,0,Medium
P0317,Grinding_M2,Busy,6,5,No,Morning,Ceramic_Hybrid,83,21,33,Assembly_M4,Lathe_M1,14,0,1,0,Medium,Hot,0,Medium
P0077,Grinding_M2,Busy,16,17,No,Evening,Bearing_Stainless,53,3,31,Polishing_M3,Polishing_M3,14,0,1,,High,Warm,1,Medium
P0477,Grinding_M2,Overloaded,0,33,Yes,Evening,Bearing_Stainless,61,8,23,Packaging_Line,Polishing_M3,14,1,3,,Low,Warm,0,Medium
P0091,Lathe_M1,Idle,23,18,Yes,Night,Bearing_Stainless,71,6,9,Packaging_Line,Lathe_M1,29,1,0,2,High,Hot,1,High
P0422,Grinding_M2,Maintenance,20,28,Yes,Morning,Ceramic_Hybrid,58,19,35,Grinding_M2,Grinding_M2,28,1,2,0,High,Warm,1,High
P0170,Polishing_M3,Maintenance,23,13,No,Evening,Bearing_Stainless,51,29,46,Grinding_M2,Polishing_M3,26,0,2,,High,Warm,1,High
P0301,Lathe_M1,Idle,17,40,No,Evening,Bearing_Stainless,32,19,24,Packaging_Line,Polishing_M3,26,0,0,,High,Normal,1,High
P0236,Assembly_M4,Busy,16,22,Yes,Evening,Bearing_Steel_Chrome,31,2,32,Polishing_M3,Grinding_M2,1,1,1,,High,Normal,1,Low
P0060,Polishing_M3,Busy,17,8,Yes,Night,Ceramic_Hybrid,79,21,57,Packaging_Line,Polishing_M3,20,1,1,2,High,Hot,1,High
P0180,Assembly_M4,Busy,3,35,Yes,Morning,Bearing_Stainless,62,29,7,Grinding_M2,Polishing_M3,6,1,1,0,Low,Warm,0,Low
P0267,Grinding_M2,Idle,12,27,Yes,Evening,Bearing_Steel_Chrome,31,25,40,Packaging_Line,Assembly_M4,1,1,0,,Medium,Normal,0,Low
P0001,Lathe_M1,Idle,5,28,No,Evening,Ceramic_Hybrid,61,14,55,Grinding_M2,Lathe_M1,4,0,0,,Medium,Warm,0,Low
P0086,Polishing_M3,Maintenance,23,42,Yes,Night,Bearing_Steel_Chrome,69,6,49,Grinding_M2,Lathe_M1,25,1,2,2,High,Warm,1,High
P0036,Grinding_M2,Overloaded,9,39,No,Evening,Bearing_Steel_Chrome,79,26,31,Grinding_M2,Polishing_M3,13,0,3,,Medium,Hot,0,Medium
P0287,Lathe_M1,Maintenance,11,8,Yes,Night,Bearing_Stainless,66,27,7,Grinding_M2,Grinding_M2,17,1,2,2,Medium,Warm,0,Medium
P0468,Assembly_M4,Overloaded,8,33,Yes,Evening,Bearing_Stainless,25,19,45,Grinding_M2,Lathe_M1,21,1,3,,Medium,Normal,0,High
P0344,Grinding_M2,Maintenance,19,38,No,Morning,Ceramic_Hybrid,75,29,52,Packaging_Line,Assembly_M4,3,0,2,0,High,Hot,1,Low
P0040,Assembly_M4,Busy,15,25,Yes,Night,Bearing_Stainless,37,4,46,Polishing_M3,Grinding_M2,22,1,1,2,High,Normal,1,High
P0363,Grinding_M2,Overloaded,17,42,Yes,Evening,Ceramic_Hybrid,30,19,42,Grinding_M2,Assembly_M4,6,1,3,,High,Normal,1,Low
P0043,Grinding_M2,Idle,21,17,Yes,Morning,Bearing_Steel_Chrome,70,22,43,Polishing_M3,Polishing_M3,13,1,0,0,High,Hot,1,Medium
P0296,Polishing_M3,Idle,14,16,Yes,Morning,Ceramic_Hybrid,77,28,37,Assembly_M4,Lathe_M1,28,1,0,0,Medium,Hot,0,High
P0341,Lathe_M1,Idle,24,7,No,Night,Bearing_Steel_Chrome,42,27,58,Packaging_Line,Assembly_M4,8,0,0,2,High,Normal,1,Low
P0186,Polishing_M3,Maintenance,1,8,Yes,Night,Bearing_Stainless,74,29,32,Assembly_M4,Lathe_M1,25,1,2,2,Low,Hot,0,High
P0199,Assembly_M4,Busy,12,6,Yes,Night,Bearing_Steel_Chrome,66,3,34,Packaging_Line,Grinding_M2,29,1,1,2,Medium,Warm,0,High
P0370,Lathe_M1,Idle,20,41,Yes,Evening,Ceramic_Hybrid,68,24,37,Assembly_M4,Lathe_M1,28,1,0,,High,Warm,1,High
P0220,Polishing_M3,Maintenance,1,31,Yes,Morning,Bearing_Steel_Chrome,72,28,26,Grinding_M2,Assembly_M4,2,1,2,0,Low,Hot,0,Low
P0025,Lathe_M1,Busy,15,24,Yes,Night,Ceramic_Hybrid,50,17,10,Polishing_M3,Grinding_M2,13,1,1,2,High,Warm,1,Medium
P0448,Grinding_M2,Idle,11,27,Yes,Morning,Bearing_Stainless,66,6,12,Assembly_M4,Assembly_M4,6,1,0,0,Medium,Warm,0,Low
P0298,Grinding_M2,Busy,4,26,No,Morning,Bearing_Steel_Chrome,30,23,36,Grinding_M2,Polishing_M3,17,0,1,0,Low,Normal,0,Medium
P0418,Polishing_M3,Maintenance,5,21,Yes,Morning,Ceramic_Hybrid,61,24,53,Packaging_Line,Lathe_M1,29,1,2,0,Medium,Warm,0,High
P0293,Assembly_M4,Busy,16,17,No,Evening,Bearing_Steel_Chrome,56,23,11,Assembly_M4,Grinding_M2,22,0,1,,High,Warm,1,High
P0046,Lathe_M1,Idle,20,10,Yes,Morning,Bearing_Stainless,38,17,7,Grinding_M2,Lathe_M1,9,1,0,0,High,Normal,1,Low
P0208,Polishing_M3,Busy,14,25,Yes,Evening,Bearing_Stainless,74,29,46,Packaging_Line,Lathe_M1,10,1,1,,Medium,Hot,0,Medium
P0449,Lathe_M1,Maintenance,22,7,Yes,Evening,Bearing_Steel_Chrome,25,4,41,Polishing_M3,Polishing_M3,7,1,2,,High,Normal,1,Low
P0218,Polishing_M3,Overloaded,2,40,No,Night,Bearing_Stainless,73,4,59,Grinding_M2,Assembly_M4,4,0,3,2,Low,Hot,0,Low
P0006,Polishing_M3,Busy,1,18,No,Morning,Ceramic_Hybrid,61,22,6,Packaging_Line,Polishing_M3,15,0,1,0,Low,Warm,0,Medium
P0175,Assembly_M4,Maintenance,10,26,Yes,Night,Ceramic_Hybrid,34,21,34,Assembly_M4,Lathe_M1,1,1,2,2,Medium,Normal,0,Low
P0250,Polishing_M3,Idle,18,29,No,Morning,Bearing_Stainless,82,24,58,Polishing_M3,Lathe_M1,14,0,0,0,High,Hot,1,Medium
P0149,Polishing_M3,Maintenance,0,36,No,Evening,Bearing_Steel_Chrome,49,10,21,Assembly_M4,Grinding_M2,14,0,2,,Low,Normal,0,Medium
P0346,Polishing_M3,Maintenance,12,17,No,Evening,Ceramic_Hybrid,62,8,6,Grinding_M2,Polishing_M3,26,0,2,,Medium,Warm,0,High
P0100,Lathe_M1,Busy,7,10,No,Evening,Bearing_Stainless,49,4,22,Polishing_M3,Assembly_M4,18,0,1,,Medium,Normal,0,Medium
P0064,Assembly_M4,Overloaded,21,42,No,Night,Bearing_Stainless,67,4,52,Grinding_M2,Grinding_M2,5,0,3,2,High,Warm,1,Low
P0495,Assembly_M4,Idle,23,38,No,Evening,Bearing_Steel_Chrome,71,17,43,Grinding_M2,Assembly_M4,16,0,0,,High,Hot,1,Medium
P0199,Grinding_M2,Maintenance,23,40,No,Morning,Bearing_Steel_Chrome,52,17,53,Assembly_M4,Grinding_M2,2,0,2,0,High,Warm,1,Low
P0139,Assembly_M4,Maintenance,15,40,No,Night,Bearing_Steel_Chrome,31,19,10,Grinding_M2,Assembly_M4,18,0,2,2,High,Normal,1,Medium
P0190,Assembly_M4,Idle,6,38,No,Night,Bearing_Stainless,75,10,33,Assembly_M4,Lathe_M1,4,0,0,2,Medium,Hot,0,Low
P0081,Lathe_M1,Overloaded,13,9,No,Morning,Bearing_Steel_Chrome,49,8,12,Grinding_M2,Grinding_M2,15,0,3,0,Medium,Normal,0,Medium
P0166,Grinding_M2,Overloaded,18,15,Yes,Morning,Bearing_Stainless,44,24,40,Polishing_M3,Polishing_M3,18,1,3,0,High,Normal,1,Medium
P0424,Assembly_M4,Busy,13,42,Yes,Night,Bearing_Stainless,49,17,22,Assembly_M4,Assembly_M4,1,1,1,2,Medium,Normal,0,Low
P0450,Lathe_M1,Maintenance,7,5,Yes,Morning,Bearing_Stainless,25,20,25,Grinding_M2,Polishing_M3,29,1,2,0,Medium,Normal,0,High
P0396,Grinding_M2,Busy,24,31,No,Night,Bearing_Steel_Chrome,34,19,16,Assembly_M4,Grinding_M2,28,0,1,2,High,Normal,1,High
P0393,Lathe_M1,Idle,16,36,Yes,Night,Bearing_Stainless,57,9,46,Assembly_M4,Assembly_M4,26,1,0,2,High,Warm,1,High
P0009,Polishing_M3,Idle,9,6,No,Night,Bearing_Steel_Chrome,59,3,10,Polishing_M3,Grinding_M2,23,0,0,2,Medium,Warm,0,High
P0065,Lathe_M1,Busy,11,32,Yes,Morning,Ceramic_Hybrid,39,20,16,Assembly_M4,Polishing_M3,18,1,1,0,Medium,Normal,0,Medium
P0456,Grinding_M2,Busy,15,6,No,Night,Ceramic_Hybrid,35,13,41,Grinding_M2,Polishing_M3,27,0,1,2,High,Normal,1,High
P0442,Lathe_M1,Maintenance,23,42,Yes,Evening,Ceramic_Hybrid,49,12,25,Polishing_M3,Assembly_M4,10,1,2,,High,Normal,1,Medium
P0449,Assembly_M4,Idle,3,13,No,Morning,Bearing_Steel_Chrome,36,11,50,Grinding_M2,Lathe_M1,5,0,0,0,Low,Normal,0,Low
P0219,Grinding_M2,Idle,0,9,Yes,Morning,Bearing_Stainless,40,6,41,Grinding_M2,Lathe_M1,29,1,0,0,Low,Normal,0,High
P0335,Lathe_M1,Busy,17,33,No,Morning,Bearing_Stainless,30,22,22,Polishing_M3,Assembly_M4,28,0,1,0,High,Normal,1,High
P0177,Assembly_M4,Maintenance,9,35,Yes,Night,Bearing_Stainless,80,23,15,Assembly_M4,Assembly_M4,26,1,2,2,Medium,Hot,0,High
P0232,Polishing_M3,Overloaded,18,31,Yes,Evening,Bearing_Steel_Chrome,83,21,7,Assembly_M4,Grinding_M2,16,1,3,,High,Hot,1,Medium
P0101,Assembly_M4,Idle,6,33,No,Evening,Bearing_Stainless,39,9,59,Polishing_M3,Grinding_M2,17,0,0,,Medium,Normal,0,Medium
P0328,Polishing_M3,Idle,0,33,No,Morning,Bearing_Steel_Chrome,77,9,50,Packaging_Line,Grinding_M2,10,0,0,0,Low,Hot,0,Medium
P0284,Lathe_M1,Overloaded,18,12,Yes,Morning,Bearing_Stainless,75,5,46,Assembly_M4,Polishing_M3,23,1,3,0,High,Hot,1,High
P0118,Grinding_M2,Maintenance,2,40,Yes,Morning,Bearing_Stainless,72,25,40,Packaging_Line,Assembly_M4,25,1,2,0,Low,Hot,0,High
P0243,Assembly_M4,Maintenance,19,21,No,Night,Bearing_Steel_Chrome,47,26,52,Polishing_M3,Assembly_M4,28,0,2,2,High,Normal,1,High
P0154,Polishing_M3,Maintenance,24,35,Yes,Night,Ceramic_Hybrid,30,4,56,Polishing_M3,Lathe_M1,24,1,2,2,High,Normal,1,High
P0321,Assembly_M4,Overloaded,3,44,Yes,Morning,Ceramic_Hybrid,44,10,58,Polishing_M3,Assembly_M4,1,1,3,0,Low,Normal,0,Low
P0285,Polishing_M3,Idle,12,30,Yes,Evening,Ceramic_Hybrid,58,24,14,Polishing_M3,Assembly_M4,23,1,0,,Medium,Warm,0,High
P0066,Lathe_M1,Busy,18,28,No,Evening,Ceramic_Hybrid,37,27,50,Grinding_M2,Polishing_M3,27,0,1,,High,Normal,1,High
P0405,Polishing_M3,Idle,10,14,Yes,Night,Bearing_Steel_Chrome,55,8,14,Grinding_M2,Assembly_M4,24,1,0,2,Medium,Warm,0,High
P0042,Polishing_M3,Overloaded,0,18,No,Morning,Ceramic_Hybrid,59,14,38,Packaging_Line,Polishing_M3,17,0,3,0,Low,Warm,0,Medium
P0181,Assembly_M4,Overloaded,20,36,No,Morning,Bearing_Steel_Chrome,27,27,19,Grinding_M2,Assembly_M4,8,0,3,0,High,Normal,1,Low
P0050,Lathe_M1,Overloaded,5,30,Yes,Morning,Bearing_Steel_Chrome,54,10,36,Assembly_M4,Assembly_M4,11,1,3,0,Medium,Warm,0,Medium
P0085,Assembly_M4,Maintenance,21,38,Yes,Morning,Bearing_Steel_Chrome,65,19,23,Grinding_M2,Grinding_M2,22,1,2,0,High,Warm,1,High
P0406,Polishing_M3,Idle,17,41,No,Evening,Ceramic_Hybrid,42,13,8,Packaging_Line,Polishing_M3,15,0,0,,High,Normal,1,Medium
P0379,Polishing_M3,Maintenance,10,31,Yes,Night,Ceramic_Hybrid,75,6,10,Grinding_M2,Assembly_M4,13,1,2,2,Medium,Hot,0,Medium
P0263,Assembly_M4,Busy,22,29,Yes,Morning,Bearing_Stainless,70,5,56,Polishing_M3,Assembly_M4,23,1,1,0,High,Hot,1,High
P0311,Polishing_M3,Idle,11,19,No,Evening,Bearing_Steel_Chrome,50,11,15,Polishing_M3,Assembly_M4,9,0,0,,Medium,Warm,0,Low
P0463,Polishing_M3,Busy,10,6,Yes,Morning,Bearing_Steel_Chrome,69,28,58,Polishing_M3,Grinding_M2,26,1,1,0,Medium,Warm,0,High
P0096,Grinding_M2,Overloaded,7,25,No,Night,Bearing_Steel_Chrome,45,9,5,Packaging_Line,Lathe_M1,6,0,3,2,Medium,Normal,0,Low
P0149,Assembly_M4,Idle,12,13,Yes,Evening,Ceramic_Hybrid,52,7,51,Polishing_M3,Assembly_M4,23,1,0,,Medium,Warm,0,High
P0285,Assembly_M4,Overloaded,15,40,No,Evening,Ceramic_Hybrid,84,27,21,Packaging_Line,Polishing_M3,9,0,3,,High,Hot,1,Low
P0004,Assembly_M4,Busy,11,26,Yes,Evening,Bearing_Stainless,75,21,16,Packaging_Line,Polishing_M3,22,1,1,,Medium,Hot,0,High
P0206,Lathe_M1,Busy,5,13,No,Evening,Ceramic_Hybrid,76,6,57,Polishing_M3,Grinding_M2,3,0,1,,Medium,Hot,0,Low
P0438,Grinding_M2,Busy,1,12,Yes,Night,Ceramic_Hybrid,34,16,45,Polishing_M3,Lathe_M1,10,1,1,2,Low,Normal,0,Medium
P0298,Grinding_M2,Maintenance,10,13,Yes,Evening,Ceramic_Hybrid,38,6,31,Assembly_M4,Assembly_M4,9,1,2,,Medium,Normal,0,Low
P0069,Assembly_M4,Overloaded,3,6,Yes,Night,Bearing_Steel_Chrome,75,2,25,Polishing_M3,Lathe_M1,1,1,3,2,Low,Hot,0,Low
P0465,Polishing_M3,Overloaded,11,15,No,Night,Bearing_Steel_Chrome,25,15,15,Grinding_M2,Assembly_M4,29,0,3,2,Medium,Normal,0,High
P0206,Assembly_M4,Busy,6,6,No,Night,Bearing_Stainless,39,9,58,Polishing_M3,Lathe_M1,20,0,1,2,Medium,Normal,0,High
P0094,Grinding_M2,Overloaded,24,30,No,Morning,Bearing_Stainless,64,11,55,Assembly_M4,Lathe_M1,3,0,3,0,High,Warm,1,Low
P0058,Polishing_M3,Maintenance,19,25,No,Morning,Bearing_Steel_Chrome,84,26,42,Assembly_M4,Grinding_M2,8,0,2,0,High,Hot,1,Low
P0061,Lathe_M1,Maintenance,10,36,Yes,Evening,Ceramic_Hybrid,32,13,14,Grinding_M2,Assembly_M4,23,1,2,,Medium,Normal,0,High
P0388,Lathe_M1,Overloaded,3,42,Yes,Evening,Bearing_Stainless,54,10,27,Grinding_M2,Lathe_M1,5,1,3,,Low,Warm,0,Low
P0353,Assembly_M4,Overloaded,20,10,No,Evening,Ceramic_Hybrid,73,18,29,Assembly_M4,Polishing_M3,24,0,3,,High,Hot,1,High
P0086,Lathe_M1,Idle,21,17,No,Night,Bearing_Steel_Chrome,41,15,38,Grinding_M2,Grinding_M2,26,0,0,2,High,Normal,1,High
P0391,Assembly_M4,Idle,18,30,No,Evening,Ceramic_Hybrid,84,4,6,Packaging_Line,Grinding_M2,28,0,0,,High,Hot,1,High
P0251,Assembly_M4,Maintenance,1,26,No,Night,Bearing_Stainless,31,5,53,Packaging_Line,Assembly_M4,6,0,2,2,Low,Normal,0,Low
P0188,Grinding_M2,Overloaded,6,24,No,Morning,Bearing_Steel_Chrome,30,10,56,Assembly_M4,Lathe_M1,28,0,3,0,Medium,Normal,0,High
P0249,Polishing_M3,Busy,3,30,No,Morning,Ceramic_Hybrid,52,6,55,Grinding_M2,Polishing_M3,10,0,1,0,Low,Warm,0,Medium
P0092,Assembly_M4,Maintenance,17,19,Yes,Morning,Bearing_Steel_Chrome,81,2,9,Grinding_M2,Assembly_M4,5,1,2,0,High,Hot,1,Low
P0435,Assembly_M4,Busy,7,26,No,Morning,Bearing_Steel_Chrome,46,23,56,Grinding_M2,Lathe_M1,15,0,1,0,Medium,Normal,0,Medium
P0042,Grinding_M2,Busy,16,32,No,Evening,Ceramic_Hybrid,83,23,25,Grinding_M2,Polishing_M3,10,0,1,,High,Hot,1,Medium
P0145,Grinding_M2,Idle,16,9,No,Evening,Bearing_Stainless,42,18,8,Polishing_M3,Lathe_M1,22,0,0,,High,Normal,1,High
P0134,Lathe_M1,Busy,6,29,Yes,Night,Ceramic_Hybrid,61,9,44,Packaging_Line,Lathe_M1,11,1,1,2,Medium,Warm,0,Medium
P0410,Assembly_M4,Overloaded,8,23,No,Night,Ceramic_Hybrid,75,10,27,Grinding_M2,Polishing_M3,20,0,3,2,Medium,Hot,0,High
P0430,Lathe_M1,Overloaded,16,43,No,Morning,Ceramic_Hybrid,82,23,39,Grinding_M2,Assembly_M4,21,0,3,0,High,Hot,1,High
P0233,Assembly_M4,Maintenance,18,44,Yes,Evening,Bearing_Stainless,61,27,10,Polishing_M3,Lathe_M1,2,1,2,,High,Warm,1,Low
P0300,Assembly_M4,Busy,23,36,Yes,Morning,Bearing_Steel_Chrome,49,20,17,Packaging_Line,Grinding_M2,6,1,1,0,High,Normal,1,Low
P0222,Polishing_M3,Idle,5,6,Yes,Morning,Bearing_Stainless,82,25,9,Packaging_Line,Assembly_M4,11,1,0,0,Medium,Hot,0,Medium
P0082,Polishing_M3,Overloaded,10,28,No,Morning,Ceramic_Hybrid,38,14,34,Assembly_M4,Polishing_M3,8,0,3,0,Medium,Normal,0,Low
P0469,Assembly_M4,Idle,14,39,Yes,Evening,Bearing_Stainless,45,24,9,Grinding_M2,Lathe_M1,6,1,0,,Medium,Normal,0,Low
P0060,Polishing_M3,Overloaded,1,44,Yes,Evening,Ceramic_Hybrid,61,23,53,Packaging_Line,Grinding_M2,26,1,3,,Low,Warm,0,High
P0321,Grinding_M2,Maintenance,1,15,Yes,Night,Bearing_Stainless,60,12,13,Assembly_M4,Assembly_M4,6,1,2,2,Low,Warm,0,Low
P0261,Assembly_M4,Busy,23,38,Yes,Night,Bearing_Stainless,82,16,41,Packaging_Line,Grinding_M2,28,1,1,2,High,Hot,1,High
P0483,Polishing_M3,Maintenance,11,36,No,Night,Bearing_Stainless,41,5,46,Polishing_M3,Grinding_M2,1,0,2,2,Medium,Normal,0,Low
P0438,Assembly_M4,Overloaded,10,13,No,Evening,Bearing_Steel_Chrome,58,8,55,Polishing_M3,Assembly_M4,18,0,3,,Medium,Warm,0,Medium
P0103,Grinding_M2,Maintenance,19,43,No,Evening,Ceramic_Hybrid,47,10,48,Packaging_Line,Polishing_M3,29,0,2,,High,Normal,1,High
P0305,Assembly_M4,Overloaded,2,27,No,Night,Bearing_Stainless,78,27,52,Packaging_Line,Assembly_M4,7,0,3,2,Low,Hot,0,Low
P0317,Polishing_M3,Overloaded,22,41,No,Night,Bearing_Steel_Chrome,81,24,43,Assembly_M4,Polishing_M3,28,0,3,2,High,Hot,1,High
P0432,Grinding_M2,Overloaded,18,34,No,Evening,Bearing_Stainless,45,25,25,Grinding_M2,Grinding_M2,26,0,3,,High,Normal,1,High
P0130,Lathe_M1,Overloaded,18,40,Yes,Evening,Bearing_Stainless,50,2,40,Polishing_M3,Lathe_M1,4,1,3,,High,Warm,1,Low
P0287,Polishing_M3,Maintenance,8,12,No,Morning,Ceramic_Hybrid,26,24,10,Assembly_M4,Polishing_M3,23,0,2,0,Medium,Normal,0,High
P0450,Lathe_M1,Idle,10,40,No,Evening,Bearing_Stainless,70,22,26,Grinding_M2,Assembly_M4,9,0,0,,Medium,Hot,0,Low
P0269,Lathe_M1,Overloaded,1,30,Yes,Night,Bearing_Steel_Chrome,25,5,48,Polishing_M3,Polishing_M3,5,1,3,2,Low,Normal,0,Low
P0474,Assembly_M4,Idle,8,26,Yes,Night,Ceramic_Hybrid,28,17,6,Grinding_M2,Grinding_M2,16,1,0,2,Medium,Normal,0,Medium
P0209,Assembly_M4,Overloaded,15,26,Yes,Night,Bearing_Stainless,67,2,19,Grinding_M2,Assembly_M4,24,1,3,2,High,Warm,1,High
P0114,Assembly_M4,Idle,3,22,Yes,Evening,Bearing_Steel_Chrome,41,8,54,Assembly_M4,Lathe_M1,13,1,0,,Low,Normal,0,Medium
P0370,Assembly_M4,Idle,19,14,Yes,Night,Bearing_Stainless,25,3,53,Grinding_M2,Polishing_M3,22,1,0,2,High,Normal,1,High
P0053,Lathe_M1,Idle,2,21,No,Evening,Ceramic_Hybrid,36,25,34,Polishing_M3,Assembly_M4,12,0,0,,Low,Normal,0,Medium
P0324,Assembly_M4,Idle,19,11,Yes,Evening,Bearing_Stainless,66,19,58,Packaging_Line,Polishing_M3,6,1,0,,High,Warm,1,Low
P0332,Assembly_M4,Overloaded,6,34,No,Evening,Ceramic_Hybrid,36,18,35,Grinding_M2,Grinding_M2,18,0,3,,Medium,Normal,0,Medium
P0112,Grinding_M2,Maintenance,13,6,Yes,Night,Ceramic_Hybrid,77,2,15,Packaging_Line,Polishing_M3,2,1,2,2,Medium,Hot,0,Low
P0058,Polishing_M3,Idle,15,39,Yes,Night,Ceramic_Hybrid,76,2,25,Assembly_M4,Lathe_M1,20,1,0,2,High,Hot,1,High
P0028,Lathe_M1,Busy,7,30,Yes,Night,Bearing_Stainless,57,27,41,Packaging_Line,Lathe_M1,1,1,1,2,Medium,Warm,0,Low
P0248,Lathe_M1,Overloaded,10,9,Yes,Evening,Bearing_Stainless,26,14,22,Assembly_M4,Assembly_M4,26,1,3,,Medium,Normal,0,High
P0244,Assembly_M4,Idle,24,18,Yes,Morning,Bearing_Steel_Chrome,29,28,46,Packaging_Line,Lathe_M1,20,1,0,0,High,Normal,1,High
P0135,Polishing_M3,Idle,1,8,No,Evening,Ceramic_Hybrid,36,12,8,Assembly_M4,Polishing_M3,11,0,0,,Low,Normal,0,Medium
P0362,Assembly_M4,Idle,8,14,No,Morning,Bearing_Stainless,51,7,19,Polishing_M3,Assembly_M4,10,0,0,0,Medium,Warm,0,Medium
P0017,Grinding_M2,Maintenance,21,10,Yes,Night,Bearing_Stainless,57,22,58,Packaging_Line,Polishing_M3,24,1,2,2,High,Warm,1,High
P0222,Assembly_M4,Busy,19,34,No,Morning,Ceramic_Hybrid,45,5,59,Grinding_M2,Grinding_M2,26,0,1,0,High,Normal,1,High
P0308,Grinding_M2,Idle,21,24,No,Morning,Bearing_Steel_Chrome,46,21,44,Grinding_M2,Grinding_M2,11,0,0,0,High,Normal,1,Medium
P0097,Assembly_M4,Maintenance,14,35,No,Evening,Ceramic_Hybrid,75,9,17,Assembly_M4,Lathe_M1,18,0,2,,Medium,Hot,0,Medium
P0359,Grinding_M2,Idle,21,21,No,Evening,Ceramic_Hybrid,62,26,36,Packaging_Line,Lathe_M1,15,0,0,,High,Warm,1,Medium
P0172,Lathe_M1,Maintenance,12,30,Yes,Morning,Ceramic_Hybrid,74,12,17,Packaging_Line,Polishing_M3,1,1,2,0,Medium,Hot,0,Low
P0061,Lathe_M1,Maintenance,17,41,No,Morning,Bearing_Stainless,62,2,43,Grinding_M2,Assembly_M4,27,0,2,0,High,Warm,1,High
P0271,Grinding_M2,Overloaded,3,36,No,Night,Ceramic_Hybrid,65,16,35,Assembly_M4,Grinding_M2,6,0,3,2,Low,Warm,0,Low
P0413,Lathe_M1,Idle,24,22,No,Night,Bearing_Stainless,46,5,13,Packaging_Line,Grinding_M2,14,0,0,2,High,Normal,1,Medium
P0222,Polishing_M3,Overloaded,2,37,Yes,Evening,Bearing_Stainless,51,12,5,Polishing_M3,Assembly_M4,12,1,3,,Low,Warm,0,Medium
P0095,Lathe_M1,Busy,24,13,Yes,Morning,Bearing_Stainless,29,16,54,Polishing_M3,Assembly_M4,9,1,1,0,High,Normal,1,Low
P0412,Polishing_M3,Idle,12,32,Yes,Evening,Bearing_Stainless,37,25,49,Assembly_M4,Polishing_M3,27,1,0,,Medium,Normal,0,High
P0486,Polishing_M3,Overloaded,9,26,Yes,Night,Ceramic_Hybrid,63,29,26,Assembly_M4,Grinding_M2,5,1,3,2,Medium,Warm,0,Low
P0013,Grinding_M2,Idle,19,43,Yes,Evening,Ceramic_Hybrid,44,11,14,Assembly_M4,Assembly_M4,26,1,0,,High,Normal,1,High
P0003,Polishing_M3,Idle,24,32,No,Night,Ceramic_Hybrid,37,16,10,Grinding_M2,Lathe_M1,20,0,0,2,High,Normal,1,High
P0381,Polishing_M3,Idle,11,23,Yes,Night,Bearing_Steel_Chrome,56,12,42,Polishing_M3,Assembly_M4,1,1,0,2,Medium,Warm,0,Low
P0196,Grinding_M2,Idle,1,19,Yes,Night,Bearing_Steel_Chrome,60,6,19,Polishing_M3,Polishing_M3,11,1,0,2,Low,Warm,0,Medium
P0436,Assembly_M4,Overloaded,9,21,No,Morning,Bearing_Steel_Chrome,58,21,28,Grinding_M2,Assembly_M4,10,0,3,0,Medium,Warm,0,Medium
P0306,Lathe_M1,Overloaded,19,34,No,Morning,Bearing_Steel_Chrome,27,20,41,Packaging_Line,Grinding_M2,3,0,3,0,High,Normal,1,Low
P0474,Grinding_M2,Busy,7,9,Yes,Morning,Ceramic_Hybrid,52,13,18,Assembly_M4,Grinding_M2,7,1,1,0,Medium,Warm,0,Low
P0048,Polishing_M3,Busy,10,12,Yes,Evening,Bearing_Steel_Chrome,61,9,16,Polishing_M3,Lathe_M1,15,1,1,,Medium,Warm,0,Medium
P0341,Grinding_M2,Busy,18,32,No,Night,Bearing_Steel_Chrome,31,9,11,Grinding_M2,Polishing_M3,18,0,1,2,High,Normal,1,Medium
P0271,Lathe_M1,Busy,23,10,Yes,Morning,Bearing_Stainless,82,20,8,Assembly_M4,Polishing_M3,23,1,1,0,High,Hot,1,High
P0363,Assembly_M4,Idle,2,10,No,Evening,Bearing_Stainless,50,13,55,Packaging_Line,Grinding_M2,6,0,0,,Low,Warm,0,Low
P0301,Grinding_M2,Overloaded,10,33,No,Night,Ceramic_Hybrid,44,11,30,Assembly_M4,Grinding_M2,16,0,3,2,Medium,Normal,0,Medium
P0270,Lathe_M1,Overloaded,17,18,Yes,Night,Bearing_Steel_Chrome,60,28,16,Packaging_Line,Grinding_M2,20,1,3,2,High,Warm,1,High
P0441,Grinding_M2,Idle,22,25,No,Evening,Bearing_Steel_Chrome,32,8,13,Assembly_M4,Lathe_M1,24,0,0,,High,Normal,1,High
P0259,Polishing_M3,Idle,24,21,No,Evening,Ceramic_Hybrid,66,29,7,Packaging_Line,Assembly_M4,21,0,0,,High,Warm,1,High
P0397,Lathe_M1,Overloaded,24,12,No,Night,Bearing_Steel_Chrome,38,27,43,Polishing_M3,Lathe_M1,16,0,3,2,High,Normal,1,Medium
P0480,Lathe_M1,Maintenance,17,35,No,Evening,Bearing_Stainless,35,7,24,Packaging_Line,Assembly_M4,21,0,2,,High,Normal,1,High
P0053,Polishing_M3,Busy,13,8,No,Night,Ceramic_Hybrid,44,21,15,Assembly_M4,Lathe_M1,18,0,1,2,Medium,Normal,0,Medium
P0454,Polishing_M3,Busy,0,22,Yes,Night,Bearing_Stainless,63,13,37,Assembly_M4,Assembly_M4,22,1,1,2,Low,Warm,0,High
P0365,Polishing_M3,Busy,3,22,Yes,Evening,Bearing_Steel_Chrome,71,4,43,Packaging_Line,Assembly_M4,6,1,1,,Low,Hot,0,Low
P0305,Polishing_M3,Overloaded,14,10,No,Night,Ceramic_Hybrid,32,9,26,Polishing_M3,Polishing_M3,1,0,3,2,Medium,Normal,0,Low
P0441,Polishing_M3,Busy,12,28,Yes,Night,Ceramic_Hybrid,45,14,47,Polishing_M3,Grinding_M2,4,1,1,2,Medium,Normal,0,Low
P0229,Assembly_M4,Overloaded,6,16,No,Evening,Bearing_Stainless,83,14,58,Packaging_Line,Assembly_M4,12,0,3,,Medium,Hot,0,Medium
P0140,Polishing_M3,Idle,15,10,No,Evening,Ceramic_Hybrid,38,20,52,Grinding_M2,Grinding_M2,27,0,0,,High,Normal,1,High
P0112,Assembly_M4,Idle,3,41,No,Night,Ceramic_Hybrid,65,25,39,Polishing_M3,Assembly_M4,22,0,0,2,Low,Warm,0,High
P0306,Assembly_M4,Busy,9,21,Yes,Evening,Bearing_Steel_Chrome,75,11,34,Assembly_M4,Polishing_M3,12,1,1,,Medium,Hot,0,Medium
P0458,Polishing_M3,Overloaded,22,11,No,Night,Ceramic_Hybrid,42,20,19,Packaging_Line,Assembly_M4,7,0,3,2,High,Normal,1,Low
P0459,Polishing_M3,Busy,11,26,No,Evening,Bearing_Steel_Chrome,63,11,58,Polishing_M3,Polishing_M3,28,0,1,,Medium,Warm,0,High
P0404,Assembly_M4,Maintenance,19,36,Yes,Morning,Bearing_Stainless,66,26,27,Assembly_M4,Grinding_M2,5,1,2,0,High,Warm,1,Low
P0176,Lathe_M1,Idle,17,34,No,Evening,Bearing_Stainless,72,8,31,Assembly_M4,Lathe_M1,25,0,0,,High,Hot,1,High
P0193,Polishing_M3,Busy,9,41,Yes,Morning,Bearing_Stainless,31,6,19,Polishing_M3,Assembly_M4,19,1,1,0,Medium,Normal,0,Medium
P0204,Polishing_M3,Idle,9,12,Yes,Evening,Bearing_Stainless,80,10,15,Grinding_M2,Grinding_M2,28,1,0,,Medium,Hot,0,High
P0142,Lathe_M1,Maintenance,21,38,Yes,Morning,Bearing_Stainless,59,14,15,Assembly_M4,Polishing_M3,28,1,2,0,High,Warm,1,High
P0173,Grinding_M2,Overloaded,9,19,No,Evening,Ceramic_Hybrid,62,2,50,Assembly_M4,Polishing_M3,18,0,3,,Medium,Warm,0,Medium
P0473,Assembly_M4,Idle,23,44,Yes,Evening,Ceramic_Hybrid,46,4,18,Polishing_M3,Grinding_M2,2,1,0,,High,Normal,1,Low
P0191,Assembly_M4,Maintenance,15,42,No,Night,Bearing_Steel_Chrome,57,15,46,Assembly_M4,Lathe_M1,6,0,2,2,High,Warm,1,Low
P0155,Lathe_M1,Busy,8,43,No,Night,Bearing_Steel_Chrome,49,3,15,Assembly_M4,Grinding_M2,14,0,1,2,Medium,Normal,0,Medium
P0041,Assembly_M4,Busy,4,11,No,Evening,Ceramic_Hybrid,81,15,52,Packaging_Line,Polishing_M3,22,0,1,,Low,Hot,0,High
P0393,Grinding_M2,Busy,15,43,No,Night,Bearing_Steel_Chrome,34,22,10,Polishing_M3,Assembly_M4,17,0,1,2,High,Normal,1,Medium
P0285,Assembly_M4,Busy,0,38,Yes,Morning,Ceramic_Hybrid,83,15,40,Packaging_Line,Lathe_M1,27,1,1,0,Low,Hot,0,High
P0269,Polishing_M3,Busy,8,10,Yes,Morning,Bearing_Stainless,55,18,57,Assembly_M4,Grinding_M2,11,1,1,0,Medium,Warm,0,Medium
P0306,Lathe_M1,Busy,3,25,Yes,Evening,Bearing_Steel_Chrome,51,10,32,Polishing_M3,Lathe_M1,16,1,1,,Low,Warm,0,Medium
P0083,Assembly_M4,Overloaded,2,40,Yes,Morning,Ceramic_Hybrid,80,4,49,Polishing_M3,Grinding_M2,19,1,3,0,Low,Hot,0,Medium
P0363,Grinding_M2,Maintenance,24,25,Yes,Evening,Ceramic_Hybrid,82,2,27,Grinding_M2,Grinding_M2,23,1,2,,High,Hot,1,High
P0466,Lathe_M1,Idle,5,36,No,Night,Bearing_Steel_Chrome,46,4,39,Grinding_M2,Grinding_M2,16,0,0,2,Medium,Normal,0,Medium
P0271,Polishing_M3,Overloaded,9,29,No,Night,Bearing_Steel_Chrome,41,8,17,Packaging_Line,Assembly_M4,28,0,3,2,Medium,Normal,0,High
P0222,Assembly_M4,Idle,10,14,No,Morning,Ceramic_Hybrid,63,25,42,Grinding_M2,Grinding_M2,24,0,0,0,Medium,Warm,0,High
P0154,Lathe_M1,Idle,0,21,No,Morning,Ceramic_Hybrid,81,13,40,Packaging_Line,Assembly_M4,3,0,0,0,Low,Hot,0,Low
P0150,Assembly_M4,Overloaded,5,20,Yes,Night,Bearing_Stainless,69,29,45,Assembly_M4,Polishing_M3,26,1,3,2,Medium,Warm,0,High
P0435,Lathe_M1,Overloaded,10,29,No,Night,Ceramic_Hybrid,55,22,49,Polishing_M3,Grinding_M2,23,0,3,2,Medium,Warm,0,High
P0390,Assembly_M4,Maintenance,18,7,No,Morning,Bearing_Stainless,36,20,44,Assembly_M4,Lathe_M1,14,0,2,0,High,Normal,1,Medium
P0350,Assembly_M4,Maintenance,21,29,No,Evening,Ceramic_Hybrid,80,18,42,Polishing_M3,Polishing_M3,4,0,2,,High,Hot,1,Low
P0199,Assembly_M4,Busy,3,23,No,Evening,Bearing_Stainless,68,26,6,Polishing_M3,Polishing_M3,17,0,1,,Low,Warm,0,Medium
P0128,Lathe_M1,Overloaded,14,14,No,Evening,Bearing_Stainless,59,21,40,Assembly_M4,Grinding_M2,22,0,3,,Medium,Warm,0,High
P0101,Polishing_M3,Busy,0,5,Yes,Night,Bearing_Stainless,42,5,59,Grinding_M2,Assembly_M4,22,1,1,2,Low,Normal,0,High
P0138,Assembly_M4,Maintenance,14,31,No,Night,Ceramic_Hybrid,49,24,32,Grinding_M2,Lathe_M1,21,0,2,2,Medium,Normal,0,High
P0339,Grinding_M2,Idle,21,29,Yes,Morning,Ceramic_Hybrid,41,28,58,Polishing_M3,Polishing_M3,12,1,0,0,High,Normal,1,Medium
P0197,Assembly_M4,Idle,19,16,Yes,Morning,Bearing_Steel_Chrome,40,6,20,Packaging_Line,Grinding_M2,17,1,0,0,High,Normal,1,Medium
P0118,Assembly_M4,Overloaded,22,35,Yes,Evening,Ceramic_Hybrid,39,14,44,Grinding_M2,Grinding_M2,27,1,3,,High,Normal,1,High
P0264,Assembly_M4,Maintenance,20,6,No,Night,Ceramic_Hybrid,32,11,11,Assembly_M4,Assembly_M4,10,0,2,2,High,Normal,1,Medium
P0257,Grinding_M2,Busy,24,8,No,Evening,Bearing_Stainless,67,10,40,Packaging_Line,Polishing_M3,3,0,1,,High,Warm,1,Low
P0346,Assembly_M4,Maintenance,10,7,No,Evening,Ceramic_Hybrid,82,19,55,Packaging_Line,Lathe_M1,14,0,2,,Medium,Hot,0,Medium
P0028,Polishing_M3,Overloaded,23,28,Yes,Night,Bearing_Steel_Chrome,56,3,6,Packaging_Line,Assembly_M4,2,1,3,2,High,Warm,1,Low
P0334,Assembly_M4,Overloaded,9,27,No,Night,Bearing_Stainless,39,23,16,Polishing_M3,Assembly_M4,11,0,3,2,Medium,Normal,0,Medium
P0469,Grinding_M2,Idle,16,22,No,Morning,Bearing_Stainless,38,18,19,Packaging_Line,Lathe_M1,12,0,0,0,High,Normal,1,Medium
P0131,Assembly_M4,Overloaded,15,36,Yes,Evening,Bearing_Stainless,47,7,38,Polishing_M3,Lathe_M1,2,1,3,,High,Normal,1,Low
P0032,Polishing_M3,Idle,15,38,Yes,Night,Ceramic_Hybrid,64,8,37,Packaging_Line,Assembly_M4,4,1,0,2,High,Warm,1,Low
P0129,Assembly_M4,Busy,10,11,No,Morning,Bearing_Steel_Chrome,42,5,53,Polishing_M3,Polishing_M3,29,0,1,0,Medium,Normal,0,High
P0043,Lathe_M1,Overloaded,10,24,Yes,Evening,Bearing_Stainless,35,16,50,Assembly_M4,Lathe_M1,17,1,3,,Medium,Normal,0,Medium
P0121,Grinding_M2,Overloaded,1,16,No,Morning,Ceramic_Hybrid,66,29,52,Grinding_M2,Polishing_M3,3,0,3,0,Low,Warm,0,Low
P0097,Grinding_M2,Idle,7,31,No,Evening,Bearing_Stainless,46,23,28,Polishing_M3,Grinding_M2,2,0,0,,Medium,Normal,0,Low
P0438,Assembly_M4,Busy,21,5,No,Morning,Bearing_Steel_Chrome,38,26,40,Polishing_M3,Lathe_M1,4,0,1,0,High,Normal,1,Low
P0001,Assembly_M4,Busy,8,7,Yes,Night,Bearing_Stainless,29,2,58,Grinding_M2,Lathe_M1,19,1,1,2,Medium,Normal,0,Medium
P0187,Grinding_M2,Idle,0,34,Yes,Night,Bearing_Stainless,36,11,38,Assembly_M4,Assembly_M4,16,1,0,2,Low,Normal,0,Medium
P0461,Polishing_M3,Maintenance,7,33,No,Night,Ceramic_Hybrid,39,17,15,Grinding_M2,Polishing_M3,12,0,2,2,Medium,Normal,0,Medium
P0434,Grinding_M2,Maintenance,1,40,Yes,Night,Bearing_Steel_Chrome,54,4,13,Assembly_M4,Assembly_M4,18,1,2,2,Low,Warm,0,Medium
P0049,Lathe_M1,Overloaded,18,43,Yes,Evening,Ceramic_Hybrid,28,7,55,Polishing_M3,Lathe_M1,1,1,3,,High,Normal,1,Low
P0160,Lathe_M1,Maintenance,15,15,No,Night,Ceramic_Hybrid,46,5,54,Assembly_M4,Lathe_M1,23,0,2,2,High,Normal,1,High
P0114,Lathe_M1,Maintenance,4,42,Yes,Morning,Ceramic_Hybrid,49,29,38,Polishing_M3,Grinding_M2,12,1,2,0,Low,Normal,0,Medium
P0056,Assembly_M4,Maintenance,21,13,No,Evening,Bearing_Steel_Chrome,84,21,33,Packaging_Line,Lathe_M1,12,0,2,,High,Hot,1,Medium
P0145,Assembly_M4,Idle,12,31,Yes,Morning,Bearing_Stainless,78,24,21,Polishing_M3,Lathe_M1,5,1,0,0,Medium,Hot,0,Low
P0313,Grinding_M2,Maintenance,19,17,No,Morning,Bearing_Steel_Chrome,66,16,19,Polishing_M3,Assembly_M4,18,0,2,0,High,Warm,1,Medium
P0218,Assembly_M4,Overloaded,17,6,No,Morning,Bearing_Steel_Chrome,47,12,17,Polishing_M3,Grinding_M2,11,0,3,0,High,Normal,1,Medium
P0206,Lathe_M1,Maintenance,3,29,No,Evening,Ceramic_Hybrid,35,19,52,Grinding_M2,Assembly_M4,10,0,2,,Low,Normal,0,Medium
P0391,Grinding_M2,Overloaded,11,17,No,Evening,Bearing_Stainless,33,28,57,Assembly_M4,Grinding_M2,13,0,3,,Medium,Normal,0,Medium
P0216,Assembly_M4,Idle,5,10,Yes,Night,Bearing_Steel_Chrome,67,20,47,Packaging_Line,Assembly_M4,10,1,0,2,Medium,Warm,0,Medium
P0383,Lathe_M1,Idle,22,19,No,Night,Bearing_Stainless,69,24,44,Grinding_M2,Lathe_M1,5,0,0,2,High,Warm,1,Low
P0004,Polishing_M3,Maintenance,1,20,No,Morning,Bearing_Stainless,69,20,45,Grinding_M2,Polishing_M3,15,0,2,0,Low,Warm,0,Medium
P0237,Lathe_M1,Busy,5,44,Yes,Morning,Ceramic_Hybrid,80,15,9,Grinding_M2,Assembly_M4,17,1,1,0,Medium,Hot,0,Medium
P0233,Grinding_M2,Idle,21,43,Yes,Evening,Bearing_Steel_Chrome,65,17,22,Polishing_M3,Grinding_M2,28,1,0,,High,Warm,1,High
P0009,Polishing_M3,Overloaded,12,5,No,Night,Ceramic_Hybrid,77,19,23,Assembly_M4,Lathe_M1,2,0,3,2,Medium,Hot,0,Low
P0446,Assembly_M4,Overloaded,3,7,No,Morning,Bearing_Stainless,65,11,32,Assembly_M4,Grinding_M2,2,0,3,0,Low,Warm,0,Low
P0075,Lathe_M1,Idle,6,23,Yes,Morning,Bearing_Stainless,66,25,56,Polishing_M3,Assembly_M4,14,1,0,0,Medium,Warm,0,Medium
P0350,Polishing_M3,Maintenance,3,7,No,Night,Ceramic_Hybrid,47,18,11,Assembly_M4,Lathe_M1,26,0,2,2,Low,Normal,0,High
P0294,Lathe_M1,Idle,10,22,Yes,Evening,Bearing_Steel_Chrome,84,15,50,Grinding_M2,Polishing_M3,6,1,0,,Medium,Hot,0,Low
P0364,Polishing_M3,Busy,8,39,No,Morning,Bearing_Steel_Chrome,41,29,16,Polishing_M3,Grinding_M2,4,0,1,0,Medium,Normal,0,Low
P0146,Assembly_M4,Overloaded,19,28,Yes,Morning,Bearing_Stainless,34,27,34,Polishing_M3,Grinding_M2,29,1,3,0,High,Normal,1,High
P0004,Polishing_M3,Maintenance,6,14,No,Night,Bearing_Stainless,63,24,32,Polishing_M3,Assembly_M4,18,0,2,2,Medium,Warm,0,Medium
P0359,Lathe_M1,Busy,8,21,No,Morning,Bearing_Stainless,35,2,21,Assembly_M4,Grinding_M2,4,0,1,0,Medium,Normal,0,Low
P0231,Assembly_M4,Busy,3,13,Yes,Morning,Bearing_Stainless,69,29,32,Grinding_M2,Polishing_M3,16,1,1,0,Low,Warm,0,Medium
P0226,Lathe_M1,Busy,0,7,Yes,Evening,Ceramic_Hybrid,75,9,54,Polishing_M3,Grinding_M2,6,1,1,,Low,Hot,0,Low
P0442,Grinding_M2,Maintenance,19,10,Yes,Evening,Ceramic_Hybrid,53,6,16,Assembly_M4,Assembly_M4,9,1,2,,High,Warm,1,Low
P0271,Lathe_M1,Maintenance,8,23,No,Night,Bearing_Stainless,41,23,52,Assembly_M4,Lathe_M1,12,0,2,2,Medium,Normal,0,Medium
P0182,Lathe_M1,Maintenance,2,18,Yes,Night,Ceramic_Hybrid,73,23,20,Polishing_M3,Lathe_M1,21,1,2,2,Low,Hot,0,High
P0391,Lathe_M1,Busy,11,28,No,Night,Bearing_Stainless,58,9,48,Grinding_M2,Assembly_M4,21,0,1,2,Medium,Warm,0,High
P0311,Grinding_M2,Idle,15,12,Yes,Evening,Ceramic_Hybrid,52,17,14,Polishing_M3,Assembly_M4,20,1,0,,High,Warm,1,High
P0148,Assembly_M4,Busy,14,8,No,Night,Bearing_Stainless,50,16,40,Grinding_M2,Assembly_M4,11,0,1,2,Medium,Warm,0,Medium
P0180,Polishing_M3,Overloaded,5,8,Yes,Night,Bearing_Stainless,65,10,39,Polishing_M3,Polishing_M3,23,1,3,2,Medium,Warm,0,High
P0240,Lathe_M1,Maintenance,4,13,No,Evening,Bearing_Steel_Chrome,26,4,57,Assembly_M4,Assembly_M4,12,0,2,,Low,Normal,0,Medium
P0093,Lathe_M1,Maintenance,15,9,No,Evening,Bearing_Steel_Chrome,34,29,19,Polishing_M3,Assembly_M4,14,0,2,,High,Normal,1,Medium
P0057,Grinding_M2,Maintenance,13,27,Yes,Morning,Ceramic_Hybrid,37,17,34,Packaging_Line,Lathe_M1,8,1,2,0,Medium,Normal,0,Low
P0063,Assembly_M4,Busy,7,21,Yes,Morning,Ceramic_Hybrid,54,18,39,Polishing_M3,Assembly_M4,1,1,1,0,Medium,Warm,0,Low
P0430,Lathe_M1,Busy,16,28,No,Night,Bearing_Steel_Chrome,72,18,29,Grinding_M2,Assembly_M4,2,0,1,2,High,Hot,1,Low
P0026,Lathe_M1,Idle,24,18,Yes,Evening,Ceramic_Hybrid,63,26,55,Packaging_Line,Grinding_M2,1,1,0,,High,Warm,1,Low
P0271,Lathe_M1,Overloaded,16,35,No,Evening,Bearing_Stainless,34,7,43,Packaging_Line,Lathe_M1,25,0,3,,High,Normal,1,High
P0044,Polishing_M3,Maintenance,5,41,Yes,Night,Bearing_Stainless,54,3,22,Polishing_M3,Lathe_M1,24,1,2,2,Medium,Warm,0,High
P0054,Polishing_M3,Maintenance,16,31,No,Evening,Bearing_Stainless,82,28,59,Grinding_M2,Assembly_M4,7,0,2,,High,Hot,1,Low
P0231,Grinding_M2,Overloaded,20,23,No,Evening,Ceramic_Hybrid,63,24,43,Grinding_M2,Grinding_M2,16,0,3,,High,Warm,1,Medium
P0077,Lathe_M1,Overloaded,11,19,Yes,Morning,Bearing_Stainless,67,3,39,Packaging_Line,Grinding_M2,19,1,3,0,Medium,Warm,0,Medium
P0439,Assembly_M4,Overloaded,19,32,Yes,Evening,Bearing_Steel_Chrome,81,27,19,Grinding_M2,Assembly_M4,16,1,3,,High,Hot,1,Medium
P0183,Lathe_M1,Maintenance,0,16,No,Night,Bearing_Stainless,63,8,47,Packaging_Line,Assembly_M4,20,0,2,2,Low,Warm,0,High
P0097,Polishing_M3,Busy,10,7,Yes,Night,Bearing_Steel_Chrome,72,6,6,Packaging_Line,Assembly_M4,23,1,1,2,Medium,Hot,0,High
P0135,Assembly_M4,Overloaded,6,14,No,Evening,Ceramic_Hybrid,29,16,16,Polishing_M3,Polishing_M3,10,0,3,,Medium,Normal,0,Medium
P0443,Polishing_M3,Overloaded,21,21,Yes,Night,Bearing_Steel_Chrome,44,21,47,Assembly_M4,Assembly_M4,8,1,3,2,High,Normal,1,Low
P0310,Assembly_M4,Busy,14,38,Yes,Evening,Bearing_Steel_Chrome,73,24,42,Grinding_M2,Lathe_M1,21,1,1,,Medium,Hot,0,High
P0314,Grinding_M2,Busy,12,33,No,Evening,Bearing_Stainless,32,12,51,Grinding_M2,Grinding_M2,13,0,1,,Medium,Normal,0,Medium
P0196,Assembly_M4,Busy,17,29,Yes,Night,Bearing_Stainless,73,23,49,Polishing_M3,Grinding_M2,29,1,1,2,High,Hot,1,High
P0190,Grinding_M2,Busy,2,33,Yes,Night,Bearing_Steel_Chrome,45,25,11,Polishing_M3,Assembly_M4,29,1,1,2,Low,Normal,0,High
P0286,Grinding_M2,Busy,11,40,No,Night,Bearing_Stainless,48,28,36,Polishing_M3,Assembly_M4,27,0,1,2,Medium,Normal,0,High
P0192,Grinding_M2,Idle,10,22,No,Evening,Bearing_Steel_Chrome,63,6,20,Packaging_Line,Grinding_M2,11,0,0,,Medium,Warm,0,Medium
P0028,Grinding_M2,Overloaded,21,39,No,Evening,Bearing_Stainless,72,12,46,Grinding_M2,Lathe_M1,23,0,3,,High,Hot,1,High
P0096,Grinding_M2,Maintenance,22,38,Yes,Evening,Ceramic_Hybrid,72,18,14,Assembly_M4,Lathe_M1,18,1,2,,High,Hot,1,Medium
P0232,Grinding_M2,Idle,11,12,Yes,Morning,Ceramic_Hybrid,83,27,7,Polishing_M3,Lathe_M1,27,1,0,0,Medium,Hot,0,High
P0226,Assembly_M4,Maintenance,19,28,No,Morning,Bearing_Steel_Chrome,27,7,6,Assembly_M4,Assembly_M4,3,0,2,0,High,Normal,1,Low
P0192,Lathe_M1,Overloaded,16,13,No,Evening,Ceramic_Hybrid,60,23,35,Packaging_Line,Assembly_M4,23,0,3,,High,Warm,1,High
P0400,Lathe_M1,Maintenance,1,28,No,Morning,Bearing_Steel_Chrome,84,10,50,Polishing_M3,Polishing_M3,26,0,2,0,Low,Hot,0,High
P0109,Polishing_M3,Overloaded,10,6,Yes,Evening,Bearing_Steel_Chrome,45,3,31,Grinding_M2,Lathe_M1,5,1,3,,Medium,Normal,0,Low
P0354,Polishing_M3,Maintenance,6,26,No,Morning,Ceramic_Hybrid,28,15,38,Polishing_M3,Assembly_M4,23,0,2,0,Medium,Normal,0,High
P0081,Lathe_M1,Overloaded,11,29,Yes,Night,Bearing_Steel_Chrome,25,20,59,Packaging_Line,Polishing_M3,16,1,3,2,Medium,Normal,0,Medium
P0231,Polishing_M3,Maintenance,14,36,Yes,Night,Bearing_Stainless,38,10,25,Polishing_M3,Grinding_M2,23,1,2,2,Medium,Normal,0,High
P0296,Lathe_M1,Maintenance,14,11,No,Evening,Bearing_Steel_Chrome,60,22,54,Assembly_M4,Polishing_M3,8,0,2,,Medium,Warm,0,Low
P0009,Assembly_M4,Overloaded,11,19,Yes,Night,Ceramic_Hybrid,39,18,38,Assembly_M4,Polishing_M3,12,1,3,2,Medium,Normal,0,Medium
P0411,Lathe_M1,Busy,2,43,Yes,Morning,Bearing_Stainless,62,15,59,Polishing_M3,Assembly_M4,27,1,1,0,Low,Warm,0,High
P0400,Assembly_M4,Overloaded,4,34,Yes,Evening,Bearing_Stainless,28,16,43,Polishing_M3,Lathe_M1,3,1,3,,Low,Normal,0,Low
P0472,Lathe_M1,Busy,12,14,Yes,Night,Ceramic_Hybrid,79,3,48,Packaging_Line,Lathe_M1,28,1,1,2,Medium,Hot,0,High
P0110,Grinding_M2,Idle,23,32,No,Evening,Bearing_Stainless,46,13,36,Polishing_M3,Polishing_M3,19,0,0,,High,Normal,1,Medium
P0408,Lathe_M1,Busy,18,25,Yes,Evening,Ceramic_Hybrid,27,7,36,Packaging_Line,Lathe_M1,2,1,1,,High,Normal,1,Low
P0438,Grinding_M2,Overloaded,23,31,No,Evening,Bearing_Stainless,33,14,59,Grinding_M2,Lathe_M1,14,0,3,,High,Normal,1,Medium
P0446,Assembly_M4,Overloaded,18,15,Yes,Evening,Bearing_Steel_Chrome,38,17,14,Assembly_M4,Polishing_M3,20,1,3,,High,Normal,1,High
P0466,Polishing_M3,Overloaded,15,38,No,Morning,Bearing_Steel_Chrome,81,17,18,Polishing_M3,Lathe_M1,21,0,3,0,High,Hot,1,High
P0426,Grinding_M2,Overloaded,17,30,No,Evening,Ceramic_Hybrid,62,8,49,Polishing_M3,Grinding_M2,2,0,3,,High,Warm,1,Low
P0340,Grinding_M2,Overloaded,14,11,Yes,Evening,Bearing_Steel_Chrome,57,4,56,Packaging_Line,Grinding_M2,18,1,3,,Medium,Warm,0,Medium
P0342,Polishing_M3,Idle,6,25,No,Evening,Bearing_Stainless,73,29,36,Grinding_M2,Polishing_M3,12,0,0,,Medium,Hot,0,Medium
P0427,Polishing_M3,Maintenance,15,14,Yes,Night,Ceramic_Hybrid,47,17,56,Grinding_M2,Assembly_M4,18,1,2,2,High,Normal,1,Medium
P0026,Grinding_M2,Busy,14,10,Yes,Evening,Ceramic_Hybrid,57,24,43,Assembly_M4,Lathe_M1,12,1,1,,Medium,Warm,0,Medium
P0201,Grinding_M2,Overloaded,19,40,Yes,Morning,Bearing_Stainless,55,11,57,Grinding_M2,Grinding_M2,2,1,3,0,High,Warm,1,Low
P0001,Grinding_M2,Idle,8,14,No,Night,Bearing_Steel_Chrome,76,12,18,Packaging_Line,Polishing_M3,3,0,0,2,Medium,Hot,0,Low
P0205,Lathe_M1,Maintenance,24,37,Yes,Night,Bearing_Stainless,31,5,43,Packaging_Line,Polishing_M3,16,1,2,2,High,Normal,1,Medium
P0341,Lathe_M1,Overloaded,9,19,No,Morning,Bearing_Steel_Chrome,40,7,8,Polishing_M3,Grinding_M2,4,0,3,0,Medium,Normal,0,Low
P0223,Assembly_M4,Overloaded,23,40,Yes,Morning,Ceramic_Hybrid,51,23,26,Assembly_M4,Lathe_M1,17,1,3,0,High,Warm,1,Medium
P0169,Assembly_M4,Overloaded,12,38,Yes,Evening,Ceramic_Hybrid,56,21,10,Grinding_M2,Polishing_M3,22,1,3,,Medium,Warm,0,High
P0373,Assembly_M4,Idle,0,12,Yes,Night,Bearing_Stainless,74,22,40,Polishing_M3,Polishing_M3,5,1,0,2,Low,Hot,0,Low
P0304,Grinding_M2,Idle,4,14,Yes,Night,Bearing_Steel_Chrome,64,27,11,Grinding_M2,Polishing_M3,12,1,0,2,Low,Warm,0,Medium
P0082,Polishing_M3,Busy,24,32,No,Morning,Bearing_Stainless,67,14,51,Grinding_M2,Lathe_M1,17,0,1,0,High,Warm,1,Medium
P0111,Polishing_M3,Maintenance,21,22,Yes,Night,Bearing_Steel_Chrome,51,9,10,Assembly_M4,Grinding_M2,11,1,2,2,High,Warm,1,Medium
P0212,Polishing_M3,Idle,8,9,Yes,Morning,Bearing_Steel_Chrome,31,23,51,Grinding_M2,Lathe_M1,21,1,0,0,Medium,Normal,0,High
P0231,Polishing_M3,Busy,21,8,Yes,Morning,Ceramic_Hybrid,56,20,49,Assembly_M4,Polishing_M3,1,1,1,0,High,Warm,1,Low
P0224,Assembly_M4,Maintenance,0,12,No,Night,Bearing_Stainless,56,15,32,Grinding_M2,Grinding_M2,9,0,2,2,Low,Warm,0,Low
P0238,Grinding_M2,Busy,19,36,Yes,Night,Bearing_Stainless,49,3,37,Packaging_Line,Polishing_M3,13,1,1,2,High,Normal,1,Medium
P0487,Lathe_M1,Maintenance,24,44,No,Evening,Ceramic_Hybrid,63,25,48,Grinding_M2,Polishing_M3,17,0,2,,High,Warm,1,Medium
P0098,Grinding_M2,Busy,24,14,Yes,Morning,Bearing_Steel_Chrome,83,26,35,Polishing_M3,Lathe_M1,12,1,1,0,High,Hot,1,Medium
P0265,Polishing_M3,Idle,10,29,Yes,Morning,Bearing_Stainless,70,23,56,Packaging_Line,Grinding_M2,13,1,0,0,Medium,Hot,0,Medium
P0455,Grinding_M2,Overloaded,1,24,Yes,Night,Bearing_Stainless,31,2,39,Grinding_M2,Grinding_M2,29,1,3,2,Low,Normal,0,High
P0076,Polishing_M3,Maintenance,19,16,Yes,Evening,Bearing_Stainless,29,13,33,Grinding_M2,Grinding_M2,3,1,2,,High,Normal,1,Low
P0400,Grinding_M2,Busy,19,41,Yes,Evening,Bearing_Steel_Chrome,84,2,20,Assembly_M4,Grinding_M2,9,1,1,,High,Hot,1,Low
P0124,Assembly_M4,Maintenance,9,14,Yes,Evening,Bearing_Stainless,37,17,24,Packaging_Line,Lathe_M1,29,1,2,,Medium,Normal,0,High
P0160,Grinding_M2,Idle,24,8,No,Night,Ceramic_Hybrid,70,18,32,Packaging_Line,Assembly_M4,5,0,0,2,High,Hot,1,Low
P0466,Assembly_M4,Overloaded,12,7,Yes,Night,Ceramic_Hybrid,61,17,23,Packaging_Line,Assembly_M4,28,1,3,2,Medium,Warm,0,High
P0442,Grinding_M2,Busy,18,21,Yes,Evening,Ceramic_Hybrid,42,19,27,Assembly_M4,Grinding_M2,8,1,1,,High,Normal,1,Low
P0407,Polishing_M3,Busy,17,13,Yes,Morning,Bearing_Steel_Chrome,53,20,46,Grinding_M2,Polishing_M3,29,1,1,0,High,Warm,1,High
P0438,Lathe_M1,Busy,1,21,No,Morning,Bearing_Stainless,81,25,49,Packaging_Line,Grinding_M2,28,0,1,0,Low,Hot,0,High
P0177,Polishing_M3,Idle,10,43,No,Evening,Bearing_Stainless,84,4,52,Grinding_M2,Assembly_M4,19,0,0,,Medium,Hot,0,Medium
P0382,Grinding_M2,Idle,19,20,No,Evening,Ceramic_Hybrid,58,15,30,Polishing_M3,Polishing_M3,20,0,0,,High,Warm,1,High
P0359,Grinding_M2,Idle,9,28,Yes,Night,Bearing_Steel_Chrome,67,19,47,Polishing_M3,Assembly_M4,9,1,0,2,Medium,Warm,0,Low
P0332,Grinding_M2,Idle,18,24,No,Night,Ceramic_Hybrid,66,27,35,Packaging_Line,Lathe_M1,3,0,0,2,High,Warm,1,Low
P0245,Lathe_M1,Overloaded,2,44,Yes,Night,Bearing_Steel_Chrome,53,7,56,Assembly_M4,Assembly_M4,1,1,3,2,Low,Warm,0,Low
P0396,Grinding_M2,Busy,19,28,No,Night,Bearing_Steel_Chrome,62,3,55,Grinding_M2,Lathe_M1,28,0,1,2,High,Warm,1,High
P0372,Assembly_M4,Idle,6,15,Yes,Night,Bearing_Steel_Chrome,35,5,24,Assembly_M4,Grinding_M2,16,1,0,2,Medium,Normal,0,Medium
P0160,Assembly_M4,Busy,4,28,No,Morning,Bearing_Stainless,54,8,52,Grinding_M2,Assembly_M4,15,0,1,0,Low,Warm,0,Medium
P0246,Polishing_M3,Busy,4,37,No,Night,Bearing_Stainless,44,23,26,Packaging_Line,Grinding_M2,9,0,1,2,Low,Normal,0,Low
P0401,Polishing_M3,Maintenance,20,41,No,Night,Bearing_Stainless,78,28,42,Packaging_Line,Grinding_M2,3,0,2,2,High,Hot,1,Low
P0394,Lathe_M1,Idle,5,44,Yes,Evening,Ceramic_Hybrid,84,7,36,Assembly_M4,Lathe_M1,16,1,0,,Medium,Hot,0,Medium
P0313,Polishing_M3,Overloaded,15,31,No,Evening,Ceramic_Hybrid,77,4,53,Polishing_M3,Grinding_M2,21,0,3,,High,Hot,1,High
P0461,Polishing_M3,Overloaded,5,42,No,Morning,Bearing_Steel_Chrome,54,23,23,Polishing_M3,Lathe_M1,20,0,3,0,Medium,Warm,0,High
P0381,Polishing_M3,Busy,14,23,No,Evening,Bearing_Steel_Chrome,26,9,43,Packaging_Line,Grinding_M2,27,0,1,,Medium,Normal,0,High
P0338,Polishing_M3,Busy,7,31,Yes,Morning,Ceramic_Hybrid,39,13,51,Packaging_Line,Assembly_M4,14,1,1,0,Medium,Normal,0,Medium
P0159,Polishing_M3,Busy,6,21,Yes,Evening,Bearing_Steel_Chrome,50,6,24,Packaging_Line,Polishing_M3,10,1,1,,Medium,Warm,0,Medium
P0376,Lathe_M1,Overloaded,18,22,Yes,Evening,Bearing_Steel_Chrome,54,26,28,Packaging_Line,Grinding_M2,10,1,3,,High,Warm,1,Medium
P0255,Grinding_M2,Idle,1,42,Yes,Evening,Bearing_Steel_Chrome,56,4,55,Packaging_Line,Assembly_M4,5,1,0,,Low,Warm,0,Low
P0432,Assembly_M4,Busy,6,11,Yes,Night,Bearing_Steel_Chrome,51,11,37,Polishing_M3,Lathe_M1,11,1,1,2,Medium,Warm,0,Medium
P0072,Lathe_M1,Maintenance,22,11,Yes,Night,Ceramic_Hybrid,30,7,17,Polishing_M3,Polishing_M3,16,1,2,2,High,Normal,1,Medium
P0484,Polishing_M3,Maintenance,12,6,No,Morning,Bearing_Steel_Chrome,43,20,23,Grinding_M2,Grinding_M2,18,0,2,0,Medium,Normal,0,Medium
P0226,Polishing_M3,Maintenance,24,42,Yes,Evening,Bearing_Steel_Chrome,26,20,30,Grinding_M2,Lathe_M1,6,1,2,,High,Normal,1,Low
P0157,Grinding_M2,Idle,19,27,Yes,Morning,Ceramic_Hybrid,78,16,10,Packaging_Line,Grinding_M2,28,1,0,0,High,Hot,1,High
P0499,Grinding_M2,Busy,2,15,No,Night,Bearing_Stainless,32,26,58,Assembly_M4,Lathe_M1,18,0,1,2,Low,Normal,0,Medium
P0014,Grinding_M2,Busy,16,28,Yes,Morning,Ceramic_Hybrid,45,18,40,Packaging_Line,Polishing_M3,7,1,1,0,High,Normal,1,Low
P0281,Polishing_M3,Busy,4,33,Yes,Morning,Bearing_Steel_Chrome,40,7,18,Grinding_M2,Grinding_M2,26,1,1,0,Low,Normal,0,High
P0156,Lathe_M1,Overloaded,19,6,Yes,Night,Bearing_Steel_Chrome,49,19,54,Packaging_Line,Lathe_M1,13,1,3,2,High,Normal,1,Medium
P0069,Polishing_M3,Maintenance,17,21,Yes,Evening,Ceramic_Hybrid,69,29,16,Packaging_Line,Assembly_M4,3,1,2,,High,Warm,1,Low
P0329,Grinding_M2,Idle,21,43,Yes,Evening,Ceramic_Hybrid,25,6,25,Packaging_Line,Lathe_M1,1,1,0,,High,Normal,1,Low
P0108,Grinding_M2,Busy,3,36,No,Morning,Ceramic_Hybrid,82,2,17,Assembly_M4,Assembly_M4,14,0,1,0,Low,Hot,0,Medium
P0131,Grinding_M2,Idle,14,21,No,Evening,Bearing_Steel_Chrome,36,8,59,Grinding_M2,Lathe_M1,19,0,0,,Medium,Normal,0,Medium
P0211,Polishing_M3,Busy,22,7,Yes,Morning,Bearing_Stainless,74,27,35,Packaging_Line,Lathe_M1,4,1,1,0,High,Hot,1,Low
P0034,Lathe_M1,Overloaded,2,32,Yes,Morning,Bearing_Steel_Chrome,68,18,42,Polishing_M3,Polishing_M3,15,1,3,0,Low,Warm,0,Medium
P0188,Polishing_M3,Maintenance,1,12,No,Morning,Bearing_Steel_Chrome,38,6,39,Packaging_Line,Grinding_M2,10,0,2,0,Low,Normal,0,Medium
P0351,Grinding_M2,Idle,6,15,No,Evening,Ceramic_Hybrid,39,3,41,Packaging_Line,Grinding_M2,11,0,0,,Medium,Normal,0,Medium
P0337,Lathe_M1,Maintenance,7,17,No,Morning,Ceramic_Hybrid,67,18,19,Packaging_Line,Assembly_M4,1,0,2,0,Medium,Warm,0,Low
P0252,Assembly_M4,Maintenance,18,20,No,Evening,Bearing_Steel_Chrome,75,14,59,Polishing_M3,Assembly_M4,22,0,2,,High,Hot,1,High
P0238,Lathe_M1,Idle,22,40,Yes,Night,Ceramic_Hybrid,67,19,54,Grinding_M2,Grinding_M2,10,1,0,2,High,Warm,1,Medium
P0315,Assembly_M4,Idle,16,34,Yes,Evening,Ceramic_Hybrid,37,26,50,Packaging_Line,Grinding_M2,7,1,0,,High,Normal,1,Low
P0020,Polishing_M3,Overloaded,9,39,Yes,Night,Bearing_Stainless,26,20,43,Assembly_M4,Polishing_M3,5,1,3,2,Medium,Normal,0,Low
P0379,Assembly_M4,Busy,2,29,No,Night,Bearing_Steel_Chrome,58,24,26,Assembly_M4,Lathe_M1,6,0,1,2,Low,Warm,0,Low
P0276,Lathe_M1,Maintenance,13,43,No,Evening,Ceramic_Hybrid,78,3,36,Grinding_M2,Grinding_M2,11,0,2,,Medium,Hot,0,Medium
P0321,Lathe_M1,Overloaded,20,7,No,Evening,Ceramic_Hybrid,65,9,30,Assembly_M4,Grinding_M2,11,0,3,,High,Warm,1,Medium
P0465,Lathe_M1,Overloaded,17,5,Yes,Night,Bearing_Stainless,39,5,8,Polishing_M3,Lathe_M1,28,1,3,2,High,Normal,1,High
P0186,Polishing_M3,Overloaded,9,15,Yes,Morning,Ceramic_Hybrid,74,24,51,Polishing_M3,Assembly_M4,3,1,3,0,Medium,Hot,0,Low
P0042,Polishing_M3,Overloaded,6,43,Yes,Evening,Bearing_Steel_Chrome,41,23,56,Assembly_M4,Assembly_M4,27,1,3,,Medium,Normal,0,High
P0459,Assembly_M4,Busy,23,20,Yes,Morning,Ceramic_Hybrid,40,9,7,Packaging_Line,Lathe_M1,20,1,1,0,High,Normal,1,High
P0394,Polishing_M3,Idle,14,37,No,Night,Ceramic_Hybrid,66,3,43,Assembly_M4,Grinding_M2,14,0,0,2,Medium,Warm,0,Medium
P0029,Polishing_M3,Overloaded,15,31,No,Night,Bearing_Stainless,84,16,11,Polishing_M3,Polishing_M3,13,0,3,2,High,Hot,1,Medium
P0137,Polishing_M3,Busy,24,13,No,Night,Ceramic_Hybrid,65,7,16,Packaging_Line,Assembly_M4,23,0,1,2,High,Warm,1,High
P0240,Grinding_M2,Idle,19,24,Yes,Morning,Ceramic_Hybrid,78,15,31,Grinding_M2,Assembly_M4,20,1,0,0,High,Hot,1,High
P0400,Grinding_M2,Busy,6,44,No,Morning,Ceramic_Hybrid,64,9,6,Assembly_M4,Assembly_M4,14,0,1,0,Medium,Warm,0,Medium
P0390,Lathe_M1,Busy,9,22,Yes,Evening,Bearing_Stainless,42,17,56,Grinding_M2,Assembly_M4,5,1,1,,Medium,Normal,0,Low
P0188,Assembly_M4,Busy,19,35,No,Morning,Bearing_Steel_Chrome,61,21,27,Assembly_M4,Assembly_M4,10,0,1,0,High,Warm,1,Medium
P0210,Assembly_M4,Busy,16,17,No,Evening,Bearing_Stainless,73,19,17,Polishing_M3,Assembly_M4,17,0,1,,High,Hot,1,Medium
P0065,Polishing_M3,Overloaded,14,30,No,Morning,Ceramic_Hybrid,68,29,46,Assembly_M4,Assembly_M4,13,0,3,0,Medium,Warm,0,Medium
P0241,Lathe_M1,Busy,10,39,Yes,Morning,Ceramic_Hybrid,46,11,15,Packaging_Line,Assembly_M4,6,1,1,0,Medium,Normal,0,Low
P0399,Lathe_M1,Idle,0,10,Yes,Morning,Bearing_Stainless,61,8,58,Packaging_Line,Lathe_M1,12,1,0,0,Low,Warm,0,Medium
P0355,Polishing_M3,Overloaded,11,11,Yes,Morning,Bearing_Stainless,26,29,5,Polishing_M3,Grinding_M2,23,1,3,0,Medium,Normal,0,High
P0158,Assembly_M4,Maintenance,24,22,No,Night,Bearing_Stainless,68,8,55,Grinding_M2,Grinding_M2,22,0,2,2,High,Warm,1,High
P0328,Lathe_M1,Overloaded,2,33,Yes,Night,Bearing_Steel_Chrome,34,28,47,Packaging_Line,Assembly_M4,5,1,3,2,Low,Normal,0,Low
P0320,Grinding_M2,Overloaded,1,12,No,Night,Bearing_Steel_Chrome,38,9,59,Assembly_M4,Assembly_M4,6,0,3,2,Low,Normal,0,Low
P0012,Polishing_M3,Busy,0,37,Yes,Night,Bearing_Steel_Chrome,64,12,54,Grinding_M2,Lathe_M1,24,1,1,2,Low,Warm,0,High
P0262,Assembly_M4,Overloaded,9,27,Yes,Morning,Bearing_Steel_Chrome,40,6,20,Grinding_M2,Polishing_M3,24,1,3,0,Medium,Normal,0,High
P0473,Polishing_M3,Maintenance,11,35,No,Morning,Ceramic_Hybrid,30,6,5,Grinding_M2,Grinding_M2,19,0,2,0,Medium,Normal,0,Medium
P0238,Polishing_M3,Busy,9,29,No,Morning,Bearing_Steel_Chrome,70,26,25,Polishing_M3,Polishing_M3,3,0,1,0,Medium,Hot,0,Low
P0124,Assembly_M4,Overloaded,5,9,Yes,Night,Bearing_Steel_Chrome,73,19,16,Assembly_M4,Assembly_M4,5,1,3,2,Medium,Hot,0,Low
P0413,Assembly_M4,Overloaded,8,13,Yes,Night,Bearing_Stainless,59,2,58,Polishing_M3,Assembly_M4,15,1,3,2,Medium,Warm,0,Medium
P0071,Polishing_M3,Busy,9,43,Yes,Morning,Bearing_Steel_Chrome,60,27,41,Grinding_M2,Polishing_M3,20,1,1,0,Medium,Warm,0,High
P0133,Lathe_M1,Busy,15,39,Yes,Night,Bearing_Steel_Chrome,41,14,10,Polishing_M3,Lathe_M1,26,1,1,2,High,Normal,1,High
P0195,Lathe_M1,Maintenance,4,36,Yes,Morning,Ceramic_Hybrid,35,18,9,Packaging_Line,Grinding_M2,6,1,2,0,Low,Normal,0,Low
P0028,Lathe_M1,Overloaded,9,37,Yes,Morning,Bearing_Steel_Chrome,54,22,46,Assembly_M4,Polishing_M3,17,1,3,0,Medium,Warm,0,Medium
P0084,Assembly_M4,Maintenance,2,33,Yes,Night,Bearing_Stainless,26,18,40,Polishing_M3,Polishing_M3,2,1,2,2,Low,Normal,0,Low
P0343,Grinding_M2,Overloaded,4,5,No,Morning,Bearing_Steel_Chrome,84,27,5,Packaging_Line,Lathe_M1,27,0,3,0,Low,Hot,0,High
P0494,Polishing_M3,Overloaded,3,43,No,Night,Bearing_Steel_Chrome,38,15,22,Packaging_Line,Lathe_M1,2,0,3,2,Low,Normal,0,Low
P0274,Polishing_M3,Overloaded,0,26,No,Morning,Bearing_Stainless,40,23,54,Assembly_M4,Grinding_M2,16,0,3,0,Low,Normal,0,Medium
P0206,Grinding_M2,Overloaded,22,26,Yes,Night,Bearing_Steel_Chrome,80,7,29,Assembly_M4,Polishing_M3,10,1,3,2,High,Hot,1,Medium
P0496,Lathe_M1,Idle,1,11,Yes,Morning,Bearing_Steel_Chrome,77,18,39,Assembly_M4,Polishing_M3,20,1,0,0,Low,Hot,0,High
P0304,Grinding_M2,Overloaded,11,6,Yes,Night,Bearing_Steel_Chrome,31,18,23,Assembly_M4,Grinding_M2,12,1,3,2,Medium,Normal,0,Medium
P0261,Lathe_M1,Overloaded,8,31,Yes,Evening,Bearing_Stainless,38,3,25,Grinding_M2,Assembly_M4,4,1,3,,Medium,Normal,0,Low
P0367,Lathe_M1,Maintenance,18,25,Yes,Evening,Bearing_Stainless,72,23,53,Assembly_M4,Grinding_M2,2,1,2,,High,Hot,1,Low
P0184,Grinding_M2,Overloaded,16,23,No,Evening,Bearing_Stainless,64,25,24,Packaging_Line,Polishing_M3,6,0,3,,High,Warm,1,Low
P0147,Polishing_M3,Maintenance,11,29,No,Night,Bearing_Steel_Chrome,47,19,38,Grinding_M2,Polishing_M3,19,0,2,2,Medium,Normal,0,Medium
P0219,Polishing_M3,Busy,23,29,Yes,Evening,Bearing_Steel_Chrome,27,26,32,Packaging_Line,Grinding_M2,12,1,1,,High,Normal,1,Medium
P0200,Polishing_M3,Maintenance,15,12,Yes,Night,Ceramic_Hybrid,29,12,46,Packaging_Line,Polishing_M3,3,1,2,2,High,Normal,1,Low
P0413,Polishing_M3,Idle,22,42,No,Evening,Ceramic_Hybrid,43,17,57,Polishing_M3,Polishing_M3,23,0,0,,High,Normal,1,High
P0463,Polishing_M3,Maintenance,23,36,Yes,Night,Bearing_Steel_Chrome,70,29,40,Polishing_M3,Lathe_M1,18,1,2,2,High,Hot,1,Medium
P0012,Polishing_M3,Busy,9,36,No,Morning,Bearing_Stainless,42,13,55,Assembly_M4,Polishing_M3,8,0,1,0,Medium,Normal,0,Low
P0375,Grinding_M2,Maintenance,0,42,Yes,Morning,Bearing_Stainless,38,3,13,Grinding_M2,Grinding_M2,29,1,2,0,Low,Normal,0,High
P0073,Polishing_M3,Maintenance,11,9,Yes,Evening,Ceramic_Hybrid,58,20,11,Polishing_M3,Assembly_M4,7,1,2,,Medium,Warm,0,Low
P0488,Grinding_M2,Overloaded,9,21,Yes,Night,Bearing_Stainless,50,15,31,Assembly_M4,Grinding_M2,11,1,3,2,Medium,Warm,0,Medium
P0064,Assembly_M4,Busy,19,10,Yes,Morning,Bearing_Stainless,32,20,36,Grinding_M2,Grinding_M2,19,1,1,0,High,Normal,1,Medium
P0384,Polishing_M3,Idle,23,28,No,Evening,Bearing_Steel_Chrome,80,18,22,Packaging_Line,Polishing_M3,12,0,0,,High,Hot,1,Medium
P0080,Grinding_M2,Maintenance,8,27,Yes,Evening,Ceramic_Hybrid,80,17,22,Assembly_M4,Assembly_M4,16,1,2,,Medium,Hot,0,Medium
P0372,Polishing_M3,Overloaded,15,40,No,Night,Ceramic_Hybrid,47,23,43,Assembly_M4,Polishing_M3,1,0,3,2,High,Normal,1,Low
P0432,Assembly_M4,Busy,23,24,Yes,Evening,Ceramic_Hybrid,57,9,59,Polishing_M3,Lathe_M1,8,1,1,,High,Warm,1,Low
P0253,Polishing_M3,Idle,9,5,No,Night,Bearing_Steel_Chrome,45,26,36,Polishing_M3,Grinding_M2,21,0,0,2,Medium,Normal,0,High
P0436,Grinding_M2,Overloaded,13,14,Yes,Morning,Bearing_Steel_Chrome,84,20,52,Polishing_M3,Assembly_M4,9,1,3,0,Medium,Hot,0,Low
P0442,Grinding_M2,Maintenance,19,24,No,Morning,Bearing_Stainless,83,9,11,Packaging_Line,Polishing_M3,11,0,2,0,High,Hot,1,Medium
P0364,Lathe_M1,Overloaded,20,42,Yes,Evening,Ceramic_Hybrid,71,20,50,Packaging_Line,Polishing_M3,15,1,3,,High,Hot,1,Medium
P0340,Polishing_M3,Busy,5,14,Yes,Morning,Ceramic_Hybrid,70,17,49,Packaging_Line,Grinding_M2,11,1,1,0,Medium,Hot,0,Medium
P0259,Lathe_M1,Busy,24,39,Yes,Evening,Bearing_Steel_Chrome,32,29,7,Polishing_M3,Grinding_M2,2,1,1,,High,Normal,1,Low
P0273,Grinding_M2,Busy,20,18,No,Night,Bearing_Stainless,76,22,58,Assembly_M4,Polishing_M3,15,0,1,2,High,Hot,1,Medium
P0087,Grinding_M2,Maintenance,2,5,No,Evening,Bearing_Stainless,39,21,26,Assembly_M4,Grinding_M2,2,0,2,,Low,Normal,0,Low
P0106,Grinding_M2,Overloaded,17,37,No,Morning,Bearing_Steel_Chrome,33,4,6,Packaging_Line,Grinding_M2,4,0,3,0,High,Normal,1,Low
P0375,Grinding_M2,Maintenance,15,37,Yes,Night,Bearing_Stainless,33,26,44,Polishing_M3,Lathe_M1,6,1,2,2,High,Normal,1,Low
P0423,Polishing_M3,Busy,19,22,Yes,Morning,Bearing_Steel_Chrome,40,9,27,Packaging_Line,Lathe_M1,28,1,1,0,High,Normal,1,High
P0251,Assembly_M4,Idle,3,7,Yes,Evening,Bearing_Steel_Chrome,39,7,37,Assembly_M4,Assembly_M4,18,1,0,,Low,Normal,0,Medium
P0490,Assembly_M4,Overloaded,22,7,Yes,Evening,Bearing_Steel_Chrome,54,14,21,Assembly_M4,Polishing_M3,18,1,3,,High,Warm,1,Medium
P0244,Grinding_M2,Busy,13,11,Yes,Evening,Bearing_Steel_Chrome,63,15,19,Grinding_M2,Grinding_M2,12,1,1,,Medium,Warm,0,Medium
P0034,Assembly_M4,Idle,11,12,Yes,Night,Ceramic_Hybrid,40,10,38,Assembly_M4,Lathe_M1,14,1,0,2,Medium,Normal,0,Medium
P0244,Grinding_M2,Idle,23,33,No,Evening,Bearing_Steel_Chrome,40,6,9,Grinding_M2,Grinding_M2,20,0,0,,High,Normal,1,High
P0314,Assembly_M4,Idle,20,9,No,Morning,Ceramic_Hybrid,67,14,39,Assembly_M4,Polishing_M3,17,0,0,0,High,Warm,1,Medium
P0027,Grinding_M2,Maintenance,24,18,No,Night,Ceramic_Hybrid,68,15,30,Grinding_M2,Grinding_M2,18,0,2,2,High,Warm,1,Medium
P0211,Lathe_M1,Busy,19,38,Yes,Evening,Bearing_Steel_Chrome,31,16,14,Polishing_M3,Lathe_M1,15,1,1,,High,Normal,1,Medium
P0288,Assembly_M4,Busy,16,15,Yes,Morning,Ceramic_Hybrid,58,28,25,Assembly_M4,Polishing_M3,18,1,1,0,High,Warm,1,Medium
P0093,Grinding_M2,Overloaded,24,8,No,Morning,Bearing_Steel_Chrome,65,28,53,Polishing_M3,Grinding_M2,17,0,3,0,High,Warm,1,Medium
P0039,Polishing_M3,Maintenance,16,24,No,Morning,Bearing_Stainless,49,9,27,Assembly_M4,Assembly_M4,15,0,2,0,High,Normal,1,Medium
P0405,Lathe_M1,Idle,0,23,Yes,Morning,Bearing_Steel_Chrome,81,16,45,Grinding_M2,Assembly_M4,5,1,0,0,Low,Hot,0,Low
P0443,Lathe_M1,Overloaded,15,36,Yes,Evening,Bearing_Stainless,46,12,36,Grinding_M2,Grinding_M2,13,1,3,,High,Normal,1,Medium
P0489,Polishing_M3,Busy,5,30,Yes,Morning,Bearing_Steel_Chrome,76,18,9,Packaging_Line,Assembly_M4,29,1,1,0,Medium,Hot,0,High
P0253,Polishing_M3,Maintenance,16,37,No,Evening,Ceramic_Hybrid,51,6,41,Assembly_M4,Lathe_M1,7,0,2,,High,Warm,1,Low
P0301,Polishing_M3,Busy,15,22,No,Evening,Bearing_Steel_Chrome,55,7,6,Assembly_M4,Assembly_M4,13,0,1,,High,Warm,1,Medium
P0091,Grinding_M2,Maintenance,9,15,No,Night,Bearing_Stainless,50,22,6,Packaging_Line,Grinding_M2,8,0,2,2,Medium,Warm,0,Low
P0229,Grinding_M2,Maintenance,23,24,No,Morning,Ceramic_Hybrid,41,17,46,Grinding_M2,Polishing_M3,5,0,2,0,High,Normal,1,Low
P0393,Grinding_M2,Busy,13,28,No,Morning,Ceramic_Hybrid,75,5,56,Assembly_M4,Polishing_M3,16,0,1,0,Medium,Hot,0,Medium
P0468,Lathe_M1,Overloaded,23,13,No,Morning,Bearing_Steel_Chrome,27,24,13,Packaging_Line,Assembly_M4,18,0,3,0,High,Normal,1,Medium
P0134,Grinding_M2,Overloaded,3,23,Yes,Night,Bearing_Stainless,48,5,13,Grinding_M2,Assembly_M4,1,1,3,2,Low,Normal,0,Low
P0402,Assembly_M4,Maintenance,0,39,No,Morning,Bearing_Stainless,34,13,22,Packaging_Line,Polishing_M3,14,0,2,0,Low,Normal,0,Medium
P0273,Polishing_M3,Maintenance,9,14,No,Night,Bearing_Steel_Chrome,42,25,5,Grinding_M2,Lathe_M1,15,0,2,2,Medium,Normal,0,Medium
P0203,Assembly_M4,Maintenance,7,39,Yes,Evening,Bearing_Stainless,42,10,20,Grinding_M2,Assembly_M4,21,1,2,,Medium,Normal,0,High
P0320,Grinding_M2,Maintenance,14,9,No,Morning,Bearing_Stainless,69,23,56,Packaging_Line,Lathe_M1,7,0,2,0,Medium,Warm,0,Low
P0038,Grinding_M2,Overloaded,15,11,Yes,Morning,Bearing_Stainless,51,26,26,Assembly_M4,Polishing_M3,16,1,3,0,High,Warm,1,Medium
P0347,Grinding_M2,Overloaded,12,21,Yes,Evening,Ceramic_Hybrid,65,13,17,Grinding_M2,Polishing_M3,26,1,3,,Medium,Warm,0,High
P0226,Lathe_M1,Overloaded,8,9,Yes,Evening,Ceramic_Hybrid,63,2,8,Polishing_M3,Assembly_M4,28,1,3,,Medium,Warm,0,High
P0177,Lathe_M1,Maintenance,3,20,No,Evening,Ceramic_Hybrid,61,23,40,Polishing_M3,Assembly_M4,6,0,2,,Low,Warm,0,Low
P0461,Grinding_M2,Busy,22,39,Yes,Night,Ceramic_Hybrid,49,9,21,Polishing_M3,Assembly_M4,29,1,1,2,High,Normal,1,High
P0488,Grinding_M2,Overloaded,17,16,No,Morning,Bearing_Steel_Chrome,81,26,37,Assembly_M4,Assembly_M4,23,0,3,0,High,Hot,1,High
P0457,Assembly_M4,Idle,11,15,Yes,Morning,Bearing_Steel_Chrome,37,4,31,Grinding_M2,Lathe_M1,25,1,0,0,Medium,Normal,0,High
P0283,Polishing_M3,Maintenance,7,7,No,Night,Bearing_Steel_Chrome,73,26,49,Assembly_M4,Grinding_M2,10,0,2,2,Medium,Hot,0,Medium
P0073,Polishing_M3,Idle,16,7,No,Evening,Bearing_Stainless,69,23,42,Grinding_M2,Lathe_M1,14,0,0,,High,Warm,1,Medium
P0298,Lathe_M1,Overloaded,9,24,No,Night,Bearing_Steel_Chrome,72,19,17,Packaging_Line,Lathe_M1,10,0,3,2,Medium,Hot,0,Medium
P0358,Grinding_M2,Busy,5,14,Yes,Evening,Bearing_Steel_Chrome,61,7,43,Polishing_M3,Assembly_M4,11,1,1,,Medium,Warm,0,Medium
P0174,Grinding_M2,Idle,15,29,No,Evening,Ceramic_Hybrid,68,13,34,Assembly_M4,Assembly_M4,23,0,0,,High,Warm,1,High
P0444,Assembly_M4,Busy,19,41,No,Morning,Bearing_Stainless,40,7,33,Grinding_M2,Lathe_M1,9,0,1,0,High,Normal,1,Low
P0256,Polishing_M3,Maintenance,4,27,Yes,Evening,Bearing_Steel_Chrome,40,19,23,Polishing_M3,Assembly_M4,12,1,2,,Low,Normal,0,Medium
P0017,Lathe_M1,Overloaded,1,14,Yes,Night,Ceramic_Hybrid,36,15,22,Packaging_Line,Polishing_M3,19,1,3,2,Low,Normal,0,Medium
P0457,Polishing_M3,Idle,5,41,No,Night,Bearing_Stainless,51,17,18,Grinding_M2,Assembly_M4,13,0,0,2,Medium,Warm,0,Medium
P0123,Assembly_M4,Maintenance,20,38,Yes,Morning,Bearing_Stainless,26,13,37,Packaging_Line,Assembly_M4,19,1,2,0,High,Normal,1,Medium
P0410,Polishing_M3,Busy,15,34,No,Evening,Bearing_Stainless,31,28,25,Packaging_Line,Assembly_M4,7,0,1,,High,Normal,1,Low
P0063,Grinding_M2,Overloaded,15,29,No,Evening,Bearing_Steel_Chrome,62,19,37,Assembly_M4,Grinding_M2,1,0,3,,High,Warm,1,Low
P0251,Polishing_M3,Idle,24,18,Yes,Evening,Bearing_Steel_Chrome,62,7,8,Packaging_Line,Grinding_M2,12,1,0,,High,Warm,1,Medium
P0215,Grinding_M2,Overloaded,17,14,Yes,Morning,Ceramic_Hybrid,59,4,44,Polishing_M3,Grinding_M2,22,1,3,0,High,Warm,1,High
P0105,Grinding_M2,Idle,22,29,Yes,Evening,Ceramic_Hybrid,25,19,19,Grinding_M2,Lathe_M1,25,1,0,,High,Normal,1,High
P0237,Lathe_M1,Idle,20,24,Yes,Night,Ceramic_Hybrid,41,26,15,Grinding_M2,Polishing_M3,13,1,0,2,High,Normal,1,Medium
P0368,Polishing_M3,Overloaded,24,24,No,Evening,Bearing_Stainless,49,11,49,Packaging_Line,Lathe_M1,17,0,3,,High,Normal,1,Medium
P0187,Polishing_M3,Busy,20,5,No,Night,Ceramic_Hybrid,76,17,52,Packaging_Line,Assembly_M4,28,0,1,2,High,Hot,1,High
P0004,Polishing_M3,Overloaded,20,34,No,Night,Ceramic_Hybrid,83,4,38,Polishing_M3,Lathe_M1,6,0,3,2,High,Hot,1,Low
P0457,Lathe_M1,Maintenance,10,33,No,Evening,Bearing_Stainless,27,27,37,Packaging_Line,Assembly_M4,11,0,2,,Medium,Normal,0,Medium
P0472,Assembly_M4,Maintenance,12,9,No,Evening,Ceramic_Hybrid,74,16,22,Packaging_Line,Assembly_M4,15,0,2,,Medium,Hot,0,Medium
P0206,Polishing_M3,Maintenance,19,43,No,Morning,Ceramic_Hybrid,73,9,32,Assembly_M4,Grinding_M2,13,0,2,0,High,Hot,1,Medium
P0005,Polishing_M3,Idle,15,29,No,Evening,Bearing_Stainless,34,15,42,Assembly_M4,Grinding_M2,20,0,0,,High,Normal,1,High
P0037,Assembly_M4,Overloaded,21,30,Yes,Evening,Ceramic_Hybrid,56,8,42,Packaging_Line,Grinding_M2,27,1,3,,High,Warm,1,High
P0304,Assembly_M4,Idle,16,28,No,Evening,Bearing_Stainless,55,9,16,Assembly_M4,Grinding_M2,26,0,0,,High,Warm,1,High
P0086,Lathe_M1,Maintenance,24,40,Yes,Night,Ceramic_Hybrid,34,7,11,Assembly_M4,Lathe_M1,21,1,2,2,High,Normal,1,High
P0213,Grinding_M2,Maintenance,7,7,Yes,Night,Ceramic_Hybrid,64,16,25,Packaging_Line,Polishing_M3,1,1,2,2,Medium,Warm,0,Low
P0018,Lathe_M1,Maintenance,12,19,No,Morning,Bearing_Stainless,31,16,29,Packaging_Line,Assembly_M4,3,0,2,0,Medium,Normal,0,Low
P0104,Lathe_M1,Idle,13,8,Yes,Morning,Bearing_Stainless,60,4,9,Polishing_M3,Lathe_M1,25,1,0,0,Medium,Warm,0,High
P0100,Lathe_M1,Idle,10,12,Yes,Morning,Bearing_Steel_Chrome,50,3,32,Grinding_M2,Lathe_M1,16,1,0,0,Medium,Warm,0,Medium
P0472,Lathe_M1,Overloaded,24,14,Yes,Evening,Bearing_Stainless,74,8,41,Assembly_M4,Polishing_M3,29,1,3,,High,Hot,1,High
P0176,Assembly_M4,Overloaded,6,25,No,Morning,Ceramic_Hybrid,52,7,37,Assembly_M4,Polishing_M3,29,0,3,0,Medium,Warm,0,High
P0079,Assembly_M4,Busy,10,5,No,Morning,Bearing_Stainless,77,16,37,Polishing_M3,Assembly_M4,3,0,1,0,Medium,Hot,0,Low
P0312,Assembly_M4,Overloaded,14,18,No,Evening,Ceramic_Hybrid,47,29,58,Polishing_M3,Polishing_M3,24,0,3,,Medium,Normal,0,High
P0038,Assembly_M4,Idle,7,40,No,Night,Bearing_Steel_Chrome,44,21,10,Polishing_M3,Polishing_M3,1,0,0,2,Medium,Normal,0,Low
P0179,Assembly_M4,Maintenance,17,42,No,Morning,Ceramic_Hybrid,54,15,47,Polishing_M3,Polishing_M3,17,0,2,0,High,Warm,1,Medium
P0364,Assembly_M4,Overloaded,8,32,Yes,Evening,Ceramic_Hybrid,78,8,50,Polishing_M3,Polishing_M3,28,1,3,,Medium,Hot,0,High
P0484,Assembly_M4,Busy,16,44,Yes,Night,Ceramic_Hybrid,84,17,48,Grinding_M2,Assembly_M4,12,1,1,2,High,Hot,1,Medium
P0067,Polishing_M3,Maintenance,4,9,No,Night,Bearing_Stainless,38,7,11,Packaging_Line,Grinding_M2,23,0,2,2,Low,Normal,0,High
P0304,Grinding_M2,Maintenance,20,21,No,Morning,Bearing_Stainless,83,10,35,Assembly_M4,Lathe_M1,22,0,2,0,High,Hot,1,High
P0249,Assembly_M4,Idle,12,13,No,Evening,Ceramic_Hybrid,83,17,40,Grinding_M2,Lathe_M1,2,0,0,,Medium,Hot,0,Low
P0417,Lathe_M1,Idle,12,17,No,Morning,Ceramic_Hybrid,43,13,40,Grinding_M2,Polishing_M3,10,0,0,0,Medium,Normal,0,Medium
P0439,Grinding_M2,Busy,15,32,Yes,Night,Ceramic_Hybrid,80,20,44,Packaging_Line,Grinding_M2,6,1,1,2,High,Hot,1,Low
P0052,Grinding_M2,Busy,3,34,No,Night,Bearing_Steel_Chrome,63,15,31,Grinding_M2,Polishing_M3,13,0,1,2,Low,Warm,0,Medium
P0461,Polishing_M3,Maintenance,20,41,Yes,Evening,Ceramic_Hybrid,33,4,46,Assembly_M4,Assembly_M4,15,1,2,,High,Normal,1,Medium
P0353,Grinding_M2,Idle,19,25,Yes,Morning,Bearing_Stainless,41,24,28,Assembly_M4,Assembly_M4,6,1,0,0,High,Normal,1,Low
P0209,Grinding_M2,Idle,24,39,Yes,Night,Bearing_Stainless,74,6,17,Grinding_M2,Grinding_M2,25,1,0,2,High,Hot,1,High
P0148,Grinding_M2,Idle,0,39,No,Morning,Bearing_Stainless,82,20,57,Polishing_M3,Lathe_M1,20,0,0,0,Low,Hot,0,High
P0489,Polishing_M3,Busy,21,16,Yes,Morning,Ceramic_Hybrid,64,9,51,Packaging_Line,Polishing_M3,11,1,1,0,High,Warm,1,Medium
P0161,Polishing_M3,Busy,19,37,No,Morning,Bearing_Steel_Chrome,53,17,18,Polishing_M3,Polishing_M3,7,0,1,0,High,Warm,1,Low
P0271,Polishing_M3,Idle,5,25,No,Morning,Bearing_Stainless,60,23,44,Assembly_M4,Polishing_M3,22,0,0,0,Medium,Warm,0,High
P0008,Grinding_M2,Idle,18,29,Yes,Night,Bearing_Steel_Chrome,27,5,49,Packaging_Line,Lathe_M1,21,1,0,2,High,Normal,1,High
P0072,Polishing_M3,Overloaded,1,15,Yes,Evening,Bearing_Steel_Chrome,72,11,51,Grinding_M2,Lathe_M1,27,1,3,,Low,Hot,0,High
P0465,Lathe_M1,Maintenance,9,6,No,Morning,Ceramic_Hybrid,30,15,6,Polishing_M3,Grinding_M2,10,0,2,0,Medium,Normal,0,Medium
P0347,Polishing_M3,Idle,16,44,Yes,Evening,Bearing_Stainless,82,17,18,Polishing_M3,Assembly_M4,10,1,0,,High,Hot,1,Medium
P0224,Polishing_M3,Overloaded,12,37,No,Evening,Bearing_Stainless,66,23,16,Grinding_M2,Assembly_M4,17,0,3,,Medium,Warm,0,Medium
P0066,Assembly_M4,Overloaded,23,18,No,Morning,Bearing_Stainless,29,20,9,Assembly_M4,Polishing_M3,15,0,3,0,High,Normal,1,Medium
P0286,Lathe_M1,Overloaded,12,37,No,Morning,Bearing_Steel_Chrome,84,15,8,Packaging_Line,Assembly_M4,25,0,3,0,Medium,Hot,0,High
P0220,Lathe_M1,Overloaded,8,21,Yes,Night,Bearing_Steel_Chrome,27,14,48,Polishing_M3,Polishing_M3,16,1,3,2,Medium,Normal,0,Medium
P0092,Assembly_M4,Busy,3,22,Yes,Morning,Bearing_Stainless,47,4,53,Grinding_M2,Lathe_M1,1,1,1,0,Low,Normal,0,Low
P0107,Polishing_M3,Idle,18,40,Yes,Night,Bearing_Steel_Chrome,41,8,38,Packaging_Line,Grinding_M2,12,1,0,2,High,Normal,1,Medium
P0242,Polishing_M3,Idle,4,44,No,Evening,Bearing_Stainless,79,28,44,Polishing_M3,Grinding_M2,13,0,0,,Low,Hot,0,Medium
P0361,Lathe_M1,Idle,13,36,Yes,Morning,Bearing_Stainless,35,7,20,Grinding_M2,Lathe_M1,23,1,0,0,Medium,Normal,0,High
P0076,Assembly_M4,Overloaded,24,26,Yes,Night,Ceramic_Hybrid,81,16,20,Assembly_M4,Polishing_M3,13,1,3,2,High,Hot,1,Medium
P0237,Lathe_M1,Overloaded,11,22,Yes,Morning,Ceramic_Hybrid,53,19,50,Grinding_M2,Assembly_M4,2,1,3,0,Medium,Warm,0,Low
P0482,Grinding_M2,Idle,21,6,Yes,Night,Bearing_Stainless,27,25,12,Assembly_M4,Lathe_M1,11,1,0,2,High,Normal,1,Medium
P0024,Lathe_M1,Overloaded,11,36,No,Morning,Bearing_Stainless,28,10,28,Assembly_M4,Grinding_M2,17,0,3,0,Medium,Normal,0,Medium
P0201,Polishing_M3,Overloaded,23,20,No,Morning,Bearing_Steel_Chrome,41,16,56,Packaging_Line,Lathe_M1,26,0,3,0,High,Normal,1,High
P0130,Grinding_M2,Idle,21,11,Yes,Night,Bearing_Steel_Chrome,34,5,28,Packaging_Line,Grinding_M2,24,1,0,2,High,Normal,1,High
P0085,Assembly_M4,Maintenance,13,18,Yes,Evening,Bearing_Steel_Chrome,38,26,50,Packaging_Line,Lathe_M1,22,1,2,,Medium,Normal,0,High
P0434,Assembly_M4,Overloaded,19,27,No,Morning,Bearing_Steel_Chrome,56,27,55,Polishing_M3,Grinding_M2,27,0,3,0,High,Warm,1,High
P0277,Polishing_M3,Idle,12,16,Yes,Morning,Bearing_Steel_Chrome,43,20,56,Grinding_M2,Lathe_M1,2,1,0,0,Medium,Normal,0,Low
P0341,Assembly_M4,Idle,20,39,Yes,Evening,Ceramic_Hybrid,66,6,16,Packaging_Line,Assembly_M4,29,1,0,,High,Warm,1,High
P0478,Assembly_M4,Overloaded,6,6,No,Evening,Bearing_Stainless,49,11,42,Packaging_Line,Lathe_M1,12,0,3,,Medium,Normal,0,Medium
P0246,Grinding_M2,Overloaded,5,31,No,Night,Bearing_Steel_Chrome,59,11,13,Polishing_M3,Polishing_M3,20,0,3,2,Medium,Warm,0,High
P0141,Assembly_M4,Idle,4,39,Yes,Morning,Ceramic_Hybrid,61,9,12,Assembly_M4,Assembly_M4,14,1,0,0,Low,Warm,0,Medium
P0182,Assembly_M4,Overloaded,23,35,Yes,Evening,Bearing_Stainless,73,12,20,Packaging_Line,Grinding_M2,28,1,3,,High,Hot,1,High
P0171,Lathe_M1,Maintenance,5,36,No,Evening,Bearing_Steel_Chrome,52,12,46,Assembly_M4,Lathe_M1,23,0,2,,Medium,Warm,0,High
P0419,Polishing_M3,Busy,8,32,No,Evening,Ceramic_Hybrid,48,28,32,Packaging_Line,Polishing_M3,24,0,1,,Medium,Normal,0,High
P0361,Polishing_M3,Maintenance,14,43,No,Evening,Bearing_Steel_Chrome,74,2,51,Grinding_M2,Grinding_M2,2,0,2,,Medium,Hot,0,Low
P0362,Grinding_M2,Maintenance,21,33,No,Morning,Bearing_Steel_Chrome,58,11,56,Packaging_Line,Polishing_M3,15,0,2,0,High,Warm,1,Medium
P0265,Polishing_M3,Idle,9,34,Yes,Morning,Ceramic_Hybrid,80,12,58,Polishing_M3,Grinding_M2,2,1,0,0,Medium,Hot,0,Low
P0498,Grinding_M2,Overloaded,20,17,Yes,Night,Bearing_Stainless,78,26,58,Assembly_M4,Polishing_M3,26,1,3,2,High,Hot,1,High
P0246,Polishing_M3,Idle,20,5,No,Night,Bearing_Steel_Chrome,82,6,57,Polishing_M3,Assembly_M4,22,0,0,2,High,Hot,1,High
P0204,Assembly_M4,Busy,6,17,No,Morning,Bearing_Stainless,69,21,27,Polishing_M3,Assembly_M4,21,0,1,0,Medium,Warm,0,High
P0158,Grinding_M2,Busy,5,24,Yes,Night,Bearing_Stainless,36,9,13,Grinding_M2,Lathe_M1,18,1,1,2,Medium,Normal,0,Medium
P0113,Assembly_M4,Idle,10,36,Yes,Night,Ceramic_Hybrid,35,25,19,Polishing_M3,Lathe_M1,9,1,0,2,Medium,Normal,0,Low
P0009,Grinding_M2,Overloaded,2,21,Yes,Evening,Ceramic_Hybrid,49,18,39,Polishing_M3,Grinding_M2,19,1,3,,Low,Normal,0,Medium
P0086,Polishing_M3,Busy,8,35,Yes,Night,Ceramic_Hybrid,41,24,54,Assembly_M4,Assembly_M4,23,1,1,2,Medium,Normal,0,High
P0460,Grinding_M2,Overloaded,14,5,Yes,Evening,Bearing_Stainless,82,11,12,Assembly_M4,Grinding_M2,10,1,3,,Medium,Hot,0,Medium
P0309,Lathe_M1,Maintenance,1,23,Yes,Night,Ceramic_Hybrid,38,9,55,Assembly_M4,Assembly_M4,1,1,2,2,Low,Normal,0,Low
P0207,Assembly_M4,Busy,15,29,Yes,Evening,Ceramic_Hybrid,48,16,24,Polishing_M3,Polishing_M3,24,1,1,,High,Normal,1,High
P0156,Assembly_M4,Maintenance,4,7,No,Evening,Ceramic_Hybrid,56,18,46,Assembly_M4,Grinding_M2,5,0,2,,Low,Warm,0,Low
P0221,Lathe_M1,Overloaded,10,42,Yes,Night,Bearing_Stainless,28,8,23,Polishing_M3,Polishing_M3,7,1,3,2,Medium,Normal,0,Low
P0464,Lathe_M1,Overloaded,13,27,No,Night,Bearing_Steel_Chrome,41,14,31,Assembly_M4,Assembly_M4,1,0,3,2,Medium,Normal,0,Low
P0085,Assembly_M4,Idle,1,22,No,Evening,Ceramic_Hybrid,60,14,37,Polishing_M3,Grinding_M2,4,0,0,,Low,Warm,0,Low
P0414,Grinding_M2,Overloaded,1,8,No,Night,Bearing_Steel_Chrome,40,5,13,Packaging_Line,Grinding_M2,17,0,3,2,Low,Normal,0,Medium
P0324,Polishing_M3,Maintenance,20,27,Yes,Evening,Bearing_Steel_Chrome,76,29,57,Assembly_M4,Assembly_M4,2,1,2,,High,Hot,1,Low
P0091,Grinding_M2,Idle,2,27,No,Night,Bearing_Stainless,50,16,11,Packaging_Line,Assembly_M4,4,0,0,2,Low,Warm,0,Low
P0204,Lathe_M1,Busy,11,37,No,Morning,Bearing_Stainless,73,5,8,Packaging_Line,Lathe_M1,22,0,1,0,Medium,Hot,0,High
P0280,Lathe_M1,Maintenance,22,29,No,Morning,Ceramic_Hybrid,65,27,32,Packaging_Line,Assembly_M4,28,0,2,0,High,Warm,1,High
P0483,Grinding_M2,Overloaded,20,14,No,Night,Bearing_Stainless,51,20,55,Grinding_M2,Grinding_M2,15,0,3,2,High,Warm,1,Medium
P0349,Polishing_M3,Busy,21,21,No,Night,Ceramic_Hybrid,63,4,9,Assembly_M4,Assembly_M4,16,0,1,2,High,Warm,1,Medium
P0410,Lathe_M1,Idle,22,43,No,Evening,Bearing_Steel_Chrome,72,10,37,Polishing_M3,Grinding_M2,3,0,0,,High,Hot,1,Low
P0445,Lathe_M1,Idle,24,44,Yes,Morning,Bearing_Stainless,74,25,28,Polishing_M3,Polishing_M3,18,1,0,0,High,Hot,1,Medium
P0241,Assembly_M4,Busy,23,23,Yes,Night,Bearing_Steel_Chrome,63,26,56,Packaging_Line,Assembly_M4,27,1,1,2,High,Warm,1,High
P0309,Grinding_M2,Busy,5,29,Yes,Night,Bearing_Steel_Chrome,51,12,9,Polishing_M3,Lathe_M1,12,1,1,2,Medium,Warm,0,Medium
P0040,Assembly_M4,Idle,0,23,Yes,Night,Bearing_Stainless,67,16,20,Polishing_M3,Lathe_M1,3,1,0,2,Low,Warm,0,Low
P0004,Grinding_M2,Idle,10,15,Yes,Evening,Bearing_Steel_Chrome,34,3,56,Polishing_M3,Lathe_M1,5,1,0,,Medium,Normal,0,Low
P0476,Grinding_M2,Idle,22,29,No,Night,Ceramic_Hybrid,53,9,17,Polishing_M3,Lathe_M1,15,0,0,2,High,Warm,1,Medium
P0150,Lathe_M1,Idle,1,16,Yes,Morning,Bearing_Stainless,48,9,25,Grinding_M2,Grinding_M2,29,1,0,0,Low,Normal,0,High
P0126,Lathe_M1,Maintenance,18,27,No,Morning,Bearing_Steel_Chrome,57,9,46,Grinding_M2,Grinding_M2,13,0,2,0,High,Warm,1,Medium
P0319,Polishing_M3,Busy,4,14,Yes,Morning,Ceramic_Hybrid,38,25,15,Packaging_Line,Assembly_M4,14,1,1,0,Low,Normal,0,Medium
P0326,Polishing_M3,Maintenance,2,33,Yes,Morning,Ceramic_Hybrid,77,17,56,Grinding_M2,Lathe_M1,17,1,2,0,Low,Hot,0,Medium
P0336,Lathe_M1,Maintenance,4,11,No,Evening,Bearing_Steel_Chrome,41,21,58,Polishing_M3,Polishing_M3,11,0,2,,Low,Normal,0,Medium
P0436,Polishing_M3,Idle,11,29,No,Morning,Ceramic_Hybrid,83,25,6,Packaging_Line,Lathe_M1,27,0,0,0,Medium,Hot,0,High
P0191,Lathe_M1,Overloaded,18,33,No,Night,Bearing_Stainless,61,12,59,Assembly_M4,Assembly_M4,19,0,3,2,High,Warm,1,Medium
P0317,Lathe_M1,Busy,6,25,No,Night,Bearing_Steel_Chrome,50,23,10,Packaging_Line,Lathe_M1,11,0,1,2,Medium,Warm,0,Medium
P0069,Assembly_M4,Idle,13,40,Yes,Morning,Bearing_Stainless,84,9,45,Grinding_M2,Lathe_M1,2,1,0,0,Medium,Hot,0,Low
P0320,Grinding_M2,Busy,24,24,Yes,Evening,Ceramic_Hybrid,46,8,8,Grinding_M2,Grinding_M2,24,1,1,,High,Normal,1,High
P0429,Grinding_M2,Idle,13,28,Yes,Evening,Ceramic_Hybrid,25,25,34,Grinding_M2,Lathe_M1,12,1,0,,Medium,Normal,0,Medium
P0192,Grinding_M2,Idle,18,41,No,Night,Bearing_Steel_Chrome,82,9,47,Polishing_M3,Grinding_M2,22,0,0,2,High,Hot,1,High
P0350,Polishing_M3,Idle,3,19,No,Evening,Bearing_Steel_Chrome,44,13,24,Assembly_M4,Grinding_M2,22,0,0,,Low,Normal,0,High
P0336,Lathe_M1,Idle,22,25,Yes,Morning,Bearing_Steel_Chrome,34,25,52,Grinding_M2,Assembly_M4,23,1,0,0,High,Normal,1,High
P0240,Polishing_M3,Overloaded,7,44,Yes,Night,Ceramic_Hybrid,62,4,33,Polishing_M3,Grinding_M2,8,1,3,2,Medium,Warm,0,Low
P0456,Assembly_M4,Maintenance,22,14,Yes,Morning,Ceramic_Hybrid,29,12,8,Grinding_M2,Assembly_M4,17,1,2,0,High,Normal,1,Medium
P0229,Lathe_M1,Busy,2,44,No,Evening,Ceramic_Hybrid,80,13,25,Packaging_Line,Grinding_M2,16,0,1,,Low,Hot,0,Medium
P0488,Lathe_M1,Idle,13,25,No,Morning,Bearing_Stainless,72,28,40,Polishing_M3,Assembly_M4,1,0,0,0,Medium,Hot,0,Low
P0448,Polishing_M3,Idle,0,26,No,Evening,Bearing_Steel_Chrome,39,21,24,Grinding_M2,Grinding_M2,3,0,0,,Low,Normal,0,Low
P0088,Lathe_M1,Overloaded,13,13,Yes,Evening,Ceramic_Hybrid,43,9,38,Assembly_M4,Grinding_M2,4,1,3,,Medium,Normal,0,Low
P0329,Lathe_M1,Overloaded,0,41,Yes,Evening,Bearing_Steel_Chrome,26,28,49,Grinding_M2,Polishing_M3,17,1,3,,Low,Normal,0,Medium
P0400,Lathe_M1,Busy,16,35,No,Morning,Bearing_Stainless,65,7,56,Assembly_M4,Polishing_M3,3,0,1,0,High,Warm,1,Low
P0002,Polishing_M3,Overloaded,7,7,Yes,Night,Bearing_Stainless,57,21,17,Packaging_Line,Assembly_M4,21,1,3,2,Medium,Warm,0,High
P0229,Lathe_M1,Idle,4,20,No,Night,Bearing_Stainless,45,25,52,Packaging_Line,Assembly_M4,24,0,0,2,Low,Normal,0,High
P0313,Assembly_M4,Busy,11,17,Yes,Night,Ceramic_Hybrid,28,10,52,Polishing_M3,Lathe_M1,1,1,1,2,Medium,Normal,0,Low
P0334,Assembly_M4,Maintenance,4,41,No,Night,Bearing_Stainless,48,26,55,Grinding_M2,Polishing_M3,9,0,2,2,Low,Normal,0,Low
P0479,Grinding_M2,Overloaded,7,40,No,Night,Bearing_Steel_Chrome,39,14,22,Grinding_M2,Assembly_M4,20,0,3,2,Medium,Normal,0,High
P0463,Grinding_M2,Maintenance,4,22,Yes,Evening,Ceramic_Hybrid,84,9,5,Packaging_Line,Grinding_M2,19,1,2,,Low,Hot,0,Medium
P0477,Grinding_M2,Idle,22,30,Yes,Morning,Ceramic_Hybrid,73,28,38,Polishing_M3,Grinding_M2,19,1,0,0,High,Hot,1,Medium
P0006,Polishing_M3,Busy,15,22,Yes,Morning,Bearing_Steel_Chrome,26,29,31,Polishing_M3,Polishing_M3,6,1,1,0,High,Normal,1,Low
P0015,Assembly_M4,Idle,6,10,No,Night,Bearing_Steel_Chrome,83,7,35,Grinding_M2,Lathe_M1,9,0,0,2,Medium,Hot,0,Low
P0187,Lathe_M1,Idle,7,34,No,Morning,Bearing_Stainless,80,23,25,Assembly_M4,Lathe_M1,9,0,0,0,Medium,Hot,0,Low
P0034,Assembly_M4,Overloaded,11,22,No,Morning,Ceramic_Hybrid,47,7,27,Grinding_M2,Assembly_M4,28,0,3,0,Medium,Normal,0,High
P0026,Assembly_M4,Overloaded,3,29,No,Evening,Ceramic_Hybrid,31,19,24,Packaging_Line,Assembly_M4,5,0,3,,Low,Normal,0,Low
P0488,Grinding_M2,Busy,17,44,Yes,Evening,Bearing_Steel_Chrome,57,16,39,Packaging_Line,Lathe_M1,15,1,1,,High,Warm,1,Medium
P0158,Polishing_M3,Busy,13,5,Yes,Night,Ceramic_Hybrid,45,9,11,Grinding_M2,Lathe_M1,9,1,1,2,Medium,Normal,0,Low
P0468,Lathe_M1,Busy,17,44,No,Evening,Ceramic_Hybrid,64,7,39,Packaging_Line,Assembly_M4,2,0,1,,High,Warm,1,Low
P0408,Assembly_M4,Maintenance,13,12,No,Evening,Bearing_Steel_Chrome,62,5,41,Assembly_M4,Grinding_M2,21,0,2,,Medium,Warm,0,High
P0138,Assembly_M4,Busy,12,13,Yes,Evening,Bearing_Steel_Chrome,69,10,28,Polishing_M3,Lathe_M1,16,1,1,,Medium,Warm,0,Medium
P0231,Assembly_M4,Overloaded,11,6,No,Morning,Bearing_Stainless,43,17,28,Packaging_Line,Lathe_M1,13,0,3,0,Medium,Normal,0,Medium
P0067,Grinding_M2,Idle,4,27,Yes,Evening,Ceramic_Hybrid,80,7,35,Assembly_M4,Grinding_M2,21,1,0,,Low,Hot,0,High
P0157,Assembly_M4,Idle,23,21,No,Evening,Ceramic_Hybrid,73,18,7,Polishing_M3,Polishing_M3,26,0,0,,High,Hot,1,High
P0442,Grinding_M2,Idle,12,42,Yes,Night,Bearing_Stainless,46,22,33,Polishing_M3,Polishing_M3,13,1,0,2,Medium,Normal,0,Medium
P0269,Assembly_M4,Idle,13,43,No,Night,Ceramic_Hybrid,29,15,22,Packaging_Line,Grinding_M2,4,0,0,2,Medium,Normal,0,Low
P0235,Grinding_M2,Idle,0,43,Yes,Night,Ceramic_Hybrid,44,14,40,Assembly_M4,Assembly_M4,13,1,0,2,Low,Normal,0,Medium
P0457,Lathe_M1,Idle,3,39,No,Morning,Ceramic_Hybrid,32,21,44,Polishing_M3,Assembly_M4,25,0,0,0,Low,Normal,0,High
P0341,Assembly_M4,Idle,16,40,No,Evening,Bearing_Stainless,30,25,26,Assembly_M4,Polishing_M3,28,0,0,,High,Normal,1,High
P0070,Assembly_M4,Idle,5,40,Yes,Evening,Ceramic_Hybrid,33,17,43,Packaging_Line,Polishing_M3,14,1,0,,Medium,Normal,0,Medium
P0068,Grinding_M2,Busy,5,37,No,Night,Bearing_Stainless,42,13,58,Packaging_Line,Grinding_M2,27,0,1,2,Medium,Normal,0,High
P0404,Grinding_M2,Maintenance,14,5,Yes,Evening,Bearing_Steel_Chrome,39,16,31,Polishing_M3,Polishing_M3,16,1,2,,Medium,Normal,0,Medium
P0459,Lathe_M1,Maintenance,20,5,Yes,Morning,Bearing_Steel_Chrome,53,4,16,Packaging_Line,Assembly_M4,28,1,2,0,High,Warm,1,High
P0100,Grinding_M2,Overloaded,6,41,Yes,Morning,Bearing_Stainless,55,29,35,Polishing_M3,Lathe_M1,26,1,3,0,Medium,Warm,0,High
P0192,Assembly_M4,Idle,0,37,No,Night,Bearing_Stainless,71,9,15,Polishing_M3,Assembly_M4,14,0,0,2,Low,Hot,0,Medium
P0109,Assembly_M4,Idle,24,17,No,Morning,Bearing_Steel_Chrome,75,13,58,Polishing_M3,Polishing_M3,19,0,0,0,High,Hot,1,Medium
P0236,Lathe_M1,Overloaded,3,32,No,Evening,Bearing_Stainless,28,4,42,Assembly_M4,Lathe_M1,5,0,3,,Low,Normal,0,Low
P0379,Polishing_M3,Idle,10,29,No,Evening,Bearing_Steel_Chrome,65,4,33,Grinding_M2,Lathe_M1,9,0,0,,Medium,Warm,0,Low
P0054,Assembly_M4,Overloaded,11,39,No,Night,Bearing_Stainless,44,18,57,Assembly_M4,Polishing_M3,12,0,3,2,Medium,Normal,0,Medium
P0245,Polishing_M3,Idle,24,40,Yes,Night,Ceramic_Hybrid,34,19,34,Assembly_M4,Grinding_M2,8,1,0,2,High,Normal,1,Low
P0439,Polishing_M3,Maintenance,8,17,Yes,Night,Bearing_Steel_Chrome,55,26,10,Assembly_M4,Lathe_M1,22,1,2,2,Medium,Warm,0,High
P0083,Lathe_M1,Busy,6,25,No,Evening,Bearing_Stainless,62,12,53,Polishing_M3,Polishing_M3,19,0,1,,Medium,Warm,0,Medium
P0339,Assembly_M4,Overloaded,24,25,Yes,Night,Ceramic_Hybrid,45,25,31,Packaging_Line,Grinding_M2,27,1,3,2,High,Normal,1,High
P0130,Assembly_M4,Idle,12,33,No,Morning,Ceramic_Hybrid,63,26,59,Packaging_Line,Polishing_M3,28,0,0,0,Medium,Warm,0,High
P0392,Lathe_M1,Overloaded,4,33,Yes,Morning,Bearing_Steel_Chrome,72,23,40,Packaging_Line,Polishing_M3,28,1,3,0,Low,Hot,0,High
P0415,Lathe_M1,Overloaded,22,37,No,Night,Bearing_Steel_Chrome,28,4,36,Polishing_M3,Polishing_M3,4,0,3,2,High,Normal,1,Low
P0246,Grinding_M2,Idle,0,16,Yes,Evening,Bearing_Stainless,37,3,33,Polishing_M3,Polishing_M3,9,1,0,,Low,Normal,0,Low
P0167,Grinding_M2,Busy,6,17,Yes,Night,Ceramic_Hybrid,78,3,37,Grinding_M2,Grinding_M2,18,1,1,2,Medium,Hot,0,Medium
P0129,Assembly_M4,Overloaded,6,22,Yes,Night,Bearing_Stainless,75,9,59,Packaging_Line,Grinding_M2,12,1,3,2,Medium,Hot,0,Medium
P0158,Grinding_M2,Busy,10,34,Yes,Evening,Ceramic_Hybrid,83,10,32,Packaging_Line,Lathe_M1,4,1,1,,Medium,Hot,0,Low
P0218,Assembly_M4,Maintenance,6,21,Yes,Night,Bearing_Steel_Chrome,35,28,6,Packaging_Line,Assembly_M4,23,1,2,2,Medium,Normal,0,High
P0125,Assembly_M4,Overloaded,17,26,Yes,Morning,Bearing_Steel_Chrome,50,13,36,Packaging_Line,Lathe_M1,9,1,3,0,High,Warm,1,Low
P0198,Polishing_M3,Busy,10,9,No,Morning,Bearing_Stainless,50,8,33,Packaging_Line,Lathe_M1,1,0,1,0,Medium,Warm,0,Low
P0180,Lathe_M1,Busy,23,29,Yes,Morning,Bearing_Stainless,55,6,42,Grinding_M2,Grinding_M2,13,1,1,0,High,Warm,1,Medium
P0373,Grinding_M2,Busy,10,36,No,Morning,Bearing_Steel_Chrome,32,21,38,Assembly_M4,Lathe_M1,15,0,1,0,Medium,Normal,0,Medium
P0096,Assembly_M4,Idle,9,12,No,Night,Bearing_Steel_Chrome,26,22,19,Polishing_M3,Lathe_M1,29,0,0,2,Medium,Normal,0,High
P0474,Grinding_M2,Busy,5,9,No,Morning,Bearing_Stainless,78,23,7,Assembly_M4,Grinding_M2,11,0,1,0,Medium,Hot,0,Medium
P0191,Lathe_M1,Maintenance,10,20,No,Evening,Ceramic_Hybrid,59,10,39,Packaging_Line,Polishing_M3,19,0,2,,Medium,Warm,0,Medium
P0084,Lathe_M1,Busy,10,38,Yes,Evening,Bearing_Steel_Chrome,63,11,14,Assembly_M4,Polishing_M3,20,1,1,,Medium,Warm,0,High
P0070,Polishing_M3,Maintenance,0,10,Yes,Night,Bearing_Stainless,77,15,6,Polishing_M3,Assembly_M4,6,1,2,2,Low,Hot,0,Low
P0087,Grinding_M2,Maintenance,0,7,Yes,Night,Bearing_Stainless,60,14,39,Assembly_M4,Grinding_M2,15,1,2,2,Low,Warm,0,Medium
P0266,Polishing_M3,Overloaded,12,26,No,Evening,Ceramic_Hybrid,67,5,21,Packaging_Line,Assembly_M4,5,0,3,,Medium,Warm,0,Low
